ASV_1 [ASV],ASV_2 [ASV],ASV_3 [ASV],ASV_4 [ASV],ASV_5 [ASV],ASV_6 [ASV],ASV_7 [ASV],ASV_8 [ASV],ASV_9 [ASV],ASV_10 [ASV],ASV_11 [ASV],ASV_12 [ASV],ASV_13 [ASV],ASV_14 [ASV],ASV_15 [ASV],ASV_16 [ASV],ASV_17 [ASV],ASV_18 [ASV],ASV_19 [ASV],ASV_20 [ASV],ASV_21 [ASV],ASV_22 [ASV],ASV_23 [ASV],ASV_24 [ASV],ASV_25 [ASV],ASV_26 [ASV],ASV_27 [ASV],ASV_28 [ASV],ASV_29 [ASV],ASV_30 [ASV],ASV_31 [ASV],ASV_32 [ASV],ASV_33 [ASV],ASV_34 [ASV],ASV_35 [ASV],ASV_36 [ASV],ASV_37 [ASV],ASV_38 [ASV],ASV_39 [ASV],ASV_40 [ASV],ASV_41 [ASV],ASV_42 [ASV],ASV_43 [ASV],ASV_44 [ASV],ASV_45 [ASV],ASV_46 [ASV],ASV_47 [ASV],ASV_48 [ASV],ASV_49 [ASV],ASV_50 [ASV],ASV_51 [ASV],ASV_52 [ASV],ASV_53 [ASV],ASV_54 [ASV],ASV_55 [ASV],ASV_56 [ASV],ASV_57 [ASV],ASV_58 [ASV],ASV_59 [ASV],ASV_60 [ASV],ASV_61 [ASV],ASV_62 [ASV],ASV_63 [ASV],ASV_64 [ASV],ASV_65 [ASV],ASV_66 [ASV],ASV_67 [ASV],ASV_68 [ASV],ASV_69 [ASV],ASV_70 [ASV],ASV_71 [ASV],ASV_72 [ASV],ASV_73 [ASV],ASV_74 [ASV],ASV_75 [ASV],ASV_76 [ASV],ASV_77 [ASV],ASV_78 [ASV],ASV_79 [ASV],ASV_80 [ASV],ASV_81 [ASV],ASV_82 [ASV],ASV_83 [ASV],ASV_84 [ASV],ASV_85 [ASV],ASV_86 [ASV],ASV_87 [ASV],ASV_88 [ASV],ASV_89 [ASV],ASV_90 [ASV],ASV_91 [ASV],ASV_92 [ASV],ASV_93 [ASV],ASV_94 [ASV],ASV_95 [ASV],ASV_96 [ASV],ASV_97 [ASV],ASV_98 [ASV],ASV_99 [ASV],ASV_100 [ASV],ASV_101 [ASV],ASV_102 [ASV],ASV_103 [ASV],ASV_104 [ASV],ASV_105 [ASV],ASV_106 [ASV],ASV_107 [ASV],ASV_108 [ASV],ASV_109 [ASV],ASV_110 [ASV],ASV_111 [ASV],ASV_112 [ASV],ASV_113 [ASV],ASV_114 [ASV],ASV_115 [ASV],ASV_116 [ASV],ASV_117 [ASV],ASV_118 [ASV],ASV_119 [ASV],ASV_120 [ASV],ASV_121 [ASV],ASV_122 [ASV],ASV_123 [ASV],ASV_124 [ASV],ASV_125 [ASV],ASV_126 [ASV],ASV_127 [ASV],ASV_128 [ASV],ASV_129 [ASV],ASV_130 [ASV],ASV_131 [ASV],ASV_132 [ASV],ASV_133 [ASV],ASV_134 [ASV],ASV_135 [ASV],ASV_136 [ASV],ASV_137 [ASV],ASV_138 [ASV],ASV_139 [ASV],ASV_140 [ASV],ASV_141 [ASV],ASV_142 [ASV],ASV_143 [ASV],ASV_144 [ASV],ASV_145 [ASV],ASV_146 [ASV],ASV_147 [ASV],ASV_148 [ASV],ASV_149 [ASV],ASV_150 [ASV],ASV_151 [ASV],ASV_152 [ASV],ASV_153 [ASV],ASV_154 [ASV],ASV_155 [ASV],ASV_156 [ASV],ASV_157 [ASV],ASV_158 [ASV],ASV_159 [ASV],ASV_160 [ASV],ASV_161 [ASV],ASV_162 [ASV],ASV_163 [ASV],ASV_164 [ASV],ASV_165 [ASV],ASV_166 [ASV],ASV_167 [ASV],ASV_168 [ASV],ASV_169 [ASV],ASV_170 [ASV],ASV_171 [ASV],ASV_172 [ASV],ASV_173 [ASV],ASV_174 [ASV],ASV_175 [ASV],ASV_176 [ASV],ASV_177 [ASV],ASV_178 [ASV],ASV_179 [ASV],ASV_180 [ASV],ASV_181 [ASV],ASV_182 [ASV],ASV_183 [ASV],ASV_184 [ASV],ASV_185 [ASV],ASV_186 [ASV],ASV_187 [ASV],ASV_188 [ASV],ASV_189 [ASV],ASV_190 [ASV],ASV_191 [ASV],ASV_192 [ASV],ASV_193 [ASV],ASV_194 [ASV],ASV_195 [ASV],ASV_196 [ASV],ASV_197 [ASV],ASV_198 [ASV],ASV_199 [ASV],ASV_200 [ASV],ASV_201 [ASV],ASV_202 [ASV],ASV_203 [ASV],ASV_204 [ASV],ASV_205 [ASV],ASV_206 [ASV],ASV_207 [ASV],ASV_208 [ASV],ASV_209 [ASV],ASV_210 [ASV],ASV_211 [ASV],ASV_212 [ASV],ASV_213 [ASV],ASV_214 [ASV],ASV_215 [ASV],ASV_216 [ASV],ASV_217 [ASV],ASV_218 [ASV],ASV_219 [ASV],ASV_220 [ASV],ASV_221 [ASV],ASV_222 [ASV],ASV_223 [ASV],ASV_224 [ASV],ASV_225 [ASV],ASV_226 [ASV],ASV_227 [ASV],ASV_228 [ASV],ASV_229 [ASV],ASV_230 [ASV],ASV_231 [ASV],ASV_232 [ASV],ASV_233 [ASV],ASV_234 [ASV],ASV_235 [ASV],ASV_236 [ASV],ASV_237 [ASV],ASV_238 [ASV],ASV_239 [ASV],ASV_240 [ASV],ASV_241 [ASV],ASV_242 [ASV],ASV_243 [ASV],ASV_244 [ASV],ASV_245 [ASV],ASV_246 [ASV],ASV_247 [ASV],ASV_248 [ASV],ASV_249 [ASV],ASV_250 [ASV],ASV_251 [ASV],ASV_252 [ASV],ASV_253 [ASV],ASV_254 [ASV],ASV_255 [ASV],ASV_256 [ASV],ASV_257 [ASV],ASV_258 [ASV],ASV_259 [ASV],ASV_260 [ASV],ASV_261 [ASV],ASV_262 [ASV],ASV_263 [ASV],ASV_264 [ASV],ASV_265 [ASV],ASV_266 [ASV],ASV_267 [ASV],ASV_268 [ASV],ASV_269 [ASV],ASV_270 [ASV],ASV_271 [ASV],ASV_272 [ASV],ASV_273 [ASV],ASV_274 [ASV],ASV_275 [ASV],ASV_276 [ASV],ASV_277 [ASV],ASV_278 [ASV],ASV_279 [ASV],ASV_280 [ASV],ASV_281 [ASV],ASV_282 [ASV],ASV_283 [ASV],ASV_284 [ASV],ASV_285 [ASV],ASV_286 [ASV],ASV_287 [ASV],ASV_288 [ASV],ASV_289 [ASV],ASV_290 [ASV],ASV_291 [ASV],ASV_292 [ASV],ASV_293 [ASV],ASV_294 [ASV],ASV_295 [ASV],ASV_296 [ASV],ASV_297 [ASV],ASV_298 [ASV],ASV_299 [ASV],ASV_300 [ASV],ASV_301 [ASV],ASV_302 [ASV],ASV_303 [ASV],ASV_304 [ASV],ASV_305 [ASV],ASV_306 [ASV],ASV_307 [ASV],ASV_308 [ASV],ASV_309 [ASV],ASV_310 [ASV],ASV_311 [ASV],ASV_312 [ASV],ASV_313 [ASV],ASV_314 [ASV],ASV_315 [ASV],ASV_316 [ASV],ASV_317 [ASV],ASV_318 [ASV],ASV_319 [ASV],ASV_320 [ASV],ASV_321 [ASV],ASV_322 [ASV],ASV_323 [ASV],ASV_324 [ASV],ASV_325 [ASV],ASV_326 [ASV],ASV_327 [ASV],ASV_328 [ASV],ASV_329 [ASV],ASV_330 [ASV],ASV_331 [ASV],ASV_332 [ASV],ASV_333 [ASV],ASV_334 [ASV],ASV_335 [ASV],ASV_336 [ASV],ASV_337 [ASV],ASV_338 [ASV],ASV_339 [ASV],ASV_340 [ASV],ASV_341 [ASV],ASV_342 [ASV],ASV_343 [ASV],ASV_344 [ASV],ASV_345 [ASV],ASV_346 [ASV],ASV_347 [ASV],ASV_348 [ASV],ASV_349 [ASV],ASV_350 [ASV],ASV_351 [ASV],ASV_352 [ASV],ASV_353 [ASV],ASV_354 [ASV],ASV_355 [ASV],ASV_356 [ASV],ASV_357 [ASV],ASV_358 [ASV],ASV_359 [ASV],ASV_360 [ASV],ASV_361 [ASV],ASV_362 [ASV],ASV_363 [ASV],ASV_364 [ASV],ASV_365 [ASV],ASV_366 [ASV],ASV_367 [ASV],ASV_368 [ASV],ASV_369 [ASV],ASV_370 [ASV],ASV_371 [ASV],ASV_372 [ASV],ASV_373 [ASV],ASV_374 [ASV],ASV_375 [ASV],ASV_376 [ASV],ASV_377 [ASV],ASV_378 [ASV],ASV_379 [ASV],ASV_380 [ASV],ASV_381 [ASV],ASV_382 [ASV],ASV_383 [ASV],ASV_384 [ASV],ASV_385 [ASV],ASV_386 [ASV],ASV_387 [ASV],ASV_388 [ASV],ASV_389 [ASV],ASV_390 [ASV],ASV_391 [ASV],ASV_392 [ASV],ASV_393 [ASV],ASV_394 [ASV],ASV_395 [ASV],ASV_396 [ASV],ASV_397 [ASV],ASV_398 [ASV],ASV_399 [ASV],ASV_400 [ASV],ASV_401 [ASV],ASV_402 [ASV]
5.167573367,5.535074833,3.622764682,3.431422974,4.182963391,4.479348738,0,4.425955274,5.048083505,2.682376399,4.315231359,4.83284127,0,0,2.079139989,2.587414591,4.112137338,3.286292446,3.861299384,4.184516186,2.447844201,3.327342986,5.222907831,3.293882615,4.849736281,0,2.991601743,1.100431627,3.980391554,3.578251075,3.869837323,4.274948135,2.788085286,3.76695337,0,5.050697032,3.450999456,0,1.133768047,1.913243311,3.592375604,3.4921445,0,3.540565456,2.74320596,3.098240214,2.854776661,2.895011973,2.617605563,3.270937058,0.241770008,3.592375604,2.507691117,2.848894291,0,3.652257437,2.326199091,2.275167611,2.210279989,2.986473527,0,1.985738814,1.913243311,2.781795957,3.293882615,2.393532211,0,3.046341776,0,0,2.682376399,2.079139989,1.597605162,2.091798385,3.070266362,2.091798385,2.210279989,2.548347122,1.750282002,1.100431627,1.511530553,1.441734791,2.104298548,0,0,1.441734791,3.552313022,2.465311894,1.576771075,3.30516093,3.312609754,3.060765103,3.728533278,0,1.999627926,0,0,1.767826312,1.985738814,0,2.499357735,0,3.098240214,3.330992625,0.318731049,1.340382297,2.689320871,0,2.548347122,0,2.762687095,2.326199091,0,1.488802302,0,0,0,2.221391215,1.618014033,1.676854533,2.438994585,2.736626989,2.625013004,1.197281453,2.01332677,1.999627926,2.176185778,4.840922122,2.632365978,0,2.116644384,2.221391215,1.53375369,0,1.257000688,0.993186097,0.456881388,1.488802302,1.882706588,0,0,0,1.030227368,2.917297018,1.802017676,1.133768047,0,0.390190013,1.030227368,1.417343338,0.578242245,1.835078539,1.6380147,1.913243311,1.971654074,2.482479697,0,2.465311894,1.576771075,2.128839657,2.053332105,0.456881388,0,1.818684729,0.73646625,1.898091506,0,1.257000688,0,2.438994585,3.39450603,0,0,0,0.784094299,2.116644384,2.210279989,0,4.980421585,0,2.326199091,0,0,0,1.417343338,2.091798385,1.732424385,0,0.390190013,0.390190013,1.030227368,0,2.232380336,0,1.366699605,2.04017402,2.411965913,0,0,1.417343338,0,1.366699605,0,0,1.16602891,0,0.390190013,4.628286548,0.067416621,0,2.01332677,1.714242065,1.030227368,1.511530553,2.490954324,1.030227368,1.417343338,1.197281453,0,1.576771075,0,4.41738729,0,0.067416621,1.86708127,1.928168962,0,2.374752317,1.750282002,0,0,1.835078539,2.295893742,0,0,1.53375369,1.597605162,1.555493676,0,1.227586803,0,0,0.784094299,1.657623171,0,1.441734791,0,0.829556673,1.767826312,0,0.829556673,0,2.326199091,3.151944393,0,0,0,0.067416621,0,0,1.714242065,1.6380147,0,0,1.197281453,0,0,0.519401745,0,0,2.355612977,0,0,0,0,0,0,0,0.390190013,0,0,0.241770008,0,0.578242245,0.633812096,0,2.571970268,1.657623171,0.686455829,0,0.954719816,4.032303116,1.065945451,0,0,0,1.882706588,0,0,0.73646625,0,1.971654074,0,0,0,0,0,0,0,0,1.441734791,0,0.456881388,0.784094299,0.456881388,0,0,0,0,0,0.241770008,0,0.456881388,0,1.417343338,0,0,0,0,0,1.16602891,0,0,1.618014033,0,0.390190013,0,0,0,0,0,0.993186097,0,0,0,0,0.578242245,0,1.227586803,3.428122641,0.993186097,0,0,0,0,0,0,0,1.851207921,0,1.340382297,0,0,0,3.363253487,0,0,0,0.390190013,0,0,0,0,0.829556673,1.313353624,0,0,0,0,0,0,0,0,0,0,1.065945451,1.441734791,0,0,0,0.73646625,0,0,1.441734791,0,0,0,2.421056885,0,0,0,0
5.678619739,5.15557024,1.296804991,3.799906685,4.639247471,3.856525579,0,4.492360143,4.500653211,5.247722711,4.036003428,4.586344607,0,0,4.54507505,3.102589936,4.49789649,2.744720486,2.798997373,4.535815724,0,3.816413249,5.3592915,3.435873648,1.892096382,2.776095609,3.009227718,2.236547384,4.326693021,4.831604384,3.382582351,3.080053771,2.813978927,3.203203828,0,3.027410037,2.124542326,0,2.661685258,2.712328991,1.99839104,0,5.431293352,3.455637137,2.906242904,3.386784038,0,2.481957736,2.959060459,3.934650934,0.774615609,2.450376164,2.635367949,2.288171749,4.011611975,3.884951265,2.589905575,1.563072969,3.459543392,1.563072969,3.140845967,2.249705469,1.707903917,3.386784038,0,2.124542326,0,2.522572455,0,1.685175666,2.182112178,2.98445865,2.262692664,0,3.252353769,2.695731099,3.290005275,2.744720486,2.4287537,3.308312423,0.882829193,0.980467663,2.063454634,0,0,0,0,2.325213021,2.19600129,2.288171749,0,2.406653353,3.853900905,0,2.139248473,0,0.882829193,2.768343632,0,1.613716702,0,1.296804991,1.5887154,2.899440156,0.163706526,1.481947424,0,3.330734887,2.939579324,0,4.149762313,0.515104413,0,1.910615429,2.728655884,0,0,2.288171749,3.958604175,2.912999686,3.130064191,2.522572455,0,0,2.471540975,1.613716702,0.354761763,3.597693731,3.080053771,0,2.450376164,2.571125681,2.124542326,0,0.980467663,0,0,0,1.111087845,0,2.047581285,0,0,2.209700134,0.163706526,1.111087845,0,2.223213853,0,1.111087845,0,1.536755661,1.509726988,0,0.83018546,2.275513353,0,3.015325298,2.836038645,3.182846891,1.025930037,0,0,0,0,3.490255979,0.932839614,1.453374052,0,1.730127054,4.099651629,0,0,0,1.15109318,0,1.853996535,2.124542326,5.211198067,0,2.878749763,0,0,0,1.638108155,3.505265642,2.047581285,0,0.653254752,0.163706526,0,0,1.262318815,2.063454634,0,2.182112178,2.09446487,0,1.509726988,2.946115295,0,2.512572372,0,1.99839104,0.774615609,0,1.946655366,4.882675212,1.296804991,0.163706526,1.189559461,1.707903917,0,1.707903917,2.015058093,2.372559142,0,1.773144439,0,1.773144439,1.296804991,2.109616675,0,2.236547384,2.236547384,2.695731099,0,1.393654817,2.349166262,0,0,2.372559142,0,0,0,0.83018546,0.932839614,0.774615609,0,1.069415149,0,0,0,0,0,0,0,1.981441482,0,0,1.793978526,1.563072969,0.882829193,2.912999686,0,0,0,2.372559142,0.586563377,1.563072969,2.744720486,1.793978526,0,0,1.069415149,0,1.423960167,0.354761763,2.471540975,0,1.453374052,0,0.980467663,0,0,2.209700134,0,0,0.882829193,0,0,0.515104413,1.707903917,0,0,0,1.330141411,1.707903917,0,0,1.773144439,4.28145918,0,0,1.069415149,0,0,0,0.715775109,0.83018546,0,1.226600732,0,0.980467663,0.774615609,0,0,0,0,0,0,0,0,0.774615609,0,0,0,0,1.638108155,0,0,0,0,0.263789985,1.707903917,0,0,0,2.124542326,0,0,0.932839614,0.438143372,0,0,2.124542326,2.736720444,0,0,0,0,0,0,0,1.025930037,0,1.069415149,0.052480891,0,0,0,0,0,0,0,0,0,0,0,2.015058093,0,0,0,2.857622217,0,1.75186704,0,0,1.362402274,0,0.586563377,0,0,0,0,0.586563377,0,0.586563377,0,0,0,0,0,0,0,1.613716702,0,0,1.99839104,0,0,0,0,0,0,1.15109318,0,0,0,0,0,0
6.141363809,5.911769375,0,6.009734189,5.648351924,5.416417948,0,5.195351572,5.370598415,5.292618771,5.473611905,5.486817379,0,4.950628077,4.423358095,3.487005635,3.155805818,0,3.385065596,4.799022575,0,4.155625387,4.233756215,4.900460818,0,3.700410287,5.011912072,3.191954332,3.671527412,4.362841412,4.254418107,4.340577041,4.688773366,4.08550321,0,0,4.14655503,0,3.618883679,4.865560875,4.221151006,4.852152853,4.433667464,2.696784605,4.762786727,5.214324473,0,2.921868022,3.215347212,2.205190344,0,4.19545366,3.641785443,4.952664737,0,3.917127539,1.775627684,3.469227389,2.43150347,4.499807267,4.237922887,5.254237676,2.296162122,1.99388125,4.298425207,3.010815508,2.266748237,3.155805818,3.355360442,3.27154177,2.504706874,3.899786064,2.753403499,0,2.789443436,2.572915124,3.18004943,2.716015967,2.657175467,0,3.203719174,3.603319162,3.530115758,2.352515058,0,0,0,3.260552649,2.615932509,3.870198107,2.069388802,2.99652955,2.771585819,0,2.139593061,0,0,2.696784605,0,0,0,3.314329045,2.657175467,2.716015967,1.67297353,3.215347212,0,0,2.771585819,2.952404745,2.59465511,0,0,2.572915124,2.967330396,0,0,0,0,3.23820535,4.182353036,0,0,0,3.546852551,0,1.429351447,0,2.615932509,0,0,3.079335454,0,2.266748237,0,0,1.558563179,0,1.725617263,0,2.789443436,2.572915124,2.296162122,0,0,0,0,2.59465511,0,2.105106885,1.106578055,2.266748237,2.296162122,0,0,0,0,0,2.527963736,0,5.211187216,1.725617263,0,0,0,0,1.67297353,3.546852551,0,2.266748237,0,0,0,0,0,0,0,2.572915124,0,0,0,0,0,0,2.032347531,3.191954332,2.139593061,0,0,0,0,0,1.67297353,2.716015967,0,2.139593061,0,0,0,0,0,0,1.106578055,0,0.770105818,0,0,0,0,0,0,0,0,0,3.423347783,0,0,0,0,0,0,0,0,0,0,2.069388802,0,0,0,3.686073123,3.950933576,0,0,0,0,0,2.236442887,1.617403679,0,2.105106885,0,0,0.627004975,0,0,0,0,0,0,0,1.617403679,0,0,0,0,0,0,1.617403679,1.558563179,0,1.99388125,0,0,2.480896225,1.558563179,1.280931442,2.032347531,0,0,0,0,0,0,0,0,0,0,2.172929481,1.823255733,0,0,2.032347531,1.496042822,0,0,0,2.99652955,0,0,0,0,0,0,0,0,0,2.636766596,0,0,2.205190344,0,1.280931442,0,0,0,0,0,0,0,0,0,0,0,0,1.67297353,0,0.770105818,0,0,0,0,0,0,0,0,1.725617263,0,1.106578055,0,0,0,0,0,0,2.753403499,0,0,0,0,0,1.558563179,0,2.615932509,0,0,0,0,1.197549833,0,0,0,0,0,0,1.280931442,0,0,0,0,0,1.106578055,0,2.139593061,0,0,0,0,0,0,0,1.99388125,0,0,0,0,0,0,0,0,0,0,0,0,0,0,0,0,0,0,0,0,0,0,0,0.770105818,0,0,0,0,0,0,0
6.565326937,5.978594013,0,1.926018864,4.448104517,4.030153018,0,5.103314831,4.739793151,3.498415505,6.133421512,5.504981986,1.47403374,0,0.62673588,4.111048168,4.412439519,2.262491101,3.483206086,4.717741541,0,3.452075167,4.20840125,4.79081378,0,0,4.219471473,1.725348168,5.131717339,2.533806196,3.498415505,4.151133695,3.779471902,3.619129252,0,0,3.557040348,0.751899023,2.572646029,4.025708566,0,0,0,3.31684838,0,4.735421559,0,2.809034807,3.279977844,2.9491236,0,4.300501696,3.824047527,3.149794296,1.582247325,4.391031973,2.9491236,2.867445569,2.697809172,0,2.262491101,4.123243441,0.863124658,2.680859613,6.008474854,3.024631153,0,4.155055269,0,0,4.056412733,0,0,0,3.598858288,0,4.251965307,2.646073497,2.730870034,0,2.337526286,4.266074888,3.459949224,1.961736947,0,0,0,2.680859613,2.867445569,3.498415505,0,2.867445569,4.558561512,0.963208116,0,0,4.317280613,4.303880078,4.56117248,3.768010459,3.696338002,4.805217321,3.834887741,4.25551141,1.850511311,3.241695658,4.052083722,0,2.181365556,0,3.467761764,0,1.47403374,0,0,0,0,2.714476224,2.493396657,2.572646029,3.483206086,0,4.942444633,0,2.663617807,2.838666605,1.137561504,4.672123597,0,1.41519324,0,0,2.20914512,0,0,2.429545185,0.62673588,0,1.76883328,0,0,0,0,0,0.316580951,2.823960457,0,0,0,0.115910256,0,1.47403374,1.582247325,0,0,2.533806196,0,2.778498083,0,5.370507915,0,1.996223123,0,0,0,0,1.582247325,1.725348168,0,2.181365556,5.247123032,0,0,0,0,1.632257745,1.76883328,0,0,0,0,2.061820405,3.542703185,0,2.061820405,2.809034807,1.41519324,0,0,0,0,0,1.47403374,2.20914512,0,2.572646029,2.181365556,0,3.083471653,2.778498083,0,0,0,3.932400835,0.963208116,0,2.730870034,0,0,0,0,1.214522545,2.513805529,2.714476224,0,2.152792183,0,1.810505977,2.881530309,2.061820405,0,0,0,0,1.285981509,0,0,2.20914512,0,0,1.810505977,2.288133531,3.139041504,0,2.867445569,0,1.679885794,1.285981509,0,0,0,0,1.41519324,0,0,3.411747122,0,0,0,1.850511311,1.529603591,0,2.823960457,0,0,0,0,1.137561504,0,0,0,0,2.361336935,0,0,0,0,1.137561504,0,0,0,0,0,0,0,1.810505977,0,1.285981509,0,0,0,1.41519324,0,0,1.679885794,0,2.361336935,0,0,0,0,0,0,0,0,0,0,0,0,0,0,2.152792183,0,0,0,0,0,0,0,0,0,0,0,0,1.352672883,3.012435879,0.751899023,0,0,0,0,0,0,0,0,0,0,2.361336935,0,0,0,0,0,0,1.47403374,0,4.155055269,3.467761764,0,0.62673588,0,0,0,0,0,0,0,1.137561504,0,0,0,0,0,0,0,0,0,0,0,0,2.123378298,0,0,0,0,0,0,1.47403374,2.236173792,0,0,0,0,0,2.061820405,0,0,1.632257745,0,0,0,1.137561504,0,2.384593797,2.061820405,0,0,0,0,0,0.62673588,0,0,0,0,0,0,0,0,0,0,0
4.547662799,5.314497696,4.909777467,4.981595829,3.823008396,4.767592636,0,4.499460698,4.55405941,4.568827611,5.004884553,4.621847163,6.924134297,5.459451433,3.907625444,2.239715763,2.980115829,2.597465398,3.617912914,4.603810602,0,3.612478118,2.502906816,3.595994228,0,3.158154724,2.788520635,1.941222775,2.239715763,4.245256094,3.550660687,3.544846717,1.817990134,3.62869469,5.206539561,5.472261173,3.149533981,0,3.55644105,1.598936568,3.323887368,2.763362076,0,1.203623832,3.840514313,2.641590203,2.627097196,3.087013624,3.323887368,0.415166471,0,3.612478118,0,0,2.959389698,4.185625912,2.582313593,2.566928675,2.800866471,2.260993162,3.720831426,2.239715763,1.677408184,3.805190552,2.959389698,2.281827249,0,2.36107662,3.749749104,2.101565425,2.763362076,0,0,3.286846096,2.36107662,0,1.88150354,3.105278972,2.6699609,2.551303357,2.050921692,2.050921692,0,0,2.800866471,0,0,3.567902494,0,2.683850013,0,2.683850013,2.502906816,0,2.101565425,0,3.607013624,1.638941903,3.158154724,2.905613301,1.91180889,1.468316386,2.502906816,1.784653714,0.651555249,2.697548857,3.550660687,1.850250997,3.509234646,2.341845258,0,2.125956878,2.024604384,0,2.655876161,0,0,1.557263872,3.740202492,2.969806459,0,2.938224887,0,1.0744121,2.486239763,2.535430007,1.0744121,0,3.316588065,0,0,2.341845258,2.434504089,0,2.627097196,0,0.925992095,0,0.751638708,0,2.612391049,0,0,3.077754298,3.427428047,0,0,1.677408184,0,1.0744121,2.535430007,1.370677916,1.638941903,2.452048399,0,0,0,2.750541387,1.638941903,0,0,0.651555249,0,0,0,2.434504089,1.557263872,0,0,0,0,0,0,0,0,0,3.30182765,2.776020472,0,0,1.468316386,0,0,0,1.784653714,0,2.076564123,0,1.714449455,1.0744121,2.024604384,0,2.582313593,0,0.540329614,1.557263872,2.260993162,3.573584327,0,3.440457547,0,1.91180889,0,0,0.540329614,0,0,0,0.925992095,1.750167538,1.262464332,1.750167538,0,0.751638708,1.750167538,1.750167538,2.825110083,0,0,0,0,0,0,0,0,1.638941903,0,2.959389698,1.969796147,2.322236787,0,2.6699609,0,3.105278972,0,1.598936568,0.842610486,1.638941903,0,1.598936568,0,0,1.0744121,1.850250997,0,0,0,0,0,0,0,1.598936568,3.567902494,0,0,0,0,1.141103475,0,2.551303357,0,2.379945105,0,0,0.540329614,0,0,0.415166471,0,0,2.641590203,0,0,0,0,1.817990134,0,0,0.540329614,0,0,0.415166471,0,0,0.651555249,0,0,0,0.415166471,0,0,0,0,0,0,0,0,0,0,0,0,0,0,0.842610486,0,0,3.730563863,0,0,0,0,0,2.076564123,0.751638708,0,0,0.272065628,2.551303357,0.751638708,0,0,0,1.002953136,0,0,0,0,0,0,0,0,1.141103475,0.105011543,1.598936568,0,0,0,0,0,0,0,1.969796147,0,0,0,0,0,0,0,0,0,0,0,0,2.486239763,0,0,0,0,2.101565425,0.415166471,0,0,2.260993162,0,0,0,0,1.468316386,0,2.050921692,0,0,0,0,0,0,0,0,0,0,0.272065628,0,0,2.379945105,1.141103475,2.697548857,0,2.697548857,0.925992095,0,0,0,0,0,0,0,0,0,0,0,0
6.051719451,6.562442532,3.377442621,5.183351819,5.729702599,4.652784653,0,4.967360394,5.703903963,3.115450035,5.087247188,4.813588718,1.632878843,0,2.24863936,4.197828201,3.987289004,2.773163828,4.023007087,4.656929737,0,4.285521288,3.144023407,3.858077273,0,1.860268686,3.6716092,2.544905176,2.35744222,4.094466051,3.946046046,5.011845119,3.435220422,3.903028661,0,0,3.6716092,0,3.0557308,3.566556424,2.67308037,0,5.365978766,4.154343089,0,3.399502339,2.51011906,3.566556424,3.283989452,3.756540853,1.632878843,5.050256669,3.0557308,3.53530388,1.632878843,3.741155935,2.24863936,3.198831644,0,1.589393731,2.126536663,2.900725054,2.201571849,3.547922344,2.773163828,1.543931357,0,3.189903013,0,0,2.51011906,0,0,0,3.839515255,2.717205175,2.336608133,3.462903851,2.436691592,3.413943023,2.474079124,2.474079124,3.08603615,0,0,0,0,3.0557308,3.003087067,3.496464047,3.08603615,3.428178139,2.397851758,0,2.717205175,0,1.279238803,1.543931357,2.745575872,0,2.397851758,3.898623367,2.397851758,4.239500897,2.474079124,1.714556874,2.100219355,0,2.68800602,0,0,0,0,0.490781443,0,0,0,2.177180396,4.326643087,3.0557308,2.073190683,3.399502339,2.271367611,0,3.250791383,2.225382498,0.180626514,0,1.589393731,0,2.293590748,2.100219355,1.825782509,0,1.957118512,0,1.446292888,2.377851092,0,0,0,1.338079303,1.001607066,1.589393731,0,1.790064427,0,1.714556874,0,1.216718446,0,1.496303308,1.150027072,1.589393731,0,0,0,3.013839858,1.543931357,3.541633016,2.876481442,0.827253679,0,0,1.632878843,0,0,0,0,1.790064427,5.531622579,0,0,0,0,0,1.987423861,2.35744222,0,0,0,1.893605106,0,0,1.825782509,3.47646338,2.24863936,0,1.543931357,2.016837746,0,0,2.016837746,2.24863936,0.180626514,2.377851092,0,0,1.078568108,0,0,0,0,0,0,1.589393731,0,0,0,0,0,0.918225458,0,2.126536663,0,2.67308037,0,0,1.393649154,1.753023155,0,4.072446813,0,0,1.543931357,2.397851758,0,0,0,0,3.560383565,1.925865968,0,0,0,1.393649154,1.150027072,2.271367611,0,1.496303308,4.248875966,0,0,1.825782509,0,0,1.216718446,0,0,0,1.496303308,0.615944586,1.860268686,0,0,0,0,1.543931357,0,1.216718446,0,2.24863936,0,2.436691592,0.827253679,0,0,0,0,0.918225458,0,0,0,0,0,0.827253679,0,0,0,0,0,0.490781443,0,0,0,0,1.925865968,0,0,0,0,0,0,0,0,0,2.377851092,1.216718446,1.67455154,0.727170221,0,3.125065494,0,0,0,0.347680599,0,0,0,0,0,0,2.152179094,1.446292888,0,0,0,0,0,0,0,0,1.216718446,0,0,0,0,3.554172365,0,0,1.001607066,0,0,0,0,1.150027072,4.226862498,0,0,0,2.045411119,0,0,0,0,0,0,0,0,3.013839858,0,0,0,0,1.078568108,0,0,0,3.620461689,0,0,0,0,0,2.981228273,0,0,0,0.827253679,0,1.753023155,0,0,1.446292888,0,0,0,1.001607066,0,0,0,0,0,0,0,0,0,0,0,0,0.180626514,0,0,1.279238803,0,0,0,0,0.490781443,0,0,0
6.611618398,4.984706059,0,1.720759651,4.851822545,4.934196985,0,4.975591413,4.455567301,4.507025598,4.301233253,4.838409527,0,0,3.851812233,3.330197563,3.89512609,4.577619417,3.60680155,4.962424666,0,3.433182378,3.526544595,4.630712454,4.232148684,2.905912396,2.761216019,0,5.025346573,4.431067189,3.709330297,3.526544595,3.810738698,3.515339996,0,0,3.433182378,0,0,2.51841953,1.139729768,0,0,3.767905598,0,5.105437147,0,0,3.498294129,3.622107972,1.306783853,3.839666335,0,3.267239713,3.395794846,3.704679126,2.936527032,2.238342057,2.975941,0,2.975941,2.197099098,2.131858577,3.596465541,2.966232186,3.230470865,0,4.394323676,0,0,3.492546987,0,0,1.404422323,3.661815421,0,2.874330824,3.068172224,2.936527032,0,1.96071032,2.946527115,0,0,0,0,0,3.632183624,0,3.810738698,0,3.316545474,0,1.493369809,0,0,4.500736269,2.388154335,3.07694421,4.488037686,0,4.313988528,3.259993304,2.471535944,2.57769614,1.987027629,3.713959935,2.686647324,3.07694421,0,0,0,2.808008181,1.356794274,0,0,0,2.131858577,0,2.1758217,4.038483805,1.650555392,3.395794846,0,2.647168513,3.336954346,0,4.882437181,3.580758412,0,3.13628365,2.277951195,2.131858577,0,0.939059073,3.980047938,0,0,0,0,0,0,1.57504784,3.785259612,2.154081713,2.131858577,3.445340582,0,0,1.877328711,0,2.1758217,1.650555392,0,0,0,0,2.749167681,0,0,1.61351412,1.57504784,0,0,0,0,1.847914826,2.471535944,0,3.12801914,5.788481773,0,0,0,2.724626572,0,1.96071032,0,0,0,0,1.254140119,0,0,2.712126409,4.331576921,1.817609477,0,0,2.673660128,0,0,0,2.51841953,0,2.749167681,0,0,2.405396142,0,0,1.449884697,0,2.1758217,1.786356933,0,3.267239713,0,0,0,1.254140119,1.493369809,0,1.356794274,2.062062815,3.004514373,0,2.1758217,3.42087453,0.862098032,0,0,2.217933185,0,3.004514373,0,0,0,0,0,1.010518037,1.535042505,1.077209411,2.808008181,0,2.334570089,2.109130325,1.493369809,0,2.455406562,0,0,0.862098032,0,0,0,0,2.916221765,0,0,0,0,1.306783853,0,0,0,0,0,0,1.254140119,0,1.877328711,1.535042505,0,1.077209411,2.238342057,0,1.306783853,0,0,1.754096071,0,0,3.004514373,0,2.926425936,0,0,0,0,0,1.306783853,0,0,1.987027629,0,0,2.238342057,0,0,0,0,0,0,0,0,0,0,2.1758217,0.939059073,0,1.010518037,0,0.587661186,0,0.04111748,3.469222314,0,0,0,0,0,1.786356933,0.778716423,0,2.217933185,1.139729768,2.533571335,1.010518037,0,0,0,1.010518037,0,0,0,0,2.062062815,0,0,0,0,1.404422323,1.449884697,0,0,4.561917426,3.498294129,0,0,0,0,0,0,1.356794274,0,1.535042505,0,0,0,0,0,1.356794274,0,1.139729768,0,0,3.526544595,0,2.439012752,2.686647324,0,0,0,0,0,0,0,1.817609477,3.509690264,0,0,0,0,2.277951195,0,0,2.4223457,0,0,0,0.687744645,0,1.449884697,0,1.449884697,2.352752408,0,0,0,1.535042505,0,0,1.754096071,0,0,0,0,0.351272408,0,0,0
6.228619182,5.370749844,6.3918353,5.093364004,4.492017256,4.682815001,0,4.338729761,4.259764988,4.375990634,5.178852925,4.246606904,2.690588689,5.071213796,2.935906098,3.042318692,3.959240139,4.909499676,4.312504482,5.037469557,0,3.558178939,3.658441738,3.88600481,0,0.717404122,2.768213851,2.217890851,2.158614241,5.09092696,3.569415012,3.344873837,3.28235348,3.48797468,0,1.677866072,2.870665576,0,1.090079407,2.232176808,2.300696754,3.344873837,0,3.09754745,2.616135711,2.977149056,3.287303985,2.654054946,3.029620108,4.057640804,1.360954362,3.287303985,2.556416476,0,0,3.938857268,2.606426897,2.436708512,0,2.914628699,2.111730655,2.663314271,2.935906098,3.194213562,2.997149723,2.672488647,0,1.858127896,3.507975347,0,3.194213562,0,1.9747648,0,3.149884975,0,1.702257525,2.654054946,3.091559408,2.26015066,2.095601273,1.600905031,1.573876359,0,4.100152798,1.360954362,0,3.172294876,1.749325036,2.436708512,0,2.977149056,0,1.360954362,1.837293809,0,2.900188015,3.344873837,3.661843101,4.310731432,3.241841611,0,3.907482145,1.937377268,0,2.246261548,1.878536768,0,3.073377089,0,0,3.172294876,1.457804188,0,1.794276424,0,0,2.816806406,3.675334031,2.892888713,2.217890851,1.488109537,0,1.290750103,2.963589527,1.956245752,0.327939355,0.89433483,3.390439805,0,2.188691696,2.188691696,3.87509065,3.326049751,2.654054946,1.175237216,0,0,1.677866072,0,1.794276424,0,2.300696754,1.62722234,2.300696754,1.573876359,0,1.360954362,0,1.65286477,2.514525535,1.992947119,1.360954362,0,2.663314271,0,0,1.794276424,1.956245752,1.573876359,0,1.394290782,0,2.556416476,0,1.956245752,1.749325036,0,0,0,0,1.394290782,0.227855897,0,0,0,0,2.111730655,0,0,3.13848884,0,1.816016411,0,1.426551644,1.090079407,0.838764979,0,2.734455371,1.898537435,1.090079407,0.779924479,2.232176808,0,0.650712748,1.992947119,0,1.794276424,0,0.996988984,0,3.668611317,0,0,0.116630262,0,1.62722234,0,0.838764979,0,0,1.044617033,1.816016411,0,1.937377268,0,2.921771587,3.091559408,0,1.898537435,0,0,0,0,1.290750103,0,0,2.35232112,1.326468186,1.726068174,0,2.734455371,0,3.434019686,0,1.918145906,1.517523422,2.079207463,0,0.502292743,0,0,0.502292743,1.253708831,0,1.394290782,0.838764979,0,1.749325036,0,1.488109537,1.488109537,1.360954362,1.253708831,0,0,0,0.779924479,0.579253784,1.794276424,1.290750103,0,0,0,1.21524255,0.227855897,0,1.090079407,0,0,1.794276424,0,0,0,0,2.448202892,0,0.89433483,1.62722234,0,0.996988984,0.650712748,0,0,0.89433483,0,0,0,0,0,0,0,0,0,0,0,0,0,0.946978564,0,0,1.326468186,0,1.253708831,2.028349046,0,3.691945709,0,0,0,0,2.824680463,0,0.89433483,0,2.800869814,0.89433483,0,1.726068174,0,0,0,1.21524255,1.044617033,2.492903071,0,0,0,0,0,0,0,0.650712748,0,0,0,0,0,0,0.327939355,0,1.573876359,1.794276424,0,1.426551644,0,0,0.89433483,0,0,0,0,0,0,0,0,0,0,2.273849504,0,0,0,0,3.902155901,0,0,0,0.717404122,1.253708831,0,0,0.502292743,0,0.996988984,0,0,0,1.175237216,0,0,0,0,0,0,2.062540411,1.290750103,2.111730655,0,0,0.650712748,0,0,2.45956665,0,0,0,0,0,0,0,0,0
2.22174719,3.469988674,6.879909227,4.805943333,2.981076278,4.59051419,0,4.378393408,1.95832974,4.484606179,6.457987191,4.155554317,3.868379473,4.854014603,4.265016,3.169128509,2.658302885,3.774893186,2.543067622,3.964979619,0,2.302599287,0,3.284641396,0,3.691317892,3.433061401,4.820139155,5.569247652,5.214844416,0,0,3.388182075,0,0,5.62048541,2.749274664,0,2.062319453,3.779337638,4.281254517,0,0,2.616630189,4.625367669,5.304622411,0,0,2.062319453,4.325881344,0.712392736,0,0,2.888226124,0,3.469988674,1.599695931,0,2.062319453,1.559690597,4.299872076,3.000589092,0.612309278,3.374980563,0,0.963707165,3.968656093,5.805558484,3.144333851,0,1.675203484,0,1.331431945,0,3.534338356,3.306224968,0.803364515,3.152667232,1.331431945,0,0.803364515,1.901976803,3.201259787,0,0,3.97596874,0,4.397694369,0,4.099201381,0,3.457830469,2.321830649,0,0,0,1.429070414,3.950137045,0,0,0,5.313267998,4.400081005,2.156506668,2.262990149,3.414073489,3.426772072,0,3.426772072,1.5180179,3.528656522,0,1.930550176,0,2.446993792,0,0,3.420442937,0,2.01167572,3.964979619,0,0,0,3.426772072,2.69830822,0,0,0,1.429070414,2.242581277,3.291887805,4.34369352,2.282990815,0,3.291887805,0,0,3.589448718,0,0,0,0,1.872562918,3.420442937,0,0,0,2.110521555,0.712392736,3.809907704,0,0,0,0,0,0,2.480054654,3.809907704,0,3.368313872,0,0,0,0,2.282990815,1.101857503,1.930550176,0,3.277342094,0,1.278788211,0,0,3.047767652,1.842257568,2.133778417,2.797769014,0,3.240024331,0,2.587851224,3.13593044,1.901976803,2.262990149,1.331431945,2.797769014,0,2.282990815,0,1.278788211,0,1.842257568,2.446993792,0,0.963707165,2.037318151,1.278788211,4.716256707,2.496184036,0,2.242581277,0,0,0,0,1.985358412,0,0,0.963707165,0,2.156506668,2.573145077,2.711295416,2.156506668,2.724116104,0,2.543067622,0,2.480054654,1.035166129,0,0,2.616630189,2.302599287,0,0,0,1.985358412,0,0,0,1.22321836,0,0,1.985358412,0.065765571,1.638162212,0,0.886746123,0,0,0,1.811005025,0,0,2.086710906,2.480054654,0,0,1.872562918,0,0,0,2.797769014,1.559690597,2.110521555,1.985358412,0.963707165,0.886746123,1.381442365,2.302599287,0,2.930560488,0,1.429070414,0,1.811005025,0,0,2.062319453,0,2.990880278,0,0,0,0,0,0,0,0,0.712392736,2.340699133,0,1.101857503,0,2.543067622,0,0.803364515,2.616630189,0,0,0,0,0,0,2.3774005,0,1.930550176,1.16437786,0,0,0,1.381442365,0,0,0,0,0,0,1.710921566,3.118908752,0,1.035166129,0,3.177258635,2.797769014,0,0,2.200469792,0,0,0,0,0,0,0,0,0,0,0,1.778744163,0,0,0,0,0,0,0,0,1.101857503,1.710921566,0,0,1.16437786,0,0.963707165,0,0,0,0,0,0,0,2.340699133,0,0,0,0,0,0,4.323310649,0,0,0,0,0,1.381442365,0,0,0,0,0,0,0,0.803364515,0,0.963707165,0,0,0,0,0,0,0,0,2.062319453,1.278788211,0,1.675203484,0,0,0,0,0,0,0,0,0,0,0,0
4.586280641,4.854770124,6.396087142,5.33866076,2.646739941,4.915423482,0,4.879855858,1.493319416,5.249265004,6.590175477,4.272051202,5.225946159,5.243320468,4.851834701,2.825350918,2.090451943,4.697439014,2.042823894,4.334783632,0,3.324209309,1.975571667,4.053925661,0,3.278011718,3.972340233,4.15328343,5.60788077,2.723700982,2.970432451,1.884599889,3.570998842,2.664361542,3.883502568,4.472721898,0.894201185,0,2.723700982,4.630037622,4.313188108,0,0,1.237972724,3.950859694,4.216281356,0,0,2.868994208,3.87312634,0.7859876,0,0,3.209525303,0,2.646739941,2.493329727,1.435332158,4.10690415,1.625088693,3.459150542,1.548127652,0.366133754,3.87312634,0,2.472386554,2.897066227,5.620680944,3.619200944,2.274064655,2.058953276,0,2.472386554,0,2.383931133,3.542374348,3.878327912,3.249232753,2.074826625,0,1.865368527,2.582497672,1.237972724,0,0,3.008291862,0,3.972340233,1.600087391,3.520355109,0,3.435197301,2.917614895,0.664626743,0,0,0,3.427083666,0,0,3.665186057,2.513843267,2.150620464,3.754201845,3.739408675,3.774551384,3.020599709,0,3.282728707,1.341513403,0,0,0.991839654,0,3.032757914,0,0,2.193484169,0,3.310572734,0.944211605,0,3.178674528,0,2.360538253,3.199347099,0.944211605,0,2.655589556,1.992813473,2.026430084,2.533944447,3.189064232,3.301377267,0,2.591931704,0,0,3.381242307,0,3.002080662,1.57444496,0,3.141436183,2.207373281,1.493319416,0,0,1.865368527,1.865368527,2.983212177,0.991839654,0.275161976,0,0,0,0,2.673057249,2.42913657,2.440125691,3.102757328,1.200931452,2.69869968,0,0,1.78451643,1.341513403,1.696547657,0,2.105836862,0,0,0,0,1.548127652,0,0,2.193484169,0,0,0,1.237972724,3.389734927,1.992813473,1.373774265,0,2.563358332,0.944211605,1.037302028,1.162465171,1.341513403,0,1.741499045,2.090451943,0,0,2.074826625,0,4.709939176,0,0,2.513843267,0,0,0,0,3.194218882,0,0.894201185,0.063852883,0.597935369,0,2.074826625,2.601277567,1.884599889,1.341513403,0.449515363,1.405026808,3.880918587,1.78451643,0,0,2.042823894,1.373774265,1.719275908,0.841557451,0,1.649480146,0,0,0,0,1.341513403,0,0,2.042823894,0,1.719275908,0,1.162465171,0,0,0,0,0,0,1.625088693,2.348633351,1.162465171,0,1.975571667,1.122459837,2.299543741,0,1.741499045,2.690225053,0,0,0.449515363,0,0.841557451,1.673290795,0,2.395425512,0.841557451,1.884599889,0,1.308176982,2.723700982,0,1.52109898,0,0,2.493329727,0,0.175078518,0,0,0,0,1.162465171,0.366133754,0,0,0,0,1.237972724,1.200931452,0,2.120988667,0,0,1.08078714,0,0,2.610536892,1.493319416,0,1.805350517,0,0,0,0,1.162465171,0,0,0,0,0,0,0,2.418025344,0,0.526476405,0,0,0.664626743,0,0,1.903468373,0,0,0.526476405,0,0,0,0,2.074826625,0,0,0,1.649480146,0,0,0,0.7271471,0,0,1.405026808,0,1.52109898,0,1.200931452,0,0.175078518,0,0,0.175078518,2.105836862,0,0,0,0,0,1.57444496,0,0,0,0,1.237972724,0.7271471,0,0,0,0,0,0,1.493319416,1.162465171,3.062522016,0,0.841557451,0,0,2.802793571,0.664626743,0,0.7271471,0,0,0,0.063852883,0,0,0,0,0,0,0,1.200931452,0,0,0,0,0,0,0,0,0,0,0,0
3.179291638,3.310197209,6.231113378,3.650169011,0,5.550123403,0,3.33444082,1.930019074,4.169690342,6.615532111,3.233726845,7.061071691,5.527665392,3.741899947,2.259498276,0,4.138025427,2.023109498,5.166303463,0,1.583742838,0.614342281,3.136427934,0,3.220393314,2.870407358,4.371305102,5.30067343,3.962650198,2.06659461,0,3.741899947,0,2.533935121,4.054177455,0,0,2.148272641,2.533935121,4.110849842,2.682355126,0,0,4.362776265,4.577749485,0,0,1.977647123,5.229462797,0,0,0,0,0,4.47219705,1.260969446,1.049660352,5.46423959,0,3.701243941,0,0.614342281,4.300946421,0,1.712954569,3.369738602,3.889770275,4.082915065,0,0,0,1.435322833,0,3.233726845,3.757710553,3.489446566,3.811158387,0,0,2.06659461,1.512283874,2.533935121,0,0,3.773275069,0,3.605518738,0,3.868936188,0,3.868936188,3.981638111,0,0,0,3.981638111,3.121721786,0,0,2.327320872,0,2.390834278,3.044760745,0,3.549165801,3.19318075,0,4.042447115,0,0,0,4.740009314,0,2.259498276,0,0,2.682355126,0,2.635287616,2.811566858,2.978620943,0,0,4.036529938,0,0,0,3.403832814,0,3.012237553,2.479126885,2.56025243,4.396463661,0,3.165206898,0,0,3.310197209,0,0,0,0,3.358110564,2.359581734,0,0,0,1.712954569,1.160885987,3.568305141,0,0.413671585,0,0,0,0,2.870407358,3.012237553,0,3.121721786,1.351941224,0,0,0,1.650434212,0,0,0,2.533935121,0,2.06659461,0,0,1.650434212,1.977647123,0,3.803695666,0,0,0,3.811158387,0,0,2.327320872,0,2.56025243,0,3.55878126,0,0,0,2.293984452,2.533935121,0,0,3.179291638,0,0,0,0,3.916890581,0,0,0,0,0,0,0,0,0,1.650434212,1.82736492,0,0,0,2.327320872,2.359581734,0,0,0,0,0,2.06659461,2.925977209,2.635287616,0,2.705083378,0,2.925977209,0,0,0.781396365,0,0,1.930019074,0,2.223780193,0,2.327320872,0,0,0,0,0,0,2.506906449,1.880008654,1.160885987,0,2.943834827,0,2.327320872,0,0,3.539456987,0,1.977647123,0,1.712954569,1.583742838,2.223780193,0,2.749046501,0.924497209,0.924497209,0,2.108267306,0,0,0,0,0,0,0,0.924497209,0,0,2.06659461,0,2.186738921,1.583742838,2.359581734,0.924497209,0,0,2.023109498,0,0,2.023109498,0,0,0,0,0,2.90779489,2.682355126,0,0,1.771795069,0,0,0,1.435322833,3.780967415,0,0,0,0,0,0,0,0,1.583742838,0,0,0,0,0,0,0,0,0,0,0,0,0,0,0,3.568305141,0,0,0.614342281,0,0,1.351941224,0,0,0,0,0,0,0,0,0,0,0,0,0,0,0,0,0,0,0,0,0,0,0,0,1.351941224,0,0,0,0,1.930019074,0,0,0,0,0,0,0,0,0,0,0,0,0,0,0,0,0,0,0,0,0,0,0,1.583742838,0,0,0,0,0,0,1.049660352,0,0,0,0,0
5.91829301,3.676955426,0,5.482760928,5.659101424,4.02807994,0,5.619697674,6.007557633,4.35335803,5.223968204,5.482760928,0,0,4.154769801,4.443023792,2.709565594,0,3.454733959,5.15064547,0,5.020850597,0,4.906790171,0,3.941304662,4.987579426,5.316918965,5.293746313,6.508865556,3.426694739,0,3.327110034,3.20473532,0,0,3.417170858,0,4.799870248,5.155704502,2.994817531,0,6.384513502,3.517254316,5.174038349,5.851791009,0,0,3.974733959,4.429206646,1.29371243,0,4.022871595,5.744798601,0,4.466753719,1.924984207,2.819768734,3.616100151,0,4.476753802,2.540744724,3.600289545,3.958158994,0,2.628713497,4.345825037,4.463398011,0,3.131082411,0,0,2.853960099,0,3.445474634,3.906719083,4.326740489,3.870894356,2.887020961,0,1.788408672,2.30894311,0,1.881499095,0,0,0,4.311206196,0,4.898122728,2.950033929,2.994817531,0,0,0,0,0,1.738398252,0,0,0,2.853960099,3.98563325,2.728796956,5.028520816,4.088551762,0,0,3.508558609,2.493677213,0,0,2.30894311,2.117887873,0,0,0,0,0,0,4.663763083,0,0,0,4.159336019,2.853960099,0,0,0,0,0,3.037681236,3.684308401,0,1.571344167,0,0,0,2.392324719,0,0,2.819768734,2.493677213,0,3.378141514,0,0,2.540744724,0,1.50882381,3.105274527,2.045128519,1.019275585,0,0,0,0,3.576094816,3.388042585,0,3.065269192,1.685754518,0,0,1.924984207,2.365296047,1.29371243,2.649547584,0,3.078782911,0,0,0,0,0,0,2.766184488,2.965185734,0,0,0,0,0,0,2.819768734,1.836036721,3.508558609,0.272061183,0,0,0,0,1.210330821,3.2281282,0,2.045128519,0,0,3.216500162,1.738398252,0,2.337516483,1.50882381,0,0,0,0,0,1.881499095,0,0,1.924984207,3.273333637,0,3.156240971,3.654566432,0,2.784366807,0,3.698854112,0,0,0,0,2.337516483,0,0,0,1.50882381,0,0,0,0,0,0,2.006662238,0,1.685754518,0,2.887020961,0,0,1.370673472,0,0,0,1.571344167,0,0,0,0,0,0,0,2.903150343,0,0,2.117887873,1.50882381,0,3.827409244,2.517487862,0,2.819768734,1.685754518,1.924984207,0,0,3.454733959,0,0,0,0,0,0,0,0,0.472731878,0.90804995,0,0,0,0,0,0,0,2.74766544,0,0,2.493677213,0,0,0,0,0,0,0,0,0,2.365296047,0,0,0,1.442132436,0,0,0,0,0,0,0,2.540744724,1.29371243,1.50882381,0,2.728796956,0,0,0,0,0,0,0,0,0,0,0,0,3.397846585,0,0,0,0,0,0,1.571344167,0,0,0,0,2.46928576,3.216500162,2.217971332,0,0,0,0,1.370673472,0,0,0,0,0,0,0,0,0,0,0,0,0,0,2.853960099,0,0,0,0,0,0,0,3.397846585,0,0,0,0,0,0,1.630184667,0,0,0,0,0,0,0,0,0,0,0,0,0,0,0,0,0,0,0,0,0,0,0,0
5.94795798,5.272716635,0,5.963890038,5.160761653,3.880205808,0,4.729445417,5.762591931,3.094465841,6.233415038,5.101042419,3.550062707,0,3.587218684,4.15591169,3.640485713,0,4.26659365,3.875660346,0,4.683802574,3.4644842,4.275796169,0,4.027530523,4.272738062,4.689875467,3.422372715,6.258533429,2.955946907,3.484893072,2.570284426,2.696435711,0,0,3.324550422,0,4.585747514,4.329300757,2.05384081,0,6.133762614,4.019671936,5.388557253,5.255670768,3.143019066,3.171058286,2.978546739,4.287935923,0.835683371,3.094465841,3.799974118,4.882070755,0,4.003767029,2.323760426,3.308613829,4.610084998,0,4.739098002,2.921059648,1.834212201,3.680038891,0,1.225148137,3.875660346,3.415178439,0,2.365871911,2.61947467,0,2.795107239,0,2.518548752,3.574986115,5.043214885,4.166185753,2.725634866,0,1.682981231,0,3.875660346,2.081620374,0,0,0,3.498271198,3.152453099,4.581258168,2.725634866,2.847406738,0,0,0,0,0,1.346508994,0,0,0,2.518548752,4.290947974,1.902034797,1.934295659,2.725634866,0,0,3.799974118,3.104366912,0,0,0,2.500691134,0,0,0,0,0,1.454722579,4.472015612,2.160608785,0,0,3.104366912,2.108649046,0,0,4.07342768,0,0,3.347988995,2.302020439,0,1.641308535,1.965548203,0,2.463989767,2.302020439,0,0,0,1.798494118,0,3.363314965,0,0,2.847406738,2.05384081,0.624374277,2.872565298,2.386280783,2.160608785,0,0,0,0,2.725634866,3.043434361,2.257069052,1.995853552,0.926655149,0,0,0.499211134,2.365871911,0,3.104366912,0,2.78159352,0,0,0,0,0,0,2.553334868,3.114170912,0,0,0,2.711141859,0,1.761452846,1.641308535,0,2.711141859,0,0,1.402078846,0,1.641308535,1.504733,2.386280783,0,1.868698377,0,1.287668494,1.761452846,3.250746447,0,3.21611095,0,0,0,0,0,0,1.798494118,0,0,3.400632728,3.104366912,0,2.847406738,2.921059648,0,3.000647086,1.597823423,2.884911134,0,0,0,0,1.834212201,1.402078846,0,0,2.553334868,0,2.482508815,0,1.504733,0,0,0,0.926655149,2.83458605,1.225148137,2.40628145,0,0,0.189056206,0,0,0,1.225148137,0,0,0,0,0,0,0,0,0,2.78159352,1.934295659,0,0,3.556352036,2.666358256,0,2.795107239,2.279797303,1.158456763,1.086997799,0,3.995718695,0,0,0,0,0,0,0.624374277,0,0.926655149,0.735599912,0,2.160608785,0,1.225148137,0,0,0,2.989657964,0,0,1.761452846,0,0,1.086997799,0,0,0,2.518548752,0,0,0,0,0,0,1.504733,0,0,0,0,0,0,0,0,0.735599912,0.735599912,0.835683371,3.104366912,0,0,0,0,0,0,0,0,0,0,0,0,0,0,0,0,0,0,0,1.597823423,0,0,0,0,0,2.967310665,2.233812189,0,0,0,1.158456763,0.35611029,0,0,0,0,0,0,2.681510061,0,0,0,0,0,0,0,4.444023962,0,0,0,0,0,0.926655149,0,2.921059648,0,0,0,0,0,0,0,0,0,0,0,0,0,0,0,0,0,0,0,0,0,0,0,0,0,0,0,0,0,0,0
3.685554796,5.056458007,6.312829617,5.026629781,0.142986462,4.794828167,0,4.092091142,0.990284322,5.080652736,5.564012982,4.011869974,7.962533478,5.335325838,4.486791883,2.836111012,0,5.270251864,2.120149154,5.459471132,0,2.340211039,0.343657157,3.888561259,0,4.070445275,3.710952987,3.753904374,5.816309729,3.829084273,1.837582182,2.655292086,2.976199806,0,5.353686207,5.013081733,1.501109946,0,1.916053798,4.478096176,4.079159927,2.707935819,0,0,4.956975872,4.965952593,0,0,2.894521775,5.254304682,0,0,0,0,0,4.44855193,2.088896611,1.795909486,4.912729023,0,4.310512641,0,0,4.779870623,0,0.890200863,2.388413141,3.639494023,3.679103161,0,1.916053798,0,1.752424374,0,2.690694013,3.753904374,3.65949469,3.6052441,0,0,1.164637709,2.056635748,0,0,0,3.370711902,0,3.704663658,0,2.340211039,0,2.637109766,3.438823328,0,0,0,1.837582182,2.364602492,2.707935819,4.50679255,3.288096136,3.144258916,2.724885377,3.510282292,3.806548108,2.618590719,3.598251065,0,4.182131474,0,4.668391679,0,3.685554796,0,2.805574289,0,0,2.179868389,0,5.05482402,2.580490872,2.74155243,0,0,0,2.023299328,0,0,4.016499612,0,2.851036663,2.434398254,2.75794624,2.894521775,0,1.988813152,0,0,2.655292086,0,0,1.501109946,0,0.890200863,1.988813152,0,0,0,3.099053479,0.778975228,3.74788026,1.953095069,0,0,0,0,0,2.263249998,3.249066792,0,0,1.313057714,0,0,0,2.690694013,0.510711242,0,0,0,0,0,0,0,2.388413141,0,2.86574281,3.316399912,0,5.50532138,1.313057714,3.288096136,2.976199806,2.820959207,0,0,2.236221325,0,0,0.890200863,2.707935819,0,1.706962,2.364602492,0,0,3.198035312,0,0,3.075660599,0,1.659333951,0,0,1.313057714,0,1.556679797,0,0,0,0,0,3.075660599,2.74155243,2.836111012,2.989187001,1.556679797,2.120149154,3.562532982,0,3.268771863,0,0,0,2.315209737,1.953095069,4.50679255,1.442269446,0,4.445548925,0,0,0,0,0,2.673149703,0,0,0,2.088896611,0,0,0,0,0,0,2.894521775,0,0.890200863,0,2.499638776,0,0,0,2.75794624,4.87625665,0,3.52549171,0,1.0812561,0.890200863,0,1.706962,0,2.179868389,0,1.752424374,0,0,0,2.580490872,0,0,0,0,0,0,1.24159875,0.890200863,0,0,0.778975228,0,0,0,0,0,0,0,2.456621391,0,0,0,0,0,0,0,0,0,1.752424374,0,0,0,1.0812561,0,0,0,0,0,0,0,0,0,1.795909486,0,0,1.795909486,0,0,0,2.478361377,0,1.706962,0,0,0,0,0,0,0,3.228965613,0,1.164637709,0,1.313057714,0,0,0,0,0,0,0,0,0,1.0812561,0,2.179868389,0,2.340211039,0,0,0,0,0,0,0,0,0,0,0,0,0,0,0,0,0,0,0,0,0,0,1.379749089,0,0,0,0,4.668391679,0,0,0,0,0,0,0,0,0,0,0,0,1.916053798,0,0,0,0,0,0,0,0,0,0,0,0
4.536689641,4.74922818,7.324567241,5.483719412,0,4.888725206,0,5.343184728,2.965271091,4.875005479,5.007096848,4.33721426,4.875005479,0.921456727,3.992296473,3.170641043,1.463781017,6.610328589,2.820574714,5.001702365,2.498371447,3.80960379,0,4.373347223,0,2.429968721,4.363156052,2.719860739,5.489547904,4.776697718,3.025590881,2.59293003,3.927139331,2.832479617,0,5.574654882,2.844244458,0,3.965979164,4.390935616,4.724557325,0,0,0,3.534463379,3.118681304,0,2.375409736,3.510723392,4.536689641,0,0,2.944327917,4.111109693,0,3.144998612,2.33730989,1.463781017,2.498371447,0,4.23199974,3.640117107,1.509243392,2.60785568,4.514925996,2.665425532,0,4.796815748,0,1.199088463,2.59293003,0,0,3.89902503,2.844244458,3.091652632,3.768688992,3.100743603,3.297292281,0,1.936687406,2.922936727,4.593190022,0,5.241075901,3.510723392,0,2.783985267,0,1.780118346,0,3.80960379,3.984847649,0,2.317701419,0,2.922936727,2.393928784,3.382753511,0,3.035299695,2.530894639,2.412111103,2.706527208,0.647019881,3.730859422,3.681466667,0,3.516711434,1.74563217,3.671288462,0,1.366142548,0,0,0,0,2.514765257,0,1.965260779,0,2.514765257,0,0,0,0,0.535794246,0,2.97558046,0,0,3.00588581,2.995885727,2.213440408,0,2.356541252,2.046386324,0,2.213440408,0,2.072028754,0,1.199088463,0,2.808526376,2.706527208,0,2.020069015,4.087775301,2.33730989,0,0,2.191217272,0,0,0,2.429968721,2.985784631,2.733018823,0,1.936687406,1.5944012,0,0,0,0,1.552728504,0,0,1.780118346,0,0,0,0,2.317701419,0,1.199088463,2.356541252,0,0,0,3.00588581,0,3.735667124,2.693013489,0,1.876968172,0.838075118,1.634406535,1.257928963,0,0,2.706527208,2.356541252,0,1.463781017,1.936687406,1.313498814,3.435922179,0,0,0,0,0,0,4.070768088,1.509243392,0,1.136568106,1.552728504,0,1.5944012,0,2.429968721,1.634406535,0,3.091652632,0,0,1.709914087,2.719860739,0,0,0,1.136568106,0,0,2.020069015,0,0,0,0,1.313498814,0,2.317701419,2.33730989,0,1.845715628,0,2.046386324,0,0,0,0,0,0,0,0,0,4.269253332,0,0,0,0,0,2.481704395,2.758826707,2.27729188,2.16848902,0,1.845715628,0,0,1.876968172,1.416152969,0,0,2.733018823,0,0,1.509243392,0,1.965260779,0,0,2.12142151,0,0,0,0,2.12142151,1.136568106,0,0,0,0,1.552728504,0,0,2.771485104,0,0,0,0,0,0,0,0,1.672872815,0,0,2.746006019,3.118681304,2.297700752,0,0.535794246,0,0,0,0,0,2.072028754,0,1.313498814,0.647019881,0,1.780118346,0,1.5944012,0,0,0,1.416152969,0,0,3.082478255,0,0,0,0,0,0,0,0,0,0,0,0,1.634406535,0,0,0,1.509243392,0,2.256457793,0,0,1.313498814,0,0,0,0,0.74710334,0,0,0,0,0,0,2.020069015,0,0,0,0,0,1.463781017,0,0,1.993040343,0,0,1.936687406,0,0,0,1.366142548,0,0,0,0,0,0,0,0,0,0,0,0,0,0,1.672872815,0,0,0,0,0,0,0,0.410631103,0,0,0
5.1661752,4.085153514,5.806330856,6.024315325,2.353454376,4.116057261,0,5.072608545,2.95645046,4.112670298,4.889182124,4.60084956,3.503277854,0,3.322515144,4.306377177,2.363258376,4.083408313,3.355606399,5.088717141,0,3.569667236,0,3.595605289,0,1.674977386,4.411108564,3.207764888,5.218606563,4.373924793,2.482666108,2.003093028,2.733980536,2.372967191,4.647629823,4.882919872,3.708476646,0,4.343418449,4.426099475,2.597076459,0,0,1.594125289,3.008955957,3.947003176,2.482666108,2.473970401,2.940145751,4.41863211,0,0,3.073334619,3.497018053,0,3.497018053,2.121652762,3.164931788,2.612402429,0,2.447420169,3.384128831,2.642367218,3.355606399,0,1.81937189,2.557701294,3.039184959,0,1.183383124,2.533309841,0,0,1.57284789,2.121652762,3.509498714,2.792821036,3.138322679,2.083673514,0,2.15824221,1.083299665,4.683731304,1.694208747,0.407544227,3.138322679,0,3.014058009,2.906716454,3.58989914,1.274354902,2.392106531,2.238745429,0,2.083673514,0,1.151122261,3.284415298,3.415273217,0,1.767636216,1.694208747,2.323452126,3.160545816,0.65116631,1.302928274,2.465198415,0,3.718590512,2.706675085,4.072872658,2.323452126,1.151122261,0,0,0,0,2.993491732,1.117785841,3.272696414,2.792821036,1.357736511,3.698259443,0.336085263,2.848390887,1.749778599,0.932068695,0,2.866248505,0.084770835,0,1.674977386,2.353454376,3.288291272,0.474235602,1.459089005,2.817900721,0,2.747358662,0,1.482899654,0,1.302928274,0,1.674977386,2.604768805,1.960229323,1.594125289,4.250328025,1.674977386,0,2.01698214,1.694208747,0,2.292521825,0,0,2.81168952,2.181911954,0,1.274354902,0,0,2.1091526,0,1.635368247,0.407544227,1.330707838,0,2.070686319,0,0,0,0,1.836038943,0,0,2.499833911,0,0,0,0,0,3.934918437,1.81937189,0.801448513,1.214635667,0,1.214635667,1.73159628,1.183383124,0,1.183383124,1.836038943,0,1.151122261,1.989008288,0,1.459089005,2.917984179,0,1.40969625,0.595596459,3.411860245,0.595596459,0,0,0,0.65116631,0.846910887,1.214635667,0,0,1.655368914,2.01698214,2.541506608,0,1.945523176,0,1.047581583,2.353454376,0,0,0.536755959,2.238745429,0,0,1.244941017,0.65116631,0,0,1.614959376,1.330707838,1.384053819,0.536755959,1.302928274,0,1.836038943,0,1.836038943,0,0,0.97207403,1.81937189,2.057528234,0,2.713571664,1.083299665,1.010540311,3.315010419,1.151122261,0,1.40969625,0.753820464,2.121652762,0,0.801448513,1.655368914,1.482899654,1.083299665,0,1.274354902,0,0,1.083299665,0,2.181911954,1.183383124,0,0,0,0,1.010540311,0,3.207764888,1.244941017,0,0,1.384053819,0,1.868562135,0.084770835,1.551107904,0,0.536755959,0,1.183383124,0,0.703810043,0,0,0,0,0,0,2.281995412,0,0,0.336085263,0,2.780041309,0,0,1.635368247,2.541506608,0,0,0,0,0,0,1.244941017,0.175742613,0.536755959,1.214635667,1.802422332,1.614959376,0,0,0,0.97207403,0,0,0,0,1.960229323,0,0,0,0,1.551107904,0.97207403,0,0,0,2.227634203,0,0,0,0.932068695,0.175742613,0,0,0,0.801448513,0,1.244941017,0,0,0,0,0,0.259124222,0,0,0,0.084770835,0,0,1.915445721,0,0,1.151122261,0,0,1.047581583,0,1.274354902,2.15824221,0,0,0.336085263,0,0,0,1.010540311,0,0,0,0,0,0,0,0,0,0,0,0,0,0.801448513,0.175742613,0,0.801448513,0,0,0,0,0,0,0,0,0.259124222
4.95361453,4.445597896,2.567464358,4.956984373,2.585646677,5.050074796,0,5.537643557,3.563091832,4.284645267,4.901654791,5.146429362,3.884929661,6.178878057,3.983139364,3.528605656,2.364752846,7.072864894,2.73592888,4.764688936,0,3.159320205,0,3.731188398,0,3.006015191,4.375903517,4.448399019,4.752381088,4.390829167,2.450827454,2.294957084,3.549439743,0,5.808837503,0,3.91874931,0,3.189322455,0,3.672174227,0,0,0,4.82788864,4.323422338,0,4.339145933,2.796097402,4.108564492,0,0,4.428624363,4.484117101,0,3.889831632,1.95365392,2.491236993,2.824876366,0,4.742007551,2.54894531,1.094992301,3.672174227,2.73592888,2.450827454,3.628689115,2.655239969,4.666213711,2.621048604,1.539678122,0,0,1.539678122,2.270565631,2.471236326,3.653768799,3.309838479,1.95365392,0.920638914,2.219921898,2.471236326,0,0,3.942224566,3.478235297,0,3.647557599,0,3.159320205,0,2.655239969,1.919167744,0.920638914,2.166575917,0,2.957520841,1.726264078,0,0,0,0,3.528605656,2.866549063,1.637316592,3.107225093,2.720303562,0,2.080809095,2.050503746,0,1.637316592,3.983139364,1.094992301,0,0,0,3.246754504,0,2.166575917,1.726264078,2.364752846,0,0,2.270565631,3.463365134,1.094992301,0,2.050503746,0,0,3.063502282,3.265188206,0,0,0,4.339145933,0,2.957520841,0,0,0,0.441065833,2.110222981,2.245564328,0,0,0,1.726264078,2.166575917,0,0,0.70932982,0,0,0,3.189322455,2.603504295,2.318767732,0,3.33570199,0.584166677,0,0,0,0,1.431464537,0,0,2.621048604,0,0,0,0,2.906554397,0,3.904394996,2.824876366,0,0,2.491236993,0,4.247728323,1.919167744,1.637316592,3.478235297,0,0,2.852850218,1.846408389,2.110222981,0,1.726264078,1.589688543,0,0.920638914,0,2.019251202,0,0,0,0,0,0,0.073341053,0,0.584166677,0,0,0,0,0,0,0,2.781391254,0,1.767936774,0,0,2.386975982,2.080809095,0,0,1.011610692,2.245564328,0,0,2.318767732,0,0,0,0,0,3.02940807,1.487034389,1.487034389,0,1.243412306,0,0,0,0,0,1.682778966,0,0,2.219921898,2.671907022,2.54894531,4.354626118,2.824876366,0,0,0,3.218450728,4.659441677,0,2.193604589,1.372624037,1.487034389,1.487034389,0,0,0,0,1.372624037,0,1.767936774,0,0.820555455,0,0.920638914,0,2.957520841,0,2.73592888,0,0,2.138796353,0,0,1.171953342,0,0,0,0,0,0,0,0,0,0,0,0,0,0,0,1.372624037,0,1.094992301,0,2.245564328,0,1.094992301,0,0.584166677,0,0,0,0,0,2.318767732,1.487034389,0.920638914,0,2.294957084,0,0,0,0,0,0,1.094992301,0,0,1.011610692,0,0,2.270565631,0,0,0,0,0,0,0,0,0,0,0,1.243412306,0,2.110222981,0,0,0,0,0,0,0,0,0,0,0,0,0,0,0,0,0,0,3.880003543,0,0,0,2.110222981,2.408715969,0,1.487034389,0,0,0,0,0,0,1.171953342,0,0,0,0,0,0,0,0,0,0,0,0,0,0.820555455,0,0,1.487034389,0,0,0,0,0,0,0,0,0
4.279531962,4.857668371,5.847797679,4.903729145,2.20845867,4.475169824,0,5.270067855,3.039295254,4.590646814,6.34977769,4.583585884,2.333621813,0,3.486743508,3.638997733,2.108375212,2.264028521,3.030961872,4.828977879,0,2.730648053,0,3.722014811,0,0,4.424551732,4.137907542,5.006320557,5.74900383,2.50325821,3.287839597,2.996916031,2.333621813,5.070387405,5.529375221,3.185710102,0,3.538434601,4.159796241,4.20993867,4.99581871,0,0.988485525,0,4.755669203,0,2.906356454,2.707789915,4.260137415,0,2.906356454,2.988220324,4.861700635,0,2.94357005,2.316672255,2.979448338,2.382812057,4.690981529,3.241473676,3.163970115,0.92179415,3.794774165,0,1.632035764,3.313400094,4.930380468,0,0.850335186,2.414310724,0,0,3.332150643,2.887217113,3.717813124,4.652047171,3.398042737,2.444847448,0,1.597549588,2.837702049,4.441029963,1.632035764,4.162498945,3.37458125,0,3.332150643,2.281886139,3.873466434,0,2.366682675,3.313400094,0,0,0,3.90188753,2.299430448,5.013261012,0,3.248230459,2.635902685,2.785606937,3.415284544,1.165416233,3.437820709,2.14961817,0,3.742762443,2.020406439,4.618402282,2.544930907,0.850335186,0,0,0,0,2.597923437,0,3.87706356,0,2.087097813,0,0,2.227327155,2.333621813,0.850335186,0,1.817178197,0,0,2.925136348,2.887217113,2.50325821,0,1.759190939,2.837702049,0,2.672492133,0,0,0,0.387711664,0.689992536,1.697633046,2.299430448,0,1.165416233,2.51734295,1.109846382,0,1.446318618,0.92179415,0,2.108375212,0,2.50325821,2.429695643,2.707789915,0,1.697633046,0.988485525,0,2.189227308,0,1.817178197,1.165416233,1.315698436,0,2.087097813,0,0,0,0,2.414310724,0,0,2.719284294,0,0,0,0,0,2.169618837,2.660443794,1.109846382,2.04313469,0,2.316672255,1.165416233,0,0,1.948947475,2.398685407,0,1.72888559,2.169618837,0,2.366682675,0,0,1.561831505,0,0,0,0,1.817178197,0,0,0,0,0.988485525,0,2.558444626,0,1.268070387,0,3.294291232,0,1.268070387,0.387711664,0,1.973338928,1.109846382,1.315698436,0,0,1.923946173,0,0,0,0,2.245846202,0,0,1.486323953,0.689992536,1.446318618,0,2.129209299,0,0,0,0,0,0,0,1.871986434,0,0.92179415,1.844957761,0,0.92179415,0,2.189227308,3.087887809,2.281886139,1.315698436,1.561831505,0,0.988485525,2.065357827,0,2.227327155,1.218059966,0.773374145,0,3.274810097,3.742762443,0,0,0,2.847803145,1.72888559,0,2.129209299,0,0,1.109846382,0,2.50325821,0.498937299,2.087097813,0,0,0,0,0,0,2.227327155,0,0,0,0,0,0,0,0,0,0,0,1.218059966,0,0.850335186,0,0,0,0,0,0,0,0,0,1.165416233,1.697633046,0,1.268070387,0,0.92179415,0.850335186,0,0,0,1.268070387,0,1.446318618,0,0,0,0,0,0,1.315698436,0,0.119447678,1.218059966,0,2.867704299,0,0,0,0,0,0,0,0,1.524790234,0,0,0,0,0,0.773374145,0,0,0,0,0,0,0,0,0,0,0,0,0,0,1.218059966,0,0,0,0.599020758,0,0,0,1.051005882,0,2.087097813,0,0,0,0,0,0,0,0,0,0,0,0.988485525,0.119447678,0,0,0,0,0,0,0,0,0,0,0
5.526977578,4.842669346,5.79448165,6.568573873,3.408864002,4.898671536,0,5.622361128,4.30481505,4.919630387,5.935934029,5.055196745,3.708222605,2.609610316,4.225000627,3.688121425,3.581067429,2.979628675,3.592303502,5.144254324,0,3.793989426,0,4.937251989,0,3.435355618,4.755803413,3.200708242,6.106117877,4.910701757,2.72240581,0,4.637365713,2.72240581,0,3.592303502,3.558209291,0,4.889552932,3.89797914,4.358161031,4.157490335,0,2.015835609,0,4.73106717,0,3.793989426,3.657191125,3.592303502,1.112967898,2.870825815,4.078240964,3.984647522,0,2.893554066,3.33939163,3.667607885,4.44755053,0,4.125229473,4.559775791,1.623793521,2.979628675,0,2.015835609,0,4.542644751,0,0,2.915777203,0,0,0,2.774365549,3.367762327,4.293795655,3.149849825,3.33939163,0,2.667597574,4.516385036,0,0,2.37520961,2.72240581,0,3.200708242,0,4.131765444,0,1.772213526,4.125229473,0.802812969,2.579304966,0,0,4.277035486,0,0,4.036129478,1.960265758,2.48245514,2.255065298,1.772213526,2.48245514,0,0,3.667607885,0,3.310192475,2.015835609,2.118489763,0,0,0,0,2.958794588,0,0,0,0,0,0,0,0,2.296737995,0,0,0,0,1.623793521,3.249104783,0,1.540411912,2.695377138,3.747251948,0,2.93751719,0,0,2.447968964,0,0,0,0,0,1.700754563,0,0.602142274,0,2.211580186,1.238131041,0,0,0,0,2.695377138,0,0,3.020038213,2.015835609,0,0,1.838904901,2.639024201,1.112967898,0,0,2.37520961,0,0,0,0,2.015835609,0,0,0,0,0,0,1.449440134,0,0,0,0,1.700754563,0,2.609610316,0,0,0,1.772213526,0,0,0,0,2.068479343,0,0,0,2.255065298,0,3.646664712,0.802812969,0,1.772213526,0,2.255065298,0,0,0,0,0,0,0,0,0,0,0,2.72240581,0,0,0,1.112967898,0,0,0,0,0,0,0,0,0,2.695377138,2.015835609,0,1.238131041,0,0,0,0,0,0,0,0,1.623793521,0,0,3.422197533,1.700754563,2.015835609,0,0,0,2.893554066,0,0,0,0,0,0,0,2.447968964,1.449440134,1.349356676,0,1.112967898,0,0,2.37520961,0,0,0,0,0,0,0,2.979628675,0,0,0,0,0,0,0,0,0,0.014355609,1.901425258,0,0,0,0,0,0,0,0,1.623793521,0,0,1.238131041,0,2.015835609,0,0,0,0,0,0,0,0,0,0,0,0,0,0,1.540411912,0,0,0,0.602142274,0,0,1.238131041,0,0,0,0,0,0,0,0,1.838904901,0,0,0,0,1.112967898,0,0,0,0,1.623793521,0,0,0.969867054,0,0,0,0,2.211580186,0,0,0,0,0,0,0,0,0,0,0,0,0,0,0,0,0,0,0,0,0,0,0,0,0,0,0,0,0,0,0,0,0,0,0,0,1.112967898,0,0,0,0,0,0,0,0,0,0,0,0
4.847880374,4.498024745,6.425538055,5.87491301,4.01545989,4.81407994,0,4.869157772,4.613184525,4.590683576,4.698443234,4.503557263,6.545583357,0,3.974169621,3.269243741,1.887677521,6.483559422,3.410447051,5.299509974,1.052879824,3.604360964,0,4.084902099,0,2.532506125,3.844311634,3.597558217,4.926794541,5.316783691,2.207845049,0,3.351107611,0,5.39442408,1.472733669,3.148494225,0,3.059049164,3.450775097,4.055112662,4.495246966,0,2.626915809,4.904875855,3.644233356,0,2.98628981,2.60873349,1.994923052,1.284681438,0,2.696509101,4.4497199,0,3.719503983,2.492096586,2.360036864,4.644817333,0,4.948243084,3.418643818,2.207845049,3.082171582,0,1.413893169,0,3.070677202,0,3.434838504,2.837366534,0,0,0,0,4.250665236,2.60873349,3.148494225,2.383293727,2.091772878,2.449985101,3.082171582,3.169659036,0,0,0,0,3.755116055,0,1.724048098,0.961908046,3.288023636,0,0,0,0,2.552114596,2.383293727,2.998789973,4.218171403,2.866145498,1.528303521,3.278677774,0,0.315280881,3.828182252,2.449985101,0,2.880230238,0,4.067988376,2.807734736,2.851859541,0,0,0,0,5.436535566,0,2.761572694,2.960810725,5.114072179,0,0,0,0,1.213222474,0,2.761572694,1.213222474,0,2.807734736,4.024408496,0,0,3.240395587,2.960810725,0,2.60873349,0,0,0,0,0,1.284681438,0,0,0,5.395555302,1.580947254,0,2.180065485,1.580947254,0,1.994923052,0,0,2.4712625,2.696509101,0,2.028259472,1.630957675,0,2.360036864,0,1.351372812,1.052879824,0,0,2.091772878,0,0,0,0,0,0,0,0,0,0,2.851859541,1.678585724,0,5.066517206,0,0,2.311834763,0,2.028259472,0,0,0,0,2.091772878,0.625435809,1.630957675,1.472733669,3.180075797,1.887677521,0,3.450775097,2.207845049,0,0,0,3.921272675,2.679559543,0,0,0,0.861824587,0,0,0,3.230591587,1.924718793,0,0,0,0,2.449985101,0,2.745699345,0,1.136261433,0,0,0,1.924718793,0,0,0,0,0.625435809,1.924718793,0,0,1.76753321,0,2.713176154,0,0,0,2.180065485,0,0,2.207845049,2.449985101,0,3.713443359,1.472733669,0,0,1.809205906,1.76753321,0,0,0,1.351372812,0.482334965,0,0,0,0,0,1.580947254,0,1.136261433,0,0,0,0,2.26119103,0,0,0,0,0,2.532506125,0,1.630957675,0,0,0,0,0,2.336226216,0,0,1.528303521,0,0,1.136261433,0,0,3.25971986,0,1.630957675,0,0,0,0,0,1.887677521,0,0.315280881,0,0,0,0,0,2.947823529,0,1.284681438,0,0,0,0,0,2.151492113,0,0,1.052879824,1.213222474,0,1.849211241,0,0,0,0,0,0,1.472733669,0,1.678585724,0,0,0,0,0,3.159132623,0,0,0,1.284681438,0,1.924718793,0,0,0,0,0,0,0,0,0,0,0,0,1.472733669,0,0,0,0,0,1.678585724,0,0,2.60873349,0,0,1.284681438,0,0,0,0,0,0,0,0,0,0,0,0,2.807734736,0,0,0,0,0,0,0,0,0,0,2.336226216,0,0,0,0,0,0
4.556046564,4.908222386,4.548376344,5.753984,3.60624942,4.968175191,0,5.71698624,4.383419979,3.761457742,5.713390192,5.456743564,5.089536048,0,2.844109368,4.191288831,3.496765188,2.789748159,3.342155266,4.928169856,0,3.211834149,2.696112554,4.255225383,5.037800373,0,5.28068871,3.009534125,1.86504223,4.995625448,3.434244831,2.963654519,4.421286419,3.302805927,6.39217474,4.457771152,3.644995187,0,3.691407229,4.42782239,3.769878844,5.392644734,0,3.682295548,4.447177833,3.070422494,2.414546709,4.538705089,3.143625898,4.693272175,1.036349558,0,4.926852333,3.620955568,0,2.708307827,2.606308659,3.704920948,3.240717023,5.037800373,4.083939483,3.818968454,1.265923999,3.329210101,3.534607541,2.197482203,2.11322186,3.786511244,0,2.865052542,1.452509955,4.482746436,2.311892555,1.679899797,2.895667178,2.905667261,1.971810206,4.149147764,2.381485846,0,2.430676091,3.718254479,2.536836286,2.565206984,0,2.522343279,4.043308894,3.061947867,3.28933771,1.86504223,0,3.053400807,2.83347097,0,1.609695539,0,0,1.098869915,4.37658624,0,0,0,2.381485846,3.354934992,3.822952523,2.536836286,3.649734532,0,4.090046372,3.380014677,0,4.180223711,0,0,0,0,0,2.767148327,0,2.068270472,0,2.462174758,0,0,0,1.892821794,1.86504223,2.04501361,2.973000381,0.546801333,0,1.713236218,1.645413621,0,1.452509955,2.844109368,2.04501361,0,2.04501361,0,0,2.177073332,0,0,1.946167775,3.757220447,0,0,0,2.068270472,0,1.31593442,1.776749623,3.211834149,3.95324807,1.836468858,0,2.789748159,0,0,0,1.892821794,0,3.722659772,1.213280266,0,0.821238178,0,0,2.64578747,0,0,0,0,3.197073733,3.32267413,0,2.973000381,0,0,1.836468858,0,0,0,0,0.898199219,2.156239245,0,2.068270472,1.494182651,2.944696605,0,2.090998723,1.265923999,0,2.068270472,0.969658183,0,2.64578747,0,0,0,0,0,1.213280266,0,0,0,1.452509955,2.021202961,1.452509955,1.409024843,0,2.156239245,2.11322186,0,0,0,0,0,0,0,2.844109368,0,0.969658183,0,0,2.04501361,0,0,0,0,0,0,0,1.86504223,0,0,0,2.347294482,0,0,0,2.329750172,0,0,2.275191188,1.946167775,0,0,1.836468858,0.435575697,1.776749623,0,1.74549708,0,2.156239245,0,0,0,0,1.572654267,1.645413621,2.237091342,0.546801333,0,1.609695539,1.31593442,0,0,0,0,0,0,0,0,0,0,0,0.167311711,1.836468858,0.969658183,0,0,0,0,0,1.452509955,1.409024843,1.892821794,1.494182651,0,0,0,1.31593442,0,1.213280266,0,0,0,0,0,1.494182651,1.409024843,0,0.310412554,0,0,0,0,0,0,0,1.157710415,1.409024843,0,0.646884791,0,0,0,1.679899797,0,0,0,0,0,0,0,0,0,0,0,1.452509955,0,0,1.645413621,0,0,0,0.969658183,0.969658183,0,0,0,0.821238178,0,0,0,0,0,1.534187986,0,0,0,0,0,0,0,0,0,0,0,0,0,0,1.213280266,0,1.679899797,0,0,0,0,0,0,0,0,0,1.265923999,0,0,0,0,0,0,0,0,0,0,0,1.157710415,0,0,0,1.713236218,0,0,2.329750172,0,0,0,0,0
5.008460962,4.949620462,6.804158246,5.567726835,4.998616748,4.299682036,0,4.968488947,2.757577244,5.299606418,3.949854008,4.542855809,4.784296482,5.861572793,4.073632109,3.55025402,3.096261871,2.215252953,3.982264252,4.651202758,0,3.348803293,3.073914572,3.407153176,5.661211228,0,3.230483633,2.84652473,4.248650556,4.56853116,3.407153176,3.313865242,3.423217779,3.415217736,5.907127916,5.351905918,2.408624346,0,3.180968568,2.340416096,4.052622933,5.126878717,0,3.027663554,4.000323434,2.757577244,3.096261871,3.118120664,2.772962163,1.611336906,0,0,2.693555385,3.507236635,0,2.888197426,3.039428396,2.131871344,0,4.61072104,4.018062258,2.451641731,0.842203819,3.191069664,3.268402868,2.267212692,0,2.589112722,4.279580857,3.71784777,2.316605447,4.02244823,2.160444716,3.085150645,3.085150645,3.096261871,2.915044676,2.472475818,0,0,1.453112901,2.954010645,0,0,0,1.747912441,4.524482589,2.757577244,2.430364333,1.611336906,2.625152658,3.699883215,3.390826283,0,0,0,2.901711145,1.561326486,2.241570261,0,0,0,2.966669042,2.570593674,0.60581504,3.374228391,3.840564215,0,2.55172519,1.905098025,0,2.607295041,0,0,0,2.072152109,0,2.625152658,0,2.340416096,0,3.995839122,3.723764947,0,2.55172519,0,0.942287277,0,3.39902305,0,0,2.292213994,2.757577244,0,1.975302283,2.072152109,1.789585137,0,1.611336906,0,0,2.99151504,1.193601705,1.704427329,2.451641731,0,0,0,2.954010645,0.842203819,0,2.131871344,1.116640664,0,0,2.160444716,0,2.292213994,2.625152658,0,0,1.193601705,0,1.868056753,0,0,1.394272401,0,0,0,0,0,0,0,2.131871344,0,0,2.979169204,0,0,2.160444716,2.693555385,0,2.726078577,0,0,1.033259055,0,0,1.453112901,2.040899566,0,2.817745765,2.040899566,1.193601705,1.116640664,2.241570261,3.191069664,1.453112901,0,0,2.55172519,0.295660112,0,0.730978183,0,0,0,0,2.241570261,0,1.868056753,0,2.241570261,2.532493828,1.611336906,0,0,0,0,2.772962163,0,0,0,0,0,0,2.901711145,1.940816107,0,0,0,1.940816107,0,0,1.905098025,0,1.508682752,0,2.188224281,0,0,0,0,0,0,2.451641731,0,1.033259055,0,0,0,0,0,0,0,2.512885356,0,1.704427329,0,0,0,2.451641731,0,1.611336906,0,0,1.658964955,0,0,0,0,0,0,0,0,0,0,0,0,1.905098025,0,0,0,2.676888332,0,0,0,0,0,1.116640664,0,0,0,2.072152109,0,0,0,0,0,0,0,0,0,0,0,0,0,0,0,0,0,1.265060669,0.842203819,0.842203819,0,1.611336906,0,0,0,2.625152658,0,0.842203819,0.60581504,0,0,0,0,0,0,0,1.508682752,0.842203819,2.607295041,0,0,0,0,0,0,0,0,1.868056753,0,1.658964955,0,1.033259055,0,2.408624346,0,0,0,0.295660112,0,0,0,1.265060669,0,0,0,0,0,0,0,0,0,0,0,0.942287277,0,0,1.611336906,0,0,0,0,0,0,0,0,0,0,0,0,0,0,0,0,0,1.033259055,0,0,0,0,0,0.295660112,0,0,0,0,0,0
4.792514651,5.190337256,6.620517625,4.377570799,3.22011801,5.174197027,0,5.363836376,4.137365222,5.036297755,4.667880994,4.788534546,4.931369485,5.424757876,4.776498292,3.649224881,0,3.465032416,2.868216345,4.407202596,0,3.685926248,2.768132886,4.435981561,6.237855194,4.694519639,4.776498292,2.366420128,5.551471887,5.063928063,3.623986949,3.345843899,3.810028946,3.85159337,5.839502574,3.856669523,3.557956367,0,3.119530773,0,3.793985821,5.230865679,0,0,4.318730299,3.042569732,0,4.011181801,3.031075353,3.871745185,0.822222737,0,4.082341521,4.65429075,0,3.108892375,2.983729232,2.622715886,2.343691877,4.831467969,3.948521486,0,0.585833959,3.345843899,0,3.087269911,0,2.94668796,3.920416592,3.679902133,2.605171577,3.709666235,2.320435015,4.538358908,4.045300249,3.362580692,3.087269911,3.551107025,0,0,2.320435015,1.541345404,0,0,0,2.689968113,4.988479881,3.108892375,0,2.895063595,0,3.66160894,0,0,0,0,0,1.638983874,3.379041969,0,0,0,3.623986949,2.111890263,1.43313182,2.639957693,3.820583133,0,2.296624366,0,4.207504664,1.848075672,0,2.111890263,2.472903608,0,0,3.44993779,0,1.809609391,2.296624366,2.43166065,0,0,3.311505762,2.388643265,1.245079588,0,2.854517501,0,0,1.541345404,2.052171028,0,0.822222737,3.190989737,1.37429132,0,2.605171577,0,2.840628388,0,0,3.856669523,3.66160894,2.783058537,0,0,4.279700955,1.638983874,0,1.72793136,1.173620624,0,2.052171028,3.266855488,0,0,1.591355825,0,2.111890263,1.885116943,0,0,0,1.488701671,1.37429132,0,0,0,0,2.052171028,0,0,0,4.015510812,0,3.557956367,0,0,2.921208875,0,0,4.144984307,0,0,2.140463635,0,2.737596162,0.075008335,2.296624366,0,2.492904275,2.868216345,0,2.43166065,2.639957693,0,0,0,0,3.042569732,0,0,0,0,2.531744108,0,0,3.571515897,0,1.37429132,0,2.512512746,0,1.809609391,3.411173247,0,0,2.020918484,0,0,0,0,1.72793136,0,0,2.622715886,0,0,0,0,0,0,0,1.955321202,0,1.920835026,0,1.311770963,0,0,0,1.638983874,0,0,2.752981081,2.768132886,1.591355825,0,2.410383251,0,0,0,0,0,0,0,1.541345404,1.848075672,0,0,0,2.43166065,0.822222737,0,0,1.591355825,0,0,0,0,0,0,0,0,0,0,0.442733116,0,0,0,2.639957693,0,0,0,0,0,0,0.442733116,2.512512746,0,0,0,0,1.37429132,0,0,1.488701671,0.822222737,0,0,3.611125035,0.442733116,0,0,0,0,0,0,0,0,0,0.822222737,0,0,0,0,0,0,0,0,0,0.922306196,0,0,0,0,0,0,0,0,0,0,0,0,0,0,0,0,0,0,0,0,1.173620624,0,0,0,0,0,0,0,0,2.43166065,0,0,2.410383251,0,0,0,0,0,0,0,0,0,0,0,2.768132886,0,0,1.591355825,0,0,0,0,0,0.922306196,0,0,0,0,0,0,2.052171028,0,0,0,0,1.173620624,0,0,0,1.245079588,0,2.622715886,0,0,0,0,0,0
5.672903217,3.825744969,2.675172941,4.446729703,3.289276914,4.721057699,0,5.259623221,2.538207086,4.387889203,6.286090854,4.773436237,3.696183984,5.521476701,3.20815137,4.271728228,3.119858762,1.778684837,3.865452418,4.665783269,0,3.926792399,0,4.158594013,5.455233678,2.28951046,4.290990461,3.245021905,5.067233041,3.434107862,4.121621225,0,3.580200481,4.005954592,5.911181165,3.648977579,3.612050307,0,3.962751329,0,2.28951046,4.870618159,0,0,0,2.519688038,2.76684013,3.757655848,3.254030975,3.967156623,0,0,3.648977579,4.098763087,0,2.28951046,2.795619094,2.795619094,3.388122749,4.550047317,2.500819554,2.164347317,1.343366765,2.795619094,0,2.556389405,2.190664626,3.499348384,3.917596932,3.678741681,2.312767323,1.778684837,0,4.710662595,2.722056527,3.835820621,4.811939549,3.624511527,2.519688038,0,2.28951046,2.706671608,0,0,0,2.519688038,4.361571895,3.395935289,3.056345357,3.000150798,0,3.707645427,4.010174008,2.400736095,0,0,0,2.312767323,5.033003508,0,1.854192389,2.461979721,2.335495574,2.952804678,1.924396648,2.519688038,2.69104629,0,2.591791332,0,0,1.653521694,0,1.924396648,0,2.591791332,0,2.481588192,0,3.169869183,0,1.924396648,0,1.889910472,0,2.928263569,0.98235342,0,2.461979721,0,0,2.481588192,2.335495574,2.98852276,1.280846408,2.659043559,1.214155034,0,0,0,0,2.928263569,0,0.891381642,2.76684013,0,1.98999393,0.891381642,0.891381642,0.98235342,0,0,1.214155034,0,0,0,0,2.335495574,2.877297125,0,1.560431271,0,0,0,0,1.60805932,1.065735029,1.14269607,0,0,0,0,0,0,2.28951046,0,1.14269607,2.625982697,0,4.91588263,0,3.011645178,0,0,2.795619094,0,2.241308359,0,2.241308359,0,0,0,1.280846408,2.28951046,0,2.051551823,2.137318645,0,1.51042085,2.556389405,0,0,0,0,0.680072548,0,0,0,0,0.680072548,0,1.402207265,0,2.538207086,0,1.343366765,3.254030975,0,0,2.35771871,2.265699812,0,0,0,0,0,0,2.591791332,0,0,0,0,1.214155034,0,1.957733068,0,0.411808561,2.051551823,0,0,0,0,1.214155034,1.653521694,0,0,0.98235342,2.265699812,0,0,1.817151117,0,1.889910472,2.241308359,2.080965708,0,1.51042085,1.065735029,0,0,0,1.854192389,0,2.556389405,0.554909405,0,0,1.343366765,3.912967294,0,0,0,0,0,0,0,0,0,0,0,0,1.065735029,0,0,0,0,0,0,0,2.080965708,0.244754477,0,0,0,0,0,1.402207265,0,0,1.738679502,0,0,0,0.98235342,0,0.554909405,0,0,0,2.519688038,0,0,1.065735029,0.411808561,1.402207265,0,0,0,0,2.659043559,0,0,0,0,1.343366765,2.051551823,0,2.675172941,0,0,0,0,0.891381642,0,1.14269607,2.021246474,0,0,1.214155034,0,0,2.312767323,1.854192389,0,0,0,0,0,2.441979054,0,0,0,0,0,0,0,0,0,0,0,0,0,0,0,0,2.051551823,0,0,0,0,0,0,0,0,0,0.98235342,0,0,0,0,0,0,0,0,0,0,0,0,0,0,0,0,0,0,0,0,0,0,0,0,0,0
6.342893583,6.748854157,4.927943966,6.576743811,4.908165818,6.550997454,0,5.718402216,0,5.426454163,4.987343848,5.211640137,5.457203291,4.024423246,4.562664175,3.75569436,0,2.664956127,3.91603701,4.264937705,0,3.48499506,2.229638056,4.006130053,4.17033986,3.001428364,5.636275161,0,3.018095417,3.629476642,3.786825278,4.771955613,5.711716954,3.779132933,5.181703383,3.352203586,3.611376601,0.930355072,4.426862633,0,4.944934666,4.956896531,0,2.539792984,3.909280227,0,0,5.168318862,3.771380956,1.16674385,1.266827309,3.409690677,5.121019405,2.616754026,0,3.278550676,3.999957194,3.142285797,2.876265221,4.788977301,2.895133705,3.794458903,2.192596784,0,0,3.515609696,0,3.647254888,2.539792984,5.084016211,3.097502194,4.012265042,2.837425388,0,2.512764312,3.001428364,1.833222784,2.456411376,2.664956127,0,3.839075969,4.964005566,0,2.733164377,0,4.036435403,0,2.876265221,0,0,2.876265221,2.566110293,0,0,0,0,0,0,3.420801902,0,0,2.396692141,0,2.114125169,3.185149501,0,2.967236999,0,2.265356139,0,0,3.698768423,0,0,2.754904364,0,2.913652753,2.566110293,0,1.518141737,0,2.876265221,0,0,0,2.229638056,1.885866517,0,2.265356139,0,0,0,2.028967361,0,1.589600701,3.420801902,2.114125169,2.733164377,1.518141737,0,3.127579649,4.422814045,0,0,0.930355072,3.602202224,0,0,2.456411376,2.931835072,0,1.983504987,2.776181763,2.876265221,3.199038613,2.192596784,0,0,0,0,0,3.239584708,0,2.913652753,0,0,2.539792984,0,0,0,0,0,3.340298683,0,1.055518215,2.68821299,1.718812432,0,0,0,0,0,0,0,0,0,0,0,1.983504987,0,2.641145479,0,0,2.566110293,0,1.266827309,0,0,2.664956127,0,1.935876938,0,0,0,1.266827309,0,0,0,0,2.931835072,2.114125169,1.357799087,0,0,0,0,0,0,0,0,2.028967361,0,0,0,0,0,0,0,0,0,0,0,2.114125169,0,0,1.777652932,0,0,0,1.518141737,0,0,3.142285797,0,0,0,0,0,0,0,0,0,1.718812432,0,0,0,1.885866517,0,0,1.833222784,0,0,0,0,0.419529448,3.54531485,0,1.16674385,0,0,0,0,0,0,0,0,0,0,0,1.935876938,0,1.441180696,0,0,0,0,1.718812432,0,0.16821502,0,0,0,0,0,2.566110293,0,0,0,0,0,0,0,0,0,0,0.16821502,0,1.441180696,0,0,0,0,0,0,0,0,0,0,0,0,1.656292075,0,1.589600701,0,0,0,0,2.664956127,0,0,1.935876938,0,1.518141737,0,0,0,0,0,0,0,0,0,0,0,1.055518215,0,0,0,0,0,1.935876938,0,0,0,0,0,0,0,0,0,0,0,0,0,0,0,0,0,0,0,0,0,0,0,0,0,0,0,0,0,0,0,1.589600701,0,0,0,0,0,0,0,0,0,1.833222784,0,0,1.357799087,1.357799087,0,0,0,0,0
4.852387407,4.227436544,6.598798123,5.302791971,3.180218965,4.913459013,0,5.166587706,1.582275432,5.361909249,6.219221102,4.707782049,4.730115484,0,4.227436544,3.926824724,2.661656359,2.806050863,3.34993735,4.93167814,0,2.601638349,0,4.050374963,5.622314649,1.322764236,5.217603405,4.474233233,4.164654424,5.766286573,3.083173176,0,4.286508834,3.057365292,5.859338298,6.090620005,2.822717916,0,3.460649374,4.211076261,4.164654424,5.063075864,0,0,4.995777749,4.267203216,0,4.52068121,3.299926929,4.286508834,0,0,4.886542274,5.371000221,0,3.753775118,3.180218965,2.370732792,3.247283195,4.73745048,4.888638711,4.286508834,0,3.679416551,2.789101305,2.492835489,3.643698468,3.359646164,0,2.396375223,2.069978638,4.812515015,2.317386812,0,3.044207207,3.62163875,2.886739775,3.519988814,2.601638349,0,1.997219284,3.320232195,3.658139152,0,0,3.203077103,4.499273665,3.003661113,2.946908296,3.985352063,0,3.451877388,2.806050863,0,0,0,0,1.740499437,4.886542274,0,0,2.104464814,0,2.23161999,2.445767978,2.806050863,3.629046191,0,3.544380267,0,2.601638349,3.095831573,0,0,0,0,0,3.236413523,0,1.958753003,4.025863932,2.946908296,0,0,2.261033875,0,0.860140714,0,3.707099979,0,0,2.642047887,2.137801235,0,0,0,2.23161999,0,0,0,0,2.170062097,0,0,2.370732792,3.095831573,1.997219284,0,0,1.071449808,0,1.997219284,1.83358986,0,2.789101305,0,0,2.469578627,2.661656359,0,0,1.83358986,0,2.537786877,0,0,2.492835489,0,0,1.740499437,0,0,0,0,2.069978638,0,2.642047887,2.51556374,0,0,2.069978638,0,0,0,0,0,2.537786877,0,1.788127486,0,1.788127486,0,0,2.601638349,0,1.958753003,0,0,2.137801235,0,2.771859499,0,0,1.245803195,1.3942232,0,0,0,0,2.137801235,0,2.034260556,0,3.070352487,0,2.642047887,0,2.559526864,0,0,0,0,0,0,0.424822643,0,2.469578627,2.170062097,0,0,0,0,0,0,2.396375223,2.344415484,0,0.97136635,0,1.997219284,0,0,0,2.137801235,0,0,2.289607247,1.740499437,0,0,0,1.3942232,0,0,0,0,0,0,0,1.460914575,0,0,0,2.699756205,0.860140714,1.523434932,0,1.877074972,0,0,0.591876728,0,2.034260556,0,0,0,0,0,0,0,1.83358986,0.860140714,0,0,0,0,0,0,0,2.069978638,0,0,2.137801235,0,1.637845283,0,0,0,0,0,0,0,0,0.734977571,0,0,0,0,0,0,0,0,0,1.637845283,0,0,1.582275432,0,0,2.51556374,0,0,0,0,0,0,0,0,0,0,1.877074972,1.958753003,0,0,0.97136635,0,0,0,0,0,0,0,0,0,0,0,0,0,1.997219284,0,0,0,0.224151948,0,0,0,0,0,0,0,0,1.3942232,0,0,0,0,0,0,2.421376525,0,0,1.322764236,0,0,0,0,0,0,0,0,0,0,0,0,0,0,0,0.591876728,0,0,0,0,0,0,0,0,0,0,0,0,0,0
5.705015224,5.466021159,5.24439241,5.964324732,4.648677062,5.925123241,0,5.040719149,5.948177118,5.473899351,0,5.233141464,2.849126123,4.78986563,4.542984816,4.176880782,4.578190538,4.04621609,4.475744129,3.379966711,0,3.74277989,4.348781402,4.289012579,3.945328772,1.075256219,4.097236719,3.978546536,2.037292973,3.544076731,3.835804662,3.318678387,4.15168565,3.630337075,0,3.228995684,3.691253342,0,3.694358934,3.492309166,4.612198853,4.491237397,0,2.977681256,2.958449894,3.167907992,4.372667888,3.703618259,4.052737852,2.827227438,1.075256219,1.987282552,3.437714713,4.268268533,0,1.667759874,3.808517839,3.0089338,0,0,3.445698787,3.258194839,2.145089543,2.841879715,0,3.167907992,3.015068788,3.125005971,3.371437875,3.579478658,3.068653034,3.827696509,2.912083974,0,2.318858818,1.75770811,1.116928915,2.456217234,2.10030594,0,3.051108725,2.255546539,3.371437875,1.840229134,0,3.193816177,2.827227438,2.020899163,2.812357276,0.83602653,1.116928915,2.355007332,1.667759874,3.130470465,2.187953248,0,0,1.542596731,0,0,1.820228467,3.277197786,1.515568058,1.59455647,1.195400531,2.567442869,2.477382045,0,2.487798806,2.145089543,0,3.811280272,0,0.986308733,3.033251107,0,0,2.069295704,1.487788494,2.215541204,1.302646061,2.40125835,0,2.548118596,0,2.567442869,2.466855632,0,1.542596731,0,0.058321961,2.037292973,1.302646061,2.306512982,2.693168758,1.897937452,2.538314596,2.912083974,0,0,0,2.774184702,2.145089543,2.20184236,1.302646061,0,0.360602833,0.780456679,0,2.750561556,0,1.459215122,2.187953248,0,3.262979537,0,0,1.897937452,1.515568058,0,1.691016736,3.0089338,2.548118596,3.253387137,1.031771107,0,2.037292973,1.15693425,0,1.59455647,0,2.281354423,0,0,0.659095822,0,0.938680684,0,0,0,1.820228467,1.515568058,1.429801237,0.721616179,0,0.592404447,1.268159885,0,2.20184236,0.83602653,1.667759874,1.268159885,0.780456679,1.268159885,1.542596731,1.116928915,1.459215122,1.031771107,1.859837605,0,0,0.780456679,0.938680684,0,2.20184236,0,0,0,1.302646061,0,2.632280389,0.938680684,1.195400531,1.031771107,0,0,1.691016736,0,1.840229134,0,0,0,0,0,0.269631055,2.115457745,0,0,1.268159885,2.43459477,1.15693425,0,0,0,1.116928915,1.399495887,0,0.058321961,1.075256219,0.269631055,0,0,2.318858818,0.721616179,0,1.399495887,0.360602833,0.83602653,0,0,1.031771107,1.031771107,0,2.456217234,2.34310243,0,0.780456679,1.643949225,0.721616179,0,0,0,0,2.069295704,1.15693425,1.459215122,0.83602653,0.592404447,0,0,0,0,1.840229134,0,2.10030594,0,0,0,0.169547596,0,0,1.15693425,0,2.084921022,0,0,0,1.970040746,1.879068967,1.735968124,1.429801237,0,0,0,0,0,1.335982481,0,0,0,0,0,0,0.520945483,0,0,0,0,0,0,0,0,0.443984442,0.169547596,0,0,0,0,0,2.00423211,0,0,0,1.302646061,0,0,0,0,0,0,0,0,0,0,0,0,0,0,0,1.691016736,1.195400531,0,0,0,0,0,0.520945483,0,0,0,0,0,0,2.378400212,0,0,0,0,0,0,1.268159885,0,0,0,0,0,0,0.83602653,0,0,0,0,0,0,0.721616179,1.116928915,2.958449894,0.520945483,0,0,0,0,0,0,0,1.031771107,0,0.888670263,0,0,0,3.314153493,0,0,0,0,0,0,0,0,1.335982481,0
5.788632183,7.188482711,5.908927226,6.816760412,3.059046829,6.349831904,0,6.245849128,2.579473749,6.129785602,2.075947427,4.75945652,2.179488106,3.609877787,5.502871624,4.24031484,1.732175888,4.963284282,3.678086037,3.484714644,0,4.863200823,0,4.58923537,4.663027702,5.137637669,5.193897334,3.085894079,3.351817971,0,4.606754066,5.296276741,5.403596121,4.58923537,2.643325221,0,3.49356426,1.829814358,5.123927086,5.742302371,4.269123416,4.405439973,0,0,0,1.875276732,3.174559716,3.984816305,4.909160772,1.918761844,0,4.26505837,4.273172005,0,0,3.059046829,4.695331991,3.085894079,0,4.202012285,0,3.137518444,3.545077794,1.918761844,4.934505317,3.782347048,0,2.146151686,2.622491134,4.776698326,2.813546371,1.732175888,3.099052164,3.706968912,3.244763975,2.463063397,3.448511596,2.778144444,3.003088175,0,4.902722981,2.557250612,3.984816305,3.003088175,2.211748969,3.569872453,3.186608055,2.243001512,2.683734759,1.565121804,0,1.287490067,0,1.829814358,3.299722859,0,0,2.243001512,0,0,0,0,1.679532155,0,4.812673429,1.565121804,2.534522361,0,2.331294119,0,0,1.875276732,0,2.579473749,3.864671993,0,0,2.075947427,0,0,0,2.11166551,2.912801329,2.943811565,0,2.643325221,1.502601447,0,2.179488106,0,2.759962124,1.435910072,0,0,0,0,3.017374133,3.90049672,0,0,3.448511596,4.052550523,2.179488106,3.137518444,0.901827586,2.359073683,0,1.782186309,0,3.391624221,0,2.243001512,2.000439875,0,0,0,0,0,0,0,0,3.553411176,3.888697173,0,0,1.287490067,3.174559716,0,0,0,0,1.623962304,0,0,0,2.000439875,0,0,0,0,1.502601447,0,0,0,0,0,1.11313668,0,0,1.623962304,3.448511596,0,1.623962304,0,0.901827586,1.364451108,2.663734092,0,0,0,0,0,1.623962304,0,3.233400216,0,2.038906156,0,0,2.000439875,2.075947427,0.901827586,1.679532155,1.875276732,0,0,2.11166551,0,0,0,0,0,0,0,0,0,0,2.038906156,0,0,0,0,0,3.221905837,0,0,0,1.204108458,0,1.918761844,0,0,1.364451108,0,0,0,0,0,0,0,0,0,0,1.204108458,0,0,0,1.364451108,0.6335636,2.038906156,0,0,1.829814358,0,1.013053221,0,0,1.364451108,0,0,0,0,0,0,0,0,0,0,0,0,0,1.502601447,0,0,1.732175888,0,2.211748969,0,0,0.466509515,1.732175888,0,0,0,2.511265499,0,0,0,0,1.623962304,0,0,2.331294119,0,0,0,0,0,0,0,0,0,0,0,0,0,0,0,0,0,0,0,1.013053221,2.179488106,0,0,0,0,0,0,0,0,1.287490067,0,0,0,0,0,0,0,0,0,1.623962304,0,0,0,0.901827586,0,0,0,0,0,0,0,0,0,0,0,0,0,0,0,0,0,0,0,0,0,0,2.412419664,0,0,1.829814358,0,0,0,0,0,0,0,0,0,1.502601447,0,0,0,0,0,0,0,0,0,0,0,0,1.013053221,0,0,0,0,1.11313668,0
5.16768066,6.922909397,3.441333456,6.032146324,3.458649906,5.774451989,0,6.471192874,6.119839411,4.78639635,2.769785387,5.746099575,2.998044039,5.310781504,4.688466131,3.879729242,2.734999271,3.587341278,3.797571623,3.238720069,0,4.537030291,0,4.554396863,5.568212615,4.938106218,5.583708793,0,2.882808776,0,4.119078792,4.978341531,4.406206387,4.00157288,3.609730273,2.450262709,3.137510167,1.562959514,4.510401498,5.088479349,3.929189872,3.918408096,0,0,0,1.143105668,3.602322832,5.175420637,4.351491886,3.441333456,1.504119014,4.700935121,5.211760744,0,0,1.504119014,4.243981043,2.882808776,0,0,0,3.803669203,2.473519571,3.617083248,4.358497169,3.160903047,0,1.441598657,3.803669203,4.158214221,2.83592519,3.238720069,3.31091636,3.450029163,1.89943175,0,0,2.582322431,2.912886231,0,3.7344592,3.063857258,4.869322793,3.125605265,3.290815181,2.212304072,4.263361494,2.377059305,2.402060607,1.05213389,0,2.561488344,1.226487277,0,3.137510167,0,2.661571803,1.814273942,0,0,2.752543581,0,2.927592378,0,3.609730273,2.786734945,3.31091636,0,3.101361653,2.402060607,0,0,0,3.508869663,2.661571803,0,0,0,3.541000941,1.768811568,0,2.540210946,0,1.768811568,2.325099566,2.473519571,0.840824796,0,0,0,0,1.977903366,1.05213389,2.150746179,0,0,4.286132877,3.270301641,1.303448318,0,0,3.508869663,0,1.143105668,1.814273942,0,0,2.942085386,0,2.298070894,0,0,2.561488344,0,0,2.540210946,1.441598657,2.473519571,2.014944638,0,0,2.181998722,3.727923229,0,0,1.618529365,2.680440287,0,0,1.504119014,0,0,0,0,2.014944638,2.241717957,0,0,0,2.181998722,0,0,0,0,0,1.977903366,1.814273942,0,1.768811568,1.441598657,2.270291329,0,2.661571803,0,0,1.226487277,1.857759054,0,0,0,0,1.374907282,0,0,3.038049374,0,0,0,2.014944638,0,1.977903366,0.405506725,1.441598657,0,2.496247822,0,1.814273942,1.226487277,0,0,0,0,0,1.441598657,0,1.504119014,3.340330246,0,0,1.671173099,0,0,0,4.054983631,0,0,0,0,0,0,0,0,0.57256081,0,0,1.814273942,0,0,0,0,0,0,0,1.303448318,0,0,0,2.298070894,0,1.374907282,0,0,0,0,0,0,0,1.05213389,0,0,0,0,0,0,0,0,0,0,0.405506725,0,0,1.618529365,0,0,2.05066272,0,0,0,0,0,1.562959514,0,0,0,0,0,0,0,1.303448318,1.721183519,0,0,0,0,0,0,0,0,0,0,0,0,0,0.952050432,0,0,0,0,0,0,0,0,1.814273942,1.857759054,0,0,0,2.118485317,0,0,1.374907282,0,0,0,0,1.618529365,0,0,0,0.57256081,0,0,0,0,0,0.405506725,0,0,0,0,0,0,0,2.602731303,0,0,0,0,0,0,0,0,0,0,0,0,0,0,0,0,0,0,3.024891289,0,0,0,0,0,0,0,1.671173099,0,0.840824796,0,0,0,0,0.715661653,0,0,0,0,0,0,0,0.57256081,1.05213389,0,0,0,0.57256081,0
4.305635787,4.823010759,4.77538271,5.910133385,2.434859777,6.776932096,0,6.573752716,4.399638411,5.711752906,2.929556019,5.674844565,2.486819516,4.464760873,4.706298141,4.788137985,3.658635209,3.824481928,4.219930258,4.380769926,0,4.689654206,0,5.318542547,4.635042937,4.395893088,5.475565416,3.235365476,3.173617469,0,4.611125504,2.649971157,4.188109392,4.454197395,0,1.41320853,3.282157638,0,5.652668366,4.276467052,4.637992791,5.559864386,0,0,0,1.924034153,4.210941434,5.32003286,4.818102773,1.878571779,0,2.407831105,4.989499765,0,0,2.583279782,4.632084355,2.945685401,3.25903522,0,2.536212271,4.106333081,2.771332014,2.26050639,5.619006122,4.126184849,0,2.049197296,2.977184068,4.345882667,3.022646442,0,3.506443394,2.380051541,2.62823117,1.924034153,0,0,3.658635209,0,4.471741704,2.56002292,4.407087235,0,1.924034153,4.04429769,3.359118679,2.407831105,3.459705916,0.682321021,0,1.924034153,2.808719546,0,0,0,3.869944303,2.351478168,0,0,4.006249622,0.950585008,1.25286588,0,2.461177086,0,2.692082642,0,0,2.26050639,0,2.049197296,0,0,2.808719546,0,0,0,3.978157887,0,1.061810643,0,0.825421865,2.322064283,0,1.924034153,1.924034153,0,1.728289576,0,3.022646442,0.825421865,0,1.83094373,1.728289576,0,4.188109392,3.83768344,1.061810643,0,0,3.542321681,2.087663577,2.671248555,1.25286588,0,0,2.671248555,0,3.400575392,0,2.087663577,2.671248555,0,1.967519265,0,0,0,0,2.291758934,0,2.945685401,0,0,0,0.515266936,3.533472066,0,0,1.484667494,0,0,4.689654206,0,1.336247489,2.009191962,0,0,0,0,0,0,0,0,0,0,0.682321021,0.825421865,0,3.007720792,2.606008033,0,0,1.161894101,1.061810643,0,0,0,0,0,0,0.682321021,1.967519265,0,3.618629874,0,1.613879225,0,2.322064283,2.434859777,2.26050639,0,1.41320853,0,0,0,2.583279782,0,0,0,0,0,0,0,0,0,0,0,0,2.194909108,0,0,0,1.78093331,1.551358868,0,0,0,0,0,0,0,0,0,0,0,0,2.228245528,1.061810643,0,1.25286588,0,0,2.351478168,0,0,0,0,1.336247489,0,0,0,0,0,1.161894101,1.83094373,0,0.314596241,0,0,2.124704849,0,0,0,0,0,0,1.551358868,0.515266936,0,0,3.022646442,0,0,0,0,0,0,0,1.25286588,1.41320853,0,1.41320853,0,0,0,0,0,0,0,0,0,0,0,0,0,0,0,0,0,0,0,0,0,0,0,0,0,0,0,0,2.049197296,1.672719725,0.950585008,0,0,0,0,0,0,0,0,0,0,0,0,0,0,0,1.613879225,0,0,0,0,0,0,0,0.950585008,0,0,0,0,0,3.602168597,0,0,0,0,0,0,0,0,0,0,0,0,0,0,0,0,0,0,2.009191962,0,0,0,2.536212271,0,0,0,1.484667494,1.41320853,0.825421865,0,0,0,0,0,0,0,1.484667494,0,0,0,0,0.515266936,0,0,0,0,2.461177086,0
5.24038803,5.08613808,4.62897727,5.827777554,6.019925986,5.637279663,0,4.707076014,4.855846037,4.611258091,2.80486696,5.057947347,4.018992135,6.249766538,2.748908306,5.424791991,4.698921025,2.104893814,4.731149393,4.876626005,0,4.268059372,4.438499601,2.80486696,5.379191386,1.033310198,2.83171421,3.416553194,0,0,3.331887269,3.508166512,3.221606144,3.156768625,3.930326498,4.688632868,3.598259555,0,4.358346218,2.280342491,3.04554299,3.012931404,0,3.592086696,0,2.626618728,4.038992802,0,4.027040469,3.416553194,2.704783501,2.208883527,0,0,0,3.534746149,3.203506103,3.056181388,0,0,2.85785949,2.104893814,3.034790198,3.394164199,4.425130418,2.626618728,0,3.077124562,4.642063607,1.664581975,3.077124562,3.703312331,0,2.104893814,2.777279003,2.64274811,3.203506103,3.034790198,3.001820179,0,1.248421577,0,2.559366501,0,3.610492124,1.988821643,4.074015837,2.689631696,0,2.048540877,2.389145351,3.256852083,0,2.523964574,3.107739198,0,3.74667956,0,0,0,2.389145351,1.033310198,2.280342491,3.610492124,1.988821643,3.363510458,3.514877946,0,3.714331726,0,0,1.706254671,0,2.07711425,0,0,0,2.468394723,4.326179702,2.019126992,2.048540877,0,4.202995778,2.208883527,1.957569099,2.208883527,0.949928589,0,3.066707801,0,3.077124562,2.593557866,3.194331726,0,3.194331726,1.891971817,0,3.097638102,0,0,0,0,1.369782434,0,0.758873352,1.706254671,0.647647717,1.110271239,0,1.621096863,0,1.821767558,1.988821643,0,1.925308237,0,2.280342491,1.891971817,2.280342491,0,0,1.110271239,0,0,0,0,0.858956811,0,0,2.689631696,0,0,3.290897925,0,2.131922486,0,0,0,0,0,1.925308237,0,0,0,2.048540877,2.763194263,0,0,2.576608308,2.233274981,0,0,1.988821643,0,2.104893814,0,1.857485641,1.369782434,1.706254671,3.573336147,0,0,0,3.04554299,2.389145351,0,0,0,1.664581975,1.784726286,0,0,0.949928589,0.758873352,0,1.52800644,1.575634489,2.468394723,2.748908306,2.559366501,0,0,0,1.181730203,1.033310198,2.576608308,0,0,0,0,0,0,0,3.560637563,0,2.019126992,0.858956811,1.181730203,1.181730203,0,0,0,1.746260006,1.925308237,0,1.575634489,1.925308237,1.181730203,1.746260006,0,1.706254671,0,0,0,0,0,0,0,1.52800644,0,0,0,0,0,1.033310198,0,0,0.522484574,0,3.012931404,0,0,0,0,0.949928589,1.706254671,0,0,1.110271239,0,0,0.858956811,0,0,2.487263207,0,0,0,0.647647717,0.858956811,1.925308237,0,0,0,0,2.674246777,0,0,0,0,0.758873352,0,0,0.647647717,0,0,0,0,0,1.664581975,0,0,0,1.52800644,0,0,2.280342491,0,0,0,0,0,0,0,0,0,0,0,0,0,0,0,0.949928589,3.290897925,0,0,0,0,0,0,0,0,0,0,0,0,0,0.647647717,0,0,0,0,0,0,0.522484574,0,0,2.019126992,0,0,0.212329646,0,0,0,0,0,0,0,0,0,0,0,2.104893814,0,0,0,0,0,0,0,0,0,0,0,0,0,0,1.033310198,0,0,0,0,0,0,0.37938373,0,0,0,0,0,1.746260006,0
5.062578777,4.27697594,5.146735991,4.780157642,5.826894443,5.048182642,0,5.137306407,6.191359266,4.235827278,3.176121498,5.315593308,3.260041683,4.945752405,4.511476924,4.767895908,3.9233359,4.509703873,4.360715828,2.755388918,0,3.847140116,3.932859782,3.266214542,5.879672254,5.077776638,2.097509876,3.988173419,2.173737242,0,3.870950765,2.173737242,3.27234953,3.486276426,0,2.635680954,2.889561131,0,4.325072642,0,2.117118348,4.699832791,0,0.426828339,0,1.826194781,4.500791158,0,4.270234342,0,1.243589475,0,0,0,0,0,3.253830482,2.795595338,2.512827281,0,1.452681273,0,3.387751207,3.948534084,0,2.326576446,3.30247229,3.077100739,3.419925564,0,3.113601141,0,2.512827281,3.566888772,3.290531849,2.880552061,1.745069236,3.234961998,2.077509209,0,1.772848801,1.414214992,0,0,1.826194781,2.824723611,4.756868918,3.337461282,2.853027387,1.625524086,0,2.815108153,1.374209657,1.243589475,1.948297478,0,1.289051849,1.374209657,0,0,3.222182272,0,1.799877473,3.348857416,1.195961426,1.687081979,2.815108153,0,3.22859255,2.057100338,0,2.975450803,0,0.426828339,2.551293562,0,0,2.612288074,5.024072459,1.593263224,2.416863292,0,3.22859255,1.559926803,2.486335665,2.416863292,1.452681273,0,2.472821946,0,2.647175333,1.452681273,1.901229967,3.031465444,3.182832933,2.775694184,0,3.077100739,0,0,0,1.525440627,2.785694267,0,1.374209657,1.745069236,0,1.332536961,1.948297478,1.772848801,0,0,1.948297478,0,2.958852911,0,0,2.551293562,2.077509209,0,1.195961426,1.414214992,0,2.459123102,0,0,1.243589475,0.978896921,0,1.037737421,0,0.701265184,1.876838514,0,2.834247493,2.117118348,1.593263224,0,0,0,2.658539092,0,0,1.876838514,1.332536961,0,0,0,1.093307272,2.014988853,3.189499624,2.734662787,0.978896921,1.489722545,1.414214992,1.716495864,2.57613956,2.680886391,0,3.548497449,0,1.243589475,0,2.244563294,2.261512852,0,0,0,0.978896921,0,1.851837212,1.037737421,0,0,0,0,2.612288074,1.993248866,0,1.687081979,0,0,0,0,0,2.658539092,2.155218194,0.916376564,1.145951005,1.332536961,0,0,0,3.525022193,2.209777178,1.826194781,1.289051849,1.716495864,0,0.315602703,0,0,0.047338717,1.687081979,2.647175333,2.843681525,2.294573715,1.971025729,1.243589475,0,0,0,0,2.499669196,0,0,0,0,0.849685189,0,0,2.117118348,2.871461089,1.243589475,0.701265184,0,1.716495864,1.687081979,0,0.849685189,0,0,0,0,2.077509209,0,0,0,0,0,1.925040616,0,0,0,2.44523399,0,0,0,1.745069236,0,1.037737421,0,0,0,0,0,0,0,0,1.195961426,0,0,0,0.916376564,2.209777178,0,2.713497976,0,0,1.195961426,0,0,0,0.701265184,0.849685189,0,1.195961426,0,0,0,0.315602703,0,0.778226225,2.999842256,0,0,0,0,1.993248866,0,0,0,0,0,0,0.778226225,0,0,0,0.19043956,0,1.826194781,0,0,0,0,1.195961426,0.701265184,0,0,0,0,0,2.843681525,1.452681273,0,0,0,0,0,0.19043956,0,0,0,0,0,0,0,0,0,0,0,2.209777178,0.778226225,0,0,0,0.701265184,0,0,1.525440627,0,0,0,0,2.372738488,0,0.701265184,0,0,0,0,1.243589475,0.778226225,0,0,0,0,0,0,1.925040616,0
2.328488546,2.911240588,4.599507173,5.151681766,2.66979171,4.685497621,0,4.548060422,3.564157081,3.781702067,5.721175238,4.312408021,4.593659203,4.410046491,3.290065868,3.50322453,2.804827994,5.481996881,2.012151218,5.04329553,0,3.263806153,2.568439216,3.141300231,0,2.885680091,4.016142205,4.492525649,2.532236167,2.611924328,2.522976842,0,3.105582148,2.475348793,2.532236167,5.263366652,2.394085829,0,2.645400257,3.870143509,4.347526134,0,0,2.282237529,2.350835845,3.254897408,0,0,2.15628512,4.587776833,1.122630727,0,0,3.218446904,0,2.978338921,2.129072556,1.706215705,0,0,0,3.862861923,0.81590046,3.870143509,3.768403999,1.357031433,3.527363633,0,2.709166875,1.326726084,2.559510585,2.129072556,0,1.159671999,2.917529916,3.820567062,2.425338372,2.797785711,2.027536137,0,1.357031433,2.182776735,3.937926459,0,3.175786407,0,0,3.392614659,2.29400237,2.739587472,0,2.361824967,3.460437255,0,1.843686696,0,0.959001303,2.425338372,0,3.984292379,3.007410736,1.442798255,2.611924328,2.404612242,2.027536137,1.002486415,3.328206084,0,0.959001303,0,2.15628512,3.236838227,3.975624936,0,1.806299164,3.802617862,0,2.425338372,0,1.747458664,1.442798255,2.15628512,1.787067802,0,2.929991137,3.263806153,1.122630727,0,2.258284288,0,2.948396564,3.263806153,2.559510585,0,0.586326018,2.716859221,0,0,2.885680091,0,0,0,0.371214639,3.241383689,1.263212678,1.357031433,0,0.586326018,3.213795733,1.546787968,3.630848456,2.057613592,0.707686875,0,2.797785711,1.980652551,0,2.15628512,2.195763931,0,3.024456603,1.29547354,0,2.455643722,0,0.763256726,0.707686875,0,0,1.914512748,0,0,0.81590046,0,0,0,1.747458664,3.180617334,0,0,1.159671999,0,2.960481304,0,2.15628512,1.9965259,0,0,0,1.469826927,2.101098704,0,2.057613592,1.747458664,0,0.763256726,2.445643638,1.386445318,0,2.513630979,0,1.29547354,0,2.33972462,0,1.415018691,1.29547354,0,0,0.648846375,0,0,0.648846375,0,0,0,0,1.229876258,0.519634644,0.959001303,2.394085829,0,0,1.897270942,0,0.28783303,4.184963075,0,1.706215705,0,0,3.041216772,2.350835845,0.44817568,0,1.618246932,0.648846375,0.86591088,0,2.1427714,0,0,0,0.648846375,0,0.913538929,1.415018691,1.59499007,0,0,2.208584619,1.767459331,0,1.879726632,0,0,2.305630408,2.653597024,1.9965259,0.763256726,1.571179421,1.640975183,0,0,1.084164446,0.959001303,1.787067802,0.196861251,0,0,1.964523169,0,0,2.620398955,0,1.980652551,0,0,1.195390081,0.096777793,1.195390081,0.196861251,0,0,0,0,0,2.465544793,0,0,0,0,0,0,2.258284288,0,0,2.739587472,0.707686875,0.648846375,0,0,1.521786666,1.469826927,0,0.371214639,0,0,4.003523741,0,0,0,1.084164446,1.229876258,0.707686875,0,0.371214639,0,0,2.942298985,2.221243016,2.233743179,0.371214639,0.096777793,0,0,0,0,0,1.964523169,0.648846375,0,0.586326018,0,0.096777793,1.195390081,0,0,2.361824967,0,0.44817568,1.879726632,0,0,0.913538929,0,1.263212678,0,0,0,1.229876258,0,1.084164446,0,0,0,0,0,0,0,0,0,0,0,0,1.442798255,2.485057607,0,0.519634644,0,0,0.763256726,0,0,0,0.763256726,0,1.002486415,0,0,1.879726632,0,0,0,2.129072556,1.964523169,1.496144236,1.357031433,0,0,0.196861251,0,0,0.959001303,0,0,1.122630727,0,0,0,0,0
4.682277175,5.471556903,5.313356384,6.331805592,5.682709408,5.220594712,0,5.75954719,4.394896716,4.984558046,4.967013737,5.194911117,0,2.804575276,4.355531239,4.678650697,3.341103249,5.065475082,4.109223079,2.947676119,0.970513427,4.414013188,0,4.350499782,0,3.142736702,4.471500279,3.368408699,0,0,3.678563628,2.967981385,4.634075073,3.408017838,0,4.837848951,3.837991365,0.382726762,3.569079395,2.705114482,5.347434457,1.682009746,0,3.446117684,3.054573914,2.228553452,3.506559038,4.853222044,3.557998949,1.682009746,1.285594473,2.705114482,2.594657486,1.937356438,0,3.045314589,3.117094271,3.239196968,0,0,3.688391717,4.076593757,2.98788254,2.518863647,4.731713542,3.208066049,2.549873884,2.328636911,0,2.384206762,3.668637988,2.816340117,0,0,3.439867663,2.347505395,2.366024443,2.470467106,2.905785177,0,2.850826293,0,0,2.328636911,3.842193052,0,0,2.328636911,3.298694067,2.069125715,0,1.849063831,0,2.228553452,3.175934771,0,2.609150494,1.644968474,3.375120134,0,2.549873884,0,1.682009746,1.338238207,2.565025689,0,3.305888342,0,0,2.718101678,0,3.159473494,1.908783065,1.285594473,2.366024443,3.633101254,0,0,0,0,1.937356438,0,0,1.48133905,1.992164674,3.142736702,2.018481982,0,1.849063831,0,0,1.435876676,2.117327817,1.87936918,0.810170777,0.970513427,2.140584679,3.017010813,1.908783065,0,2.453800054,0,1.908783065,1.338238207,0.810170777,2.309405549,0,1.48133905,0,2.756080926,2.565025689,2.328636911,1.908783065,0,2.780622035,0,1.48133905,1.388248627,1.682009746,0,1.041972391,2.518863647,2.873173592,2.926949989,0,1.435876676,2.018481982,1.338238207,0,0.970513427,0,0.61911554,3.648486172,0,1.682009746,0,0,0,0,1.606502193,0,0,0,0,1.908783065,0.719198998,1.041972391,0,0,2.470467106,3.688391717,0,1.041972391,1.108663765,0,1.041972391,0,0,0,2.018481982,0,0,0,0,0,0,2.269796411,0,1.48133905,1.108663765,1.285594473,0,0,0,2.347505395,1.849063831,0,1.041972391,0.970513427,1.108663765,0,0,0,0,0,0,4.61489903,0,2.780622035,0,0,0.810170777,3.518220978,2.502990298,0,1.644968474,0.072571833,1.435876676,0,0,2.309405549,0,0.072571833,0.810170777,0,0,1.171184122,0,0,0,0,0,0,1.285594473,0,0,1.908783065,0,2.309405549,2.16331293,0,1.285594473,0,0,0.61911554,1.48133905,1.682009746,0,0,0,0.072571833,0,0,2.402064379,0,0,0,0,0,0,0,0.810170777,1.566496859,0,2.436850495,0,0,0,0,0,0,0,0,0,0,0,0,0,0,1.230024622,0.810170777,0,0,1.041972391,0,0,0,0,0,0,0,0,0,0,0,0,0,0,0,3.298694067,2.069125715,0,0.719198998,0,0,1.752214005,4.78046269,0,0,0,0,0.61911554,0.970513427,1.48133905,0.893552385,1.566496859,0,0,0,0.61911554,0,0,0,0,1.435876676,0,0.970513427,0.893552385,0,0,1.937356438,0,0,0,0,0,0,0,0,0,0,0,0,0,0,0,1.48133905,0.810170777,0.970513427,0,0,0,0,0,0,0,0,1.171184122,0,0,0,1.041972391,0,0,0,1.606502193,0,0,0,0,0,0,0,0,0,0,0,0,0,0,0,0
3.391312674,5.634204863,5.384964586,5.198839602,4.055939633,2.878855729,0,4.251796014,3.818544059,5.230425331,4.781876636,4.688815903,3.37653408,2.972308898,4.268206638,4.475146369,3.802466542,4.340787504,3.8089286,5.272288369,0,4.045825767,3.391312674,3.484620406,0,4.344564657,4.169941946,3.037079734,3.792694477,0,3.044024206,3.938628184,3.480156113,2.79369792,4.586197856,5.589623323,2.837183032,0,2.926673603,3.64858595,4.905391506,4.399573941,0,2.979716339,4.385198132,2.237409923,2.862394452,3.877384559,2.312071451,2.987069313,1.091169585,3.590203614,3.689332327,1.138797634,0,1.520732245,1.992718035,2.483542992,2.012326506,4.097817673,4.045825767,3.341176862,1.668056959,3.320396893,0,1.972717368,2.252794841,1.640277395,0,2.40803544,3.277494872,4.456781913,2.766669248,0,2.542383492,2.994368616,3.215327965,3.19172805,1.796438126,0,0.085647719,2.282872297,3.462096931,0,0.596473343,0,0,2.811319522,2.252794841,2.237409923,0,1.888457025,3.519634924,0,2.44650172,0,0,2.312071451,2.619344533,0,3.155249841,2.205911256,3.078041092,0,1.551984788,3.325632507,2.802547536,0,2.471347719,2.368030105,2.519261075,4.165442501,0,0.673434384,2.459001883,3.678383313,0,2.542383492,0,3.238383742,0,2.031557868,4.160922719,0,2.44650172,1.582290138,0.811584723,0,1.184260008,0,0,2.710316312,2.267946646,0,1.695085632,3.361533799,1.455134962,0,1.520732245,0,2.394877355,0,0,0,0,1.455134962,0,0,3.315133723,0,2.926673603,1.488471382,1.93147441,0,3.710877146,0,0,2.987069313,0,0,0.811584723,1.668056959,2.433843324,3.598187688,0.744893348,2.710316312,0.085647719,0,0,2.173388064,0,0,0,0,0,0,2.837183032,2.139771453,0,0,2.886985855,0,0,3.304523544,0,0,1.640277395,0,0,0.513091734,2.507496233,0,1.72140294,2.156721011,0.210810862,1.041159164,2.237409923,1.138797634,0.596473343,1.93147441,1.747045371,2.050426353,0,0,0,0,1.309423151,0,1.184260008,0,0,1.420648786,1.93147441,0,1.611704023,0.673434384,0,1.972717368,0,0,3.091330324,0,1.796438126,1.091169585,2.267946646,0,0,2.08712772,2.530889113,0,0,2.205911256,2.811319522,0.744893348,0,1.640277395,0,1.420648786,0,1.091169585,0,0,0,1.72140294,0,0.422119956,2.252794841,2.08712772,0,0,0,0.988515431,3.155249841,0,2.122529647,0,1.952308497,0,0.322036497,0,0,0,0,1.820248775,0.93294558,2.139771453,2.012326506,0.085647719,0,0,1.843505637,0,0,0,2.738889684,0,0,0,0,0,1.582290138,0.93294558,1.972717368,0,0,0,0,0,0,0,0,0,0,0,2.381543824,2.312071451,1.184260008,0,1.041159164,0.87410508,0,0,0,1.309423151,0,0,0,0,0,0,0,1.420648786,1.309423151,0.322036497,0.811584723,0,0,0,0,0,0,1.091169585,0.93294558,0,1.041159164,0,0,0,0,0,1.843505637,1.420648786,0.422119956,1.888457025,0,0,0,0,0,0,0,1.772046673,0,0,0,0,1.520732245,0.513091734,2.0689454,0,0,0,0,0,0,0,0,0,0,0,0,0,0,0,0,0,0,1.347889432,0,0,0,0,0,0.811584723,0,0.811584723,0,0.811584723,0,0,0,0.322036497,0,0,2.690803497,0,1.695085632,0.93294558,0,0.085647719,0,0,0,0,0,1.488471382,0,0,0,0,0,0
3.453142693,7.108763723,5.215451148,5.786589897,5.151993739,3.422837343,3.651095995,4.87005794,5.09199449,5.772012379,0,4.561656052,2.682437278,3.889630697,4.857921868,4.860360894,5.235739249,3.856948049,3.492172037,4.432104532,0,3.969920715,5.137328032,3.86357059,5.005246583,3.751956606,4.736009439,3.3915848,3.482556578,0,4.29187519,5.009452688,3.659226121,4.247912067,1.517133615,5.45971927,3.574787802,1.646345346,3.243587985,0,5.253981878,0,0,4.103081119,3.098597675,0,0,5.01572886,2.744957635,1.368713609,0.347062362,4.446947105,4.243407555,0,0,3.009650189,3.548000486,3.412527974,3.084311718,0,2.928961278,3.626301337,2.192889052,1.863409851,0,2.467325898,2.544286939,0,0,2.493643206,3.751956606,0,3.443142609,0,2.96202214,0,1.760755697,1.813399431,3.255783259,0,2.822666619,0,0,2.493643206,0,2.724548763,0,1.9110379,3.492172037,1.194360222,0,1.646345346,2.928961278,0,0,0,0,0,0,4.108262478,5.030221867,0,0,0,2.192889052,1.583824989,1.9110379,0,0,3.140270371,0,1.445674651,2.724548763,2.994024871,3.112682415,0,2.660697291,0,0,0,0,0,3.751956606,1.863409851,2.260711649,3.303129379,1.285332001,0,0,0,0,2.260711649,0,0,2.467325898,3.325987517,3.667290681,0,0,0,0,2.081663417,2.744957635,2.15717097,0.095747934,2.120129698,1.999985386,0,1.705185846,2.192889052,2.15717097,0,2.041658083,2.383944289,0,0,0,0,0,0,0,1.863409851,3.193262902,0,1.445674651,0,1.705185846,0,0,0,0,0,5.473008503,0,0,2.615745903,0,0,0,0,2.354530404,0,4.47955869,0,0,0,0.714787142,0,0,0,0,0,1.956500274,0,2.15717097,1.094276764,2.324225055,0,0,1.999985386,2.324225055,0,0,2.544286939,0,0,0,0,1.9110379,0,0,0,1.760755697,1.646345346,0,0,3.2797365,0,0,0,2.994024871,0,0,0,0,1.999985386,6.01809205,1.583824989,1.285332001,1.813399431,0,0,0,0,0,0,2.412517662,1.583824989,0,0,0,1.760755697,2.354530404,0,0,0,0,0,1.517133615,0,1.583824989,3.06981871,0,0,0,0,0,0,0,0,0,0,0,0,0,2.292972511,2.615745903,0.857887986,0,0,0,0,0,0,1.583824989,0.547733057,0,0,0,0,0,1.646345346,0,0,0,0,0,1.705185846,2.15717097,0,0,0,0,0,3.830010394,1.813399431,0,0,0,0,0,0,0,0,0,0.095747934,0,0,3.180275706,3.520475813,0,1.094276764,0,0,0,0,0,0,0,0,0,0,0,1.705185846,0,0,4.346281912,0,0,0,0,0,0,0,0,0,0,0,0,1.285332001,0,0,0,0,0,0,1.445674651,1.705185846,0,0,0,5.232386354,0,0,0,0,0,0,0,0,0,0,0,0,0,0,0,0,0,0,0,0,0,0,0,0,0,0,0,0,1.956500274,1.705185846,1.999985386,0,0,0,0,0,0,0,0,0,0,0,0,0,0,0,0,0,0,0
3.272121107,3.486873001,7.05434629,3.468731913,0.096848919,3.277676677,0,3.932710564,2.09832892,4.059565039,5.443003615,3.864231435,2.023527707,5.406765422,3.305000781,2.553584692,2.960952751,3.243870641,2.482548919,5.240848926,0,2.432223835,2.682103543,3.062121986,1.73260414,3.42188494,2.598284871,4.438921239,4.534783186,4.895939798,2.759436746,2.080146601,2.518697433,2.392745024,2.630545733,5.153943621,1.877435088,0,2.392745024,2.822520722,2.777870448,3.678514289,0,1.195461208,4.785747321,4.757138405,0,0,1.593491338,4.421422979,0.096848919,1.899658225,3.041287899,5.4668666,0,3.153989821,1.807639326,0.822785923,3.813667742,0,4.383648704,0,0,4.34819723,0,1.102370785,3.621246735,2.856858859,3.70415672,0.607674543,1.807639326,2.003919235,0,2.042759069,3.402513874,3.500266058,3.568815372,3.382760146,1.563185988,0,1.149998834,0,2.58729575,0,4.329021187,4.376288965,0,3.36260833,1.783247873,2.898187055,0,2.351643349,3.601404814,0,0,0,2.080146601,3.722078346,3.055225406,0,1.706286832,2.609154543,2.232985805,1.807639326,0.096848919,3.0200105,2.777870448,0,3.36260833,0,0,4.28144036,4.34819723,0,1.622905223,0,0,2.392745024,0,2.86526227,4.305513739,2.848384233,0,0,2.998270514,2.619907335,0.607674543,0,2.968528544,0,3.055225406,3.220681196,1.758246571,4.041661748,0,2.641072146,0,0,3.249584942,0,0,0,0,3.166451042,2.630545733,0,2.116186537,0.096848919,0,0,3.402513874,0,0.524292934,3.336833708,4.084597635,0,0,2.200983074,1.359090632,2.990917539,2.953319126,0,0,3.763823538,0,1.320624351,1.320624351,1.831449975,0,2.308779644,0,0,0,0,2.914251657,1.854706837,0,2.58729575,0,4.501126163,1.23894632,2.839837172,3.0200105,0,2.692103626,1.359090632,3.122139995,0,2.263996042,0,0,0,2.042759069,1.783247873,0,2.692103626,3.682217997,0.822785923,0,0,0,2.294073497,0,2.116186537,0,0,0,0,0.684635584,1.499672583,0,2.630545733,2.804899121,1.67925816,0,0,2.930062264,0,0,2.323272651,1.67925816,0,0,0,1.622905223,2.518697433,0,1.783247873,0,0,0,2.630545733,0,0,0,2.042759069,0.333237698,2.217112456,0,0.822785923,0,0,0,0,0,0,1.320624351,3.109110495,0,0,1.899658225,0,0,2.702004697,2.937874803,0,0,2.080146601,0,1.807639326,0,2.445044524,0,3.089242292,1.149998834,0.822785923,0,0,0,0,3.095908983,0,0,0,2.263996042,0.88530628,0,0,1.149998834,0,1.431849986,1.149998834,1.783247873,0,0,0,1.23894632,1.963509697,0,0,0,0,0,0,2.323272651,0,2.308779644,0,2.200983074,0,0,0,2.263996042,1.359090632,3.277676677,0,0,0,0,0,0,1.593491338,0,1.783247873,0,0,1.320624351,0,0,0,0,3.122139995,0.096848919,0,0,0,3.277676677,1.195461208,0,0,0,0,0,0,0,0.822785923,0,0,2.873595652,0.222012062,0,0,0,0,1.052360364,0,1.052360364,0,0,0,0,0,0,0,2.200983074,0,0,0,0,1.899658225,0,0,0,0,0,1.807639326,0,0,1.94267561,0,0,0,0,0,0,1.149998834,0,0.524292934,0,0,2.804899121,0,0,0,0,1.921398212,2.445044524,0,3.249584942,1.320624351,0,0,0,0,0,0,0,0,0,0,0,0
1.412976547,4.383825512,6.208486902,4.45102123,1.342772289,4.05082249,0.043489305,4.392476085,3.515455757,5.360628425,5.214352016,4.281453095,5.448865743,3.556029274,4.515508978,3.490297198,2.628743928,2.892267165,3.190511026,4.263976922,0,2.828500547,1.84629861,3.131496854,0,4.95467252,3.008762371,4.457498985,1.889315995,0,2.17962619,2.163752841,3.34915426,1.970168092,3.429008874,5.743040618,3.196225327,0,2.026786986,1.989399454,4.503248288,2.391684909,0,2.17962619,4.459111889,1.824075473,2.147623459,3.137557479,1.889315995,3.647173913,0.890787165,0,2.555794929,0,0,3.954178087,2.339385409,2.598129292,1.625898545,0,4.093533608,2.284198994,0.043489305,3.368525325,0,1.446312968,3.672264835,2.062826922,1.868038597,2.255420029,2.944910899,1.227259402,0,0.702734934,3.382811283,0,3.455736522,3.081642294,1.95055962,0,0.702734934,1.185586705,0,0,4.182382243,3.81087182,0,2.769161107,2.298283734,2.966650885,0,2.240713882,3.218761492,0,1.84629861,0,3.885089846,2.269913037,3.61770585,0,0,1.04901117,2.577186119,1.342772289,0,2.225788232,3.167321581,0,3.235336457,0,0,3.587342987,4.224011563,0.168652448,2.930150483,4.98750985,0,3.081642294,0,1.509826373,2.795024618,0,4.10966299,0,1.970168092,3.918848326,0.890787165,0,2.836697314,0,1.910150082,3.56788712,1.754279711,0,0.279878083,3.387528272,0.890787165,0,2.365877025,0,2.915168929,0,0,0,0,0,0,0.279878083,2.820236037,1.342772289,3.042549368,1.77809036,1.185586705,0,3.094340877,0,0,2.441384577,0,1.04901117,0,0.946357016,0,2.852892,0,0.043489305,0,0,0,1.04901117,0,0,0,0,2.195251508,2.147623459,1.412976547,2.298283734,0,0,0,0,0,2.786477557,2.416843468,1.227259402,1.412976547,0,2.37886422,0,2.733601805,0,1.342772289,2.225788232,0,1.267264736,3.042549368,0.769426308,1.227259402,2.828500547,0,0.470933319,0,0.890787165,0.554314928,0,2.577186119,0,0.890787165,0.470933319,0,1.378490371,2.587712532,2.097613038,0,2.32587169,0,1.598118981,0,1.930558954,2.062826922,0,0,0,1.342772289,1.625898545,0,0,0,0,0,2.17962619,1.84629861,0,0,1.446312968,0,1.096639219,0,0.831946665,0,0,0,1.412976547,1.47857383,1.509826373,1.378490371,2.062826922,0.043489305,0,0,0.946357016,1.096639219,1.142101593,0,0,0,2.163752841,1.95055962,0.890787165,1.412976547,1.930558954,0,0.99900075,0.470933319,1.227259402,0,1.04901117,2.786477557,0,2.577186119,0,0,3.042549368,0,1.509826373,0,0,0,0,1.142101593,0,0,0,0,0,0,0,0,0,0.043489305,0,3.042549368,0,3.081642294,0,1.412976547,1.227259402,1.342772289,0,2.811902655,0,1.540131723,0.702734934,0,0,3.196225327,0,3.119264286,0,0.63127597,0,1.569545608,0.168652448,0.702734934,0,0,0,0,0,0,1.096639219,0,0,0,0,2.37886422,2.298283734,0,0,1.446312968,1.04901117,0,0,0,0,0,0,0,0,0,0.554314928,0,0,1.598118981,0,0,0,0,0,2.876702649,0.890787165,1.824075473,0,0,0,0,0,0,2.163752841,0.379961541,0,0,0,0,1.185586705,0,0,1.446312968,2.195251508,0,0,0,0,1.267264736,0,0,0,0,0,2.441384577,0.279878083,0,0,1.930558954,0,1.509826373,0,0,0.702734934,0.890787165,0,0,0,0,0,0,0,0,0,0,0
5.927465725,4.909554412,5.239235102,6.013893274,4.487075319,5.034886453,0,5.167546662,3.031631604,4.003619067,6.206746849,4.328350484,5.721998995,5.313822346,4.256511093,3.502221916,3.003058232,2.575614217,3.820942207,5.728983151,0,4.052155456,0,4.014219873,0,4.439981415,4.527853501,0,2.633184069,3.031631604,3.357314795,3.343662706,4.021225155,3.370783012,1.383911505,0,2.846489171,0,3.095289456,3.878929465,3.929920903,0,0,2.305068427,3.575701287,4.589034658,2.835125412,4.68515379,3.54807522,4.082157706,1.166847,3.508069886,3.684054595,2.726585244,6.167533983,2.857725244,2.415271567,2.498653176,2.498653176,0,3.272458259,3.910615284,0.714861876,4.035090195,4.222847326,2.647073181,0,4.836605413,3.850356092,1.747876882,1.477001928,0,2.482523794,0,4.003619067,4.397771163,2.776284912,2.993349418,2.776284912,0,2.039787291,1.781213303,3.003058232,0,0,3.104061442,0,2.912086454,2.361687321,4.54039285,0,3.357314795,3.74568547,0,2.726585244,0,2.983545418,3.13839958,4.361181716,0,0,1.281257351,2.739243641,4.923809821,2.136247557,2.560688567,3.095289456,5.333747103,3.902787455,0,0,2.660772025,0,0,2.397727257,0,0,3.472457814,0,1.713390706,0.805833654,0,0,0,0,0,2.265459289,0,3.472457814,0,0,2.22421633,1.431539554,1.166847,1.781213303,1.52048704,2.305068427,2.633184069,3.586541501,0,2.397727257,0,0,0,2.647073181,2.22421633,0,0,0,1.713390706,1.747876882,0,0.714861876,0,0,0,0,2.089180046,2.361687321,3.674226506,0,0.966176305,0,1.747876882,0.068234711,0,1.713390706,0,0,0,0,0,0,0,0,0,4.117645301,3.121377892,0,0,1.281257351,0,0,0,2.788333251,0.889215263,1.933019316,0,0.37838964,1.602165071,0,0,3.727123452,0,0,1.747876882,0,2.674285744,2.514526525,3.104061442,0,2.776284912,0,0,0.714861876,0,0,0,1.037635269,0,0,3.799389649,0,2.22421633,2.800238153,0,0,0,0,2.039787291,2.01414486,0,0,0,2.22421633,0,0,2.912086454,1.562159737,0,0,3.581136083,1.933019316,0,0,0,0.805833654,1.677672624,0,2.343168273,0,0,0,0,0,0,0,3.022197572,2.687619275,0,1.987827552,0,2.466129984,1.333901085,0,0,3.447991762,1.431539554,2.112990695,0,1.104326643,0,0,0,1.602165071,0,1.431539554,2.890695264,0,0,0,0,0,0,0,2.498653176,0,1.281257351,1.713390706,0,0,0,0,1.52048704,0,0,2.285459955,2.835125412,0,0,0,0,0,0,0,0,0,1.2256875,0,0,0,1.781213303,0,1.640631352,0,0,0,0,0,0,1.747876882,0,2.112990695,0,1.640631352,0,2.202938932,2.70077736,0,0,0,0,0,0,2.22421633,0,0,0,0,0,0,0,0,0,0,0,0,0,0,0,0,0,0,0,1.987827552,0,1.52048704,0,4.256511093,0,0,0,1.281257351,0,0,0,0,0,0,2.619099329,0,0,0,0,0,2.136247557,0,0,0,0,0,0,0,1.96079888,0,0,0,0,0,0,0,0,0,0,0,0,0,0,0,1.104326643,1.677672624,0,1.037635269,1.104326643,0,0,1.037635269,0,0,0,0,0
6.935599537,4.479408779,0,5.709613753,6.643512397,5.344594393,0,5.410605738,5.835145627,4.611001464,5.196696078,5.14169118,0,3.647095426,4.055296514,4.368603725,4.021960094,0,5.288881173,4.428052752,0,5.586723654,3.840767843,4.365937056,0,4.09808379,4.168820341,5.443865154,3.549316448,5.009125165,4.51684005,2.622395396,4.625524541,4.338871805,0,0,4.213342797,0,3.987473918,3.979646089,0,0,5.96571565,4.579151638,4.428052752,3.914714564,4.191329329,3.674124099,4.014398621,2.710042703,1.754531258,0,4.033196167,4.572658109,1.243705634,3.803982086,2.667178999,4.472231715,2.091003495,0,3.987473918,3.531023255,4.021960094,2.79062319,0,3.231995006,4.587744602,2.945695104,2.166038681,0,2.258057579,0,3.180920076,0,3.434173429,4.084023804,1.508398188,3.524850396,3.189615783,0,2.853143547,3.231995006,2.911984047,2.401158423,0,0,0,3.630520461,3.385552742,3.48053935,1.679023706,3.079916866,2.456728274,0,4.234882091,0,0,0,0,0,0,3.198236526,3.641600907,2.189849329,1.981304577,0,1.553860563,0,2.622395396,2.777635994,0,0,2.695957963,3.705622766,2.189849329,0,0,0,3.689997448,1.114493903,4.040617352,1.302546134,0,1.553860563,2.637547201,1.639018371,0,0,3.17214809,0,0,3.050502981,2.064686186,1.043034939,3.17214809,0,2.888861629,2.828602438,1.639018371,0,0,0,3.198236526,0,0.966073898,0,0,2.438545955,1.553860563,1.508398188,2.474585892,2.342317923,2.037657514,0,0,0,2.037657514,2.037657514,2.622395396,0,2.591385159,2.321909051,0,0,1.754531258,2.381927061,1.181185277,1.824735517,0,1.790249341,0,0.791720511,0,0,0,0,2.559382428,2.828602438,0,0,0,1.824735517,2.526321566,0,1.639018371,0,2.342317923,0,0,1.890332799,0,2.301074964,1.243705634,3.240259516,1.921585343,1.553860563,0,0,1.951890692,0,0,0,0.966073898,0,1.114493903,0,0,0,2.00987795,0,1.553860563,1.890332799,2.681672006,0,2.652472851,2.189849329,0,2.591385159,0,1.981304577,0,0,2.301074964,0,2.420026907,0,0,1.358115985,0.580411417,2.301074964,0,0,0,0,0,0,0.31214743,2.064686186,1.358115985,2.438545955,0,0,1.679023706,0,0,0,1.302546134,0,0,0,1.553860563,0,0,0,2.988945088,0,0,1.597345675,1.114493903,0,0,0,0,0,1.243705634,1.358115985,0,0,0,0,0,0,0,0,0,0,0,0,1.508398188,0,1.508398188,1.302546134,0,0,0,0,0,1.754531258,0.691637052,1.114493903,0,0,0,0,0,0,0,0,0,0,0,2.037657514,0,0.791720511,0,0,0,0,0,0,2.116645925,0,1.410759719,0.966073898,0,0,0,0,0,0,0,0,0,0,0,0,0,0,2.037657514,0,0,0,1.358115985,0,0,0,0,0,0,0,0.791720511,0,1.754531258,0,0,0,0,1.181185277,0,0,0,0,0,0,1.951890692,0,0,0,0,0,1.553860563,0,0,0,0,1.858071937,0,0,0,0,1.639018371,0.455248274,0,0,0,0,0,0,0,0,0,0,1.358115985,0,0,0,0,0,0,0,0,0,0,0.791720511,0,0,0,0,0,2.945695104,0,0
5.691232111,4.027897521,3.087006219,5.133359151,4.682766107,4.622858519,1.439102026,5.770093331,4.399918034,4.936797236,2.427257319,4.945071515,4.543424887,3.549909227,4.645349427,4.098950125,3.847635697,0,4.437771159,5.418233776,1.118194306,4.152367363,3.811725196,4.483624464,0,4.229906188,4.375250802,4.337070131,3.418073037,4.455213462,4.065474196,1.876724246,2.868568559,4.068307059,0,2.0181359,4.090685615,0,3.915805184,4.036695232,2.198624276,0,5.812513223,3.90919359,4.109864285,4.514877007,3.291101576,2.769966582,3.516089579,2.932226411,0.340489737,0,4.076757814,3.763026435,3.774476942,2.914448165,2.102396243,3.506212955,2.142005382,0,3.662134487,4.01604553,2.0181359,2.672062367,0.803113259,2.727632218,3.418073037,4.085137751,0,1.550327661,2.12239691,0,3.087006219,0,3.272467496,3.549909227,0.551798831,3.234124141,3.056352478,0,1.995912763,3.516089579,3.605350675,0,0,0,0,3.861646434,2.923376795,3.922373352,0,2.759549821,2.180105228,0,2.672062367,0,0,2.303066939,0,0,0,2.716762546,2.637175108,2.216806595,0.941263598,2.800581218,1.514609579,3.116748188,3.506212955,2.839995187,0,0,2.484010136,3.35082081,2.397625522,0,0,2.269450328,0,1.741382898,3.455311382,1.118194306,0,0,2.705773425,2.412551172,0,0,2.705773425,0,0,2.427257319,2.983739945,0,1.357423995,2.537714315,2.12239691,2.35146348,1.618150257,0,2.161236743,0,2.319460749,0,1.901725548,2.683426126,0,2.319460749,0,2.0181359,2.397625522,1.65041112,2.102396243,0,0,0,0.803113259,2.537714315,3.109395214,0,3.723882494,1.550327661,0,0,1.681663663,2.427257319,0.551798831,2.759549821,0,2.625270206,0,0.726152218,0,0,0,0,1.584813837,2.790480122,0,0,0,0.451715372,2.859134527,0,1.797735834,4.253688522,2.683426126,0,0,0.874572223,0,1.618150257,1.003783955,2.800581218,0.551798831,0,0,1.681663663,2.975336534,2.234664212,0,1.357423995,1.268476509,0,1.439102026,0,0,0,1.76995627,0,0,0,1.22084846,1.824764507,2.286399886,1.94992765,0,2.142005382,0,1.399096691,0,0,0,0.072225751,0.803113259,0,0,0,0,0,0,2.470121024,0,0,0,0,0.874572223,1.399096691,0,1.76995627,0,0,0,0,0,0,0,0,0,0,1.65041112,0.451715372,0,1.313938883,0,0,0,1.514609579,0,0,2.830286372,2.35146348,0,2.234664212,1.357423995,1.118194306,1.995912763,0,0,1.76995627,0,0,1.170838039,0,0,0.874572223,0,0.551798831,1.94992765,0,1.711969013,1.268476509,1.94992765,1.399096691,0,0,0,2.759549821,0,0,0,0,0,0,0,0,1.824764507,0,0,1.357423995,0,1.22084846,0,0.874572223,0,0,0,0,0,0,0.726152218,1.797735834,1.062624455,0.340489737,0,0,0,0,1.439102026,0,0,0,0,0,0,1.062624455,0,0,0,0,0,0,1.399096691,0,1.062624455,1.268476509,0,0,0,0.803113259,2.039875886,2.932226411,2.55070151,0,0,0,0,0,0,0,0,0,0,0,0.803113259,0,0,0,0,0,0,0,0,0,0,1.65041112,0,0.726152218,0,0,2.319460749,0,0,0,0,0,0,0.340489737,0,0,0,0,0,0,0,0,0,0,0,0,0.803113259,0,0,1.584813837,0,0,0,0,0,0.215326594,1.062624455,0
5.900014944,7.13087848,0,3.844378494,3.988462864,3.525463402,0,4.637521271,5.776487999,5.810122279,3.218993416,4.791910415,2.003459789,0,5.815276929,4.907943391,4.026084855,0,4.413960271,5.44789485,1.676246878,3.462615498,3.584593925,5.021044571,0,6.082572656,3.246205979,5.089202813,3.004433608,6.40819181,3.942703247,5.255275463,2.003459789,3.783523218,0,0,2.416646943,0,3.684677384,3.525463402,2.476366178,2.446952293,7.423686035,4.169185699,5.251668606,5.420805157,3.418409406,0,2.048922163,5.763577653,0.640154946,4.998028595,0,6.472037423,0,3.176733606,1.609555503,4.091584453,2.796136565,0,4.627454072,0,0.950309874,4.038317424,0,1.609555503,3.96257145,3.395551268,0,0,2.969647492,0,3.684677384,0,3.132608801,3.311163875,1.609555503,2.876988661,0,0,0,2.092407275,3.08644676,0,0,0,0,3.462615498,3.535564498,3.372158388,0,1.286782111,2.285310941,0,2.092407275,0,0,2.532719114,0,0,0,4.169185699,4.001161447,3.649431445,0,2.319797117,0,0,4.478629263,0,2.586065095,0,0,1.797607735,4.07999012,0,0,0,0,2.285310941,2.048922163,1.738767235,0,0,4.340333955,0,0,0,0,0,0,3.336009874,3.603551839,0,3.311163875,2.353133537,0,0,0,0,0,1.075473017,1.797607735,0,2.85738019,0,0,3.246205979,0,0,2.951789874,1.905821319,0,0,0,0,0,1.95583174,0,0,4.284892507,0,0,0,2.586065095,2.416646943,0,1.738767235,0,4.260852888,0,1.95583174,0,0,0,0,2.003459789,2.636708828,0,0,0.950309874,2.876988661,0,1.286782111,1.377753889,3.440756704,3.418409406,0,0,0,0,0,0,3.298505478,0,1.738767235,0,0,2.285310941,0,0,2.730896043,0,0,1.186698652,0,0,0,0,0,0,2.416646943,2.837379523,0,1.797607735,2.586065095,0,4.026084855,0,3.246205979,0,0,0,0,2.416646943,0,0,0,2.708167792,3.038050219,0,0,0,0,0,0,0,0,0,0,0,0,0,0,0,0,1.461135498,0,0,0,0,0,0,0,2.876988661,0,0,2.174085306,0,1.186698652,1.905821319,2.85738019,0,0,3.08644676,0.43948425,2.3853944,0,0,0,0,0,0,0,0,1.286782111,0,0,1.075473017,0,0,1.075473017,0,0,0,0,0,0,0,2.774859166,0,0,0,0,1.738767235,0,0,0,0,2.68491093,1.377753889,2.75311918,0,2.532719114,0,0,0,0,0,0,2.730896043,0,0,1.797607735,0,2.896220023,0,0,0,0,0,0,0,0,0,0,0,0,0,4.60010194,0,0,0,0,1.075473017,0,0,0,0,0,2.837379523,0,0,0,0,0,0,0,0,0,0,0,0,0,0,0,0,0,0,0,0.950309874,0,0,0,0,0,0,0,0,0,0,0,0,0,0,0,0,0,0,0,0,0.43948425,0,0,0,0,0,0,0,0,0,0,0,0,0,0,0,0,0,0,0,0
4.287296614,3.515303137,5.362764705,4.807021073,3.723482079,4.299985127,0,4.940137097,3.009072581,0.372876484,5.044957375,4.216192291,6.82675342,5.102385944,0,3.308858753,2.687390148,4.000943799,3.127810271,4.496779848,0.372876484,3.003325439,2.524638687,3.578869683,0,0,3.386448676,1.826829494,3.545917772,4.303132258,2.427000218,0,2.840976015,2.318786633,5.171967363,0,2.792355328,0,1.728711638,3.13793694,4.117190645,0,0,3.394276504,2.65525887,3.511842926,2.171280496,2.931652982,2.416690848,2.799447557,0.198523097,0,1.548449814,3.44371623,5.41939359,2.385109276,2.406274087,2.073981585,3.522187845,0,2.130734401,3.22934669,0.817562305,3.849799576,2.467206638,1.642637029,1.416680536,2.552163361,3.37060676,0,1.358693278,0,1.686600152,0,2.671453556,4.070715679,2.962143149,3.350444787,2.171280496,0,1.328387929,2.073981585,3.274298078,0,0,3.935058285,0,3.325701256,1.642637029,1.916174594,0,2.24775086,2.827323926,0,1.807961009,0,1.686600152,3.817133355,0,0,0,1.161333844,3.059362507,1.297135385,0,1.807961009,2.726154691,4.414523257,3.157887726,0,2.157946965,3.313096048,4.009409458,1.416680536,0,0,0,2.171280496,2.307292254,1.045820957,0.587987864,3.117580003,0,0,3.854731769,1.686600152,1.197051927,0,2.887341936,0,0,2.770771757,2.271994471,1.085826292,0,1.045820957,0,1.642637029,1.788729647,0,0,0,0.764918572,0,2.486719452,1.749120509,2.073981585,0,3.49082639,0.098439638,1.898932787,0.960663149,1.297135385,0,2.867733465,0,2.703076744,2.447305484,1.548449814,0,3.902760207,0.709348721,0,2.912902433,0,0,1.045820957,0,0,1.471488773,0,1.749120509,1.642637029,0,2.447305484,0,3.849799576,2.088474592,0,0,2.543072389,4.443611181,0,3.210784672,2.130734401,0,2.171280496,0,0,0,3.167715815,0,1.949791205,1.881388478,0,1.749120509,2.840976015,2.630464211,0.709348721,3.39816756,3.607625658,1.686600152,0,0,0.817562305,0,1.916174594,0,1.197051927,0,0,3.469358661,1.642637029,1.664860166,1.807961009,2.029197982,0,1.523448512,0,0,2.991731106,0,0,0.372876484,1.728711638,1.966185014,0,2.073981585,2.341386465,0,0,0,2.437204388,0,0,1.788729647,1.197051927,1.788729647,0,0.521296489,0,0,0,2.95005841,0,0,2.35249769,1.619908778,1.966185014,0,1.86353086,1.619908778,1.085826292,1.523448512,2.013813063,0,0,0,1.328387929,1.548449814,1.642637029,1.548449814,0,0,1.161333844,0,1.769121176,0,0,0,2.733730485,0,0,0,0,0.521296489,0,0,1.297135385,0,1.388107164,0.521296489,2.073981585,0,0,0,0,1.197051927,0,2.271994471,0,0,0,0,0,0,0,1.004148261,1.358693278,1.388107164,0,0.817562305,0,0.764918572,0,0,0,0,0,0,1.572841267,0,2.437204388,1.124292573,0,0,1.998187746,0,0,1.749120509,0.817562305,0,0,1.161333844,1.548449814,0,0,0,0,0,0.709348721,1.231538103,0.198523097,0,0.521296489,1.328387929,0,0,0,0,0,0.817562305,0,0,1.548449814,0,1.749120509,0.098439638,1.707877551,0,0.764918572,0,2.235405024,0,1.388107164,0,0,0,0,1.826829494,0,0,0,0,0,1.471488773,0,0.915200775,0.764918572,0,0,0,0,0.521296489,0,0,0,0,0,0,0,0.198523097,0,0,0,0,0,1.124292573,0,1.328387929,1.642637029,0,0.960663149,0,0,0,1.548449814,0,0,0,1.949791205,0
4.733901351,5.29950319,5.777197894,5.301017768,3.722133648,5.843570807,0,4.701356106,3.473437022,3.514917623,4.390198231,4.074210882,6.839596304,5.760609836,2.93880075,2.539341665,1.765153275,5.824924318,2.837448255,4.305834505,0,3.199000176,0,3.14165963,0,1.498885297,3.711063424,4.59069787,3.052559635,4.462759517,2.527293327,3.459218773,3.463980687,2.112695735,5.462116847,0,2.663094868,0,2.56301141,3.395157465,3.990829273,3.223466228,3.813264966,2.641703678,0,3.97385574,0,2.311696981,2.630834006,3.26489227,0,0,3.016059233,3.833166121,4.865011536,3.733082662,1.790795706,2.490252055,2.425294159,2.846297871,2.608733659,2.384192483,1.353173486,3.613710343,2.515098054,1.68402773,3.559074907,3.487455943,4.124535966,2.355821786,1.953947346,0,1.595735123,0,3.696109874,3.28781591,4.32409059,3.605496744,1.711807294,0,1.790795706,2.425294159,3.353593041,0,0,0,0,2.855069857,0,4.037413038,0,3.601364507,3.688548402,0,1.626040472,0,0,1.953947346,3.023466674,0,0,0,3.554745896,4.832904141,0,1.564482579,3.342926273,3.979545656,3.326709701,0,0,2.619844884,1.353173486,0,0,0,0,2.451785774,4.276756652,2.641703678,3.59304845,2.946800792,0,0,2.451785774,0,1.996058832,0,2.56301141,0,0,3.080830069,1.790795706,0,0.917855415,1.032265766,1.271495455,0,2.801245207,0,0,1.564482579,1.084909499,0,2.597497586,2.233532208,0,0,1.738835967,1.996058832,2.502752218,1.840188461,1.182547969,0,2.24966159,0,3.816609451,2.43862769,2.863765564,0,0,1.953947346,0,2.094176688,0,0,1.13491992,1.391639767,0,0.976695915,0,1.711807294,0,0,1.996058832,0,3.353593041,2.744357832,0,0,3.038118951,2.630834006,0,1.13491992,2.130878054,0,2.112695735,0,0,0.465870291,0,0,2.296545176,2.906144787,0,2.370107743,2.897811405,0,2.846297871,0,2.791985881,2.754066646,0.129398054,0,1.13491992,3.148195601,2.791985881,0,0,0,0.717184719,2.539341665,2.782640019,2.527293327,2.200471346,2.954737342,0,0,0,0,2.03646837,0,0,0,1.655454358,0,0,2.326622632,0,0,0,2.586133827,0,0.917855415,0,0,0,2.016467703,0,2.724652761,0,0,0,2.075308203,0,0,1.595735123,1.711807294,2.075308203,0,1.655454358,0,0,0,0,0,3.41530928,1.391639767,1.182547969,0,0.717184719,0.788643683,1.032265766,0,0.976695915,0,0,1.909984223,0,0,2.370107743,0,0,0,0,1.655454358,0,0,1.13491992,0,1.93220736,0,2.296545176,0.254561197,0,0,0,0,0,0,0,0,1.996058832,0,0,0,0,2.094176688,1.595735123,0,0,0,0,0,0,0,0,0,0,0,1.765153275,0,1.655454358,1.353173486,0,0,1.464399121,3.597215123,0,0,1.909984223,2.148735672,0,0,0,0,0,0,0,0,1.271495455,0,1.626040472,0,0,1.790795706,0,0,1.975224745,0,0,0,0,0,0,0,1.765153275,0,0,0,0,0,1.790795706,0,0,0,0,0,0,1.765153275,0,0,0,0,0,1.353173486,0,1.464399121,0,0,0,0.855335058,0,1.182547969,0,0,0,0.556842069,0,0,0,0.465870291,0,0,0,0,0,1.887255972,0,1.271495455,1.815797008,0,0,1.595735123,0,0,1.86399911,0,0,0.717184719,0.365786832,0
7.349393626,7.331539674,6.344861135,6.583818995,5.903922796,6.201161988,0,6.034807184,5.322160246,6.192144214,4.474862385,5.904785609,2.847242154,4.066690916,5.221507635,4.637471401,4.625144588,0,3.945854442,3.889235548,0.353118849,5.30502587,4.499774706,5.066645059,1.200416709,4.482043745,4.972630152,3.84962641,3.902097462,0,4.426882703,5.499967122,6.066851654,4.226632,2.006041873,0,4.658684317,0,4.688228564,3.4081677,3.297557828,0,0,1.917094387,4.570991231,3.5265323,0,4.80617332,4.541088671,2.198945539,1.917094387,5.141536089,4.088139459,2.688493765,0,0,4.76927849,3.212140077,2.751014122,1.652401833,3.964036761,3.958012647,1.962556761,2.644530641,0,4.744820749,3.031091595,0,0,1.291388487,3.598311982,0,3.964036761,0,2.499699693,2.525342124,0,1.589881476,3.249644472,0,3.82232096,4.356403446,0,2.360586891,0,0,0,0,0,2.04771457,0,1.869466338,1.869466338,1.766812184,3.808383452,0,0,0,3.06116905,0,3.365380424,0,0,1.374770096,2.525342124,2.688493765,0,0,0,3.199319388,0,3.554056973,0,2.390000776,2.666753778,0,0,2.233431715,0,0,0,1.100333251,0,3.640691205,0,0,1.100333251,0,0,0.863944473,3.45919918,1.766812184,1.451731138,0,2.79062326,0,0.863944473,3.478904251,2.644530641,0,0,0,3.118738902,2.126186185,1.869466338,0,0,2.79062326,0,2.299028998,2.574734879,2.751014122,2.865424473,0,3.118738902,0,0,2.266768136,0,0,0,3.285792986,0,3.031091595,1.766812184,4.184172792,3.273888084,0,0,2.163227457,0,0,0,0,1.100333251,0,1.652401833,1.291388487,0,0,0,0,0,0,0,0,0,0,0,2.446353713,2.006041873,0,0,1.869466338,0.989107616,0,3.0462434,0,0,0,0,2.006041873,1.200416709,0,1.869466338,4.20798344,0,0,2.087719904,0,2.79062326,0,0,1.652401833,0,0,0,0,0,0,0,0,3.212140077,0,1.523190101,0,0,0,0,0,0,0,0,0,0,0,0.101804421,0,0.720843629,0,0,0,1.291388487,0,0,0,1.200416709,0,0.989107616,0,0,0,0,0,0,0,0,0,2.809854622,2.666753778,0,0,0,0,1.451731138,1.869466338,2.299028998,0,0,0,0,0,1.819455918,0,0,0,0,0,1.100333251,0,0,2.330281541,0,0,0,0,0,1.523190101,0.989107616,0.553789544,0,0,3.964036761,0,0,0,0,0,1.589881476,1.711242333,0,0,2.087719904,0,0,0,0,0,0,0,0,0,0,0,0,0,0,0,0,0,0,0,0,0,0,0,0,3.343280077,0,0,0,1.652401833,0,0,1.200416709,0,0,0,0,0,0,0,0,0,0,0,0,1.291388487,0,0,0,0,0,0,0,0,0,0,0,0,1.589881476,0,0,0,0,0,0,1.374770096,0,0,0,0,0,0,2.04771457,0,0,0,0,0,0,0.863944473,0,0,0,0,0,0.863944473,0,0,0,0,0,0,0,0,2.04771457,0,0,0,0,0
6.312130264,6.141593676,6.161478872,5.862405821,4.110525718,5.676566306,0,6.222458352,3.813748916,5.87008504,4.7333564,5.472451488,5.275988668,4.478250498,5.303325222,4.528260919,5.855529988,1.540625856,4.290787542,3.583102203,0,4.110525718,5.776600647,5.283657417,4.307147825,4.286655305,5.297314686,3.259930246,2.868812586,3.348385666,4.40005793,4.56026365,4.914573595,4.204712933,0,2.340745156,3.64002814,0,3.961710573,4.537969733,5.210782744,4.22693607,0,0,3.701350031,2.981835974,3.326994476,0,4.350805552,2.476086504,0,4.358542534,0,4.012000499,0,2.57254677,4.100600079,2.760599001,0,3.926721582,0,4.49183305,1.603146213,2.501087806,0,4.240036694,0,1.325514476,2.966451056,3.865540425,4.095600068,4.252967909,3.950183068,4.100600079,2.076930565,1.473934481,3.294024457,2.595275021,3.337747268,0,3.01191343,2.525479259,0,0,0,4.525003587,3.026619577,2.760599001,0,1.770200297,0,1.325514476,2.311331271,2.149689919,2.721759168,0,2.996987779,0,3.348385666,0,3.248302208,1.151161089,2.476086504,2.476086504,2.885762144,3.36932884,0,0,2.741367639,0,0,3.137076573,0,0,3.591435585,0,0,0,0,0,0,0,0,1.956786253,0,3.271424625,1.325514476,0,0,0,0,0,1.820210718,3.026619577,2.68134963,0,0,3.212584125,1.956786253,0,3.599700095,3.224632464,0,2.217512515,1.540625856,2.476086504,0,2.149689919,0,2.741367639,2.038464284,2.249773378,2.549289908,0,2.779467486,0,0,0,0,0,0,3.026619577,0,2.369318528,0,2.902429197,3.326994476,0,0,0,0,0,0,0,1.770200297,0,0,0,0,0,0,0,0,0,0,0,0.814688852,0,1.151161089,0,0.939851995,0,1.820210718,1.325514476,0,0,0,0,0,0,0,0,0,0,2.476086504,2.549289908,1.717556564,0,2.639238144,0,0,0,2.311331271,2.281025921,0,0,2.450444073,0,0,2.501087806,0,0,0,1.325514476,0,0,0,0,0,0,0,0,2.038464284,0,0,0,0,1.402475517,0,0,0,0,1.05107763,0,2.038464284,0,1.603146213,0,0,0,0,2.340745156,0,0,0,0,2.369318528,1.820210718,1.151161089,1.540625856,0,0,0,0,1.151161089,2.149689919,0,0,0,0,1.603146213,0,1.402475517,0,0,0.0525488,0,0,0,0,0,2.311331271,0,0,0,0,0,0,0,1.603146213,0,0,0,0,0,0,0,0,1.998458949,1.770200297,0,0,1.540625856,0,0,0,0,0,0,0,0,0,0,0,0,0,1.242132867,0,0,0,0,0,1.820210718,2.217512515,0,0,0,0,0,0,0,0,0,0,0.671588009,0,0,0,0,0,0,0,0,0,0.939851995,0,1.05107763,1.402475517,0,0,0.814688852,0,0,0,0,0,0,0,0,0,1.473934481,0,0,0,0,0,0,0.671588009,0,0,0,0,1.717556564,0,0,0,0,0,0,0,0,1.770200297,0.0525488,0,0,0,0,0,0,0,0.303863229,0,0,0.814688852,0,0,0,0,0,0,0,0
5.319324952,5.324701309,6.060767097,6.109461162,3.546257615,5.392084306,0,5.124370995,2.770418719,5.456555693,5.310817553,4.323103815,2.633362472,4.379856631,4.258495774,3.869031008,2.760517648,4.873591219,4.170168941,4.939894568,0,3.888543822,2.362487518,4.229148296,5.330048915,3.761661542,3.855807674,4.235997638,3.30653752,4.414710111,3.271343272,3.184060487,3.929559034,2.950274183,3.059331561,2.130041574,2.655709771,0,4.775088938,2.550962941,4.536397134,3.872309699,0,1.989812233,4.048886472,3.757998535,3.577510159,4.325187149,3.712962782,3.689660756,1.012560801,3.351615574,3.859129937,5.090098245,0,1.691319244,3.649575229,2.447645327,0,3.612070834,3.259331115,0,1.120774386,4.081277968,0,3.368009384,3.357110093,2.818504906,2.89963045,2.598876296,3.021733147,2.447645327,2.990602229,3.980775046,2.698959755,2.550962941,2.332410063,2.513458545,2.799546992,0,2.89963045,3.689660756,2.42005737,1.464545925,0,3.573104865,4.155480794,2.740416469,0,2.347561868,0,3.081230246,2.500637857,0.165262941,2.40597263,0,0,2.447645327,4.073277925,0,3.475805954,2.202144868,2.837110093,0,1.826660592,1.968072246,0.501735178,0,3.123639428,2.091941728,0,2.827850768,0,0,2.818504906,0,0,2.433946482,0,3.116694956,2.11117309,2.461159046,0,1.851661895,2.317025144,2.391686673,1.464545925,0,0,0,0,2.709486168,2.011089631,2.610504334,2.391686673,1.307360342,0.592706956,2.719902929,1.427504653,0,2.301399826,0,1.94584911,3.504584919,2.730212298,1.568086604,0,1.63160001,0,2.317025144,2.598876296,1.851661895,1.747672181,0,2.40597263,0,0,2.40597263,2.538617105,0,0.953720301,1.94584911,0,1.94584911,0,2.05233259,2.587111455,0,0,0,0,1.170784807,0,0,1.826660592,1.923120859,0,0,0,0,0,3.116694956,0,0,0,1.170784807,1.801018162,0,0.953720301,0.891199944,1.801018162,0,0.891199944,2.347561868,1.851661895,0.676088565,0.82450857,1.500264008,0.82450857,0,0,0,0.501735178,0,1.661905359,4.271755637,0.753049606,0,1.068130653,1.012560801,0,1.464545925,0,0,0,0,0,0,0,2.236336233,1.876053348,0,2.487650661,0,0.290426084,0,0,0,0,0,0,0,2.633362472,0,0,1.774700853,0,1.691319244,0,1.012560801,0,0,0,0,0,0,0.592706956,1.801018162,0,0,0,0,0,2.091941728,0,0,0,1.968072246,1.568086604,0,0.401651719,2.285526477,0,1.500264008,1.349033038,0,2.236336233,0.753049606,0,0,0,0,2.269397095,0,0,0,0,0,1.568086604,0.290426084,0.953720301,1.170784807,0,0.165262941,0,0,0,0.953720301,0,2.377193666,0,0,0,0,0,0,1.801018162,0,0,0.592706956,0,0,0,1.427504653,0,0,3.317998963,0,0,0,0,0,0.401651719,1.068130653,0,0,0.022162097,0,0,0,0,0,1.389038373,0,0,0,0,2.253003285,0,0,0,1.012560801,1.534750184,0,1.691319244,0,0,0,0,0.592706956,1.068130653,0,0,0,1.26387523,0,0.676088565,0,0,0,0,0,0.501735178,0,0,0,0,0,0,0,0,0,0,0,0,0,0,1.218412856,0,0,0,0.592706956,1.427504653,0,0,0.290426084,0,0,0,0,0,0,0,1.389038373,0,0,0,0,0,0.290426084,0.501735178,0,0,0,0,0.165262941,0,0,0,0.676088565,0,0
5.323291972,5.914961194,5.497190113,5.477880193,3.161324701,3.940056385,0,5.129792197,3.848752133,4.180844401,5.259132664,4.664979533,6.113736614,4.728831005,4.314204311,3.58810723,2.921889462,4.172579891,2.29870087,4.747684666,0,3.227525338,0,4.53518466,5.399117755,3.797760695,4.221172446,5.1115709,4.913660648,3.537205658,2.99634244,3.940056385,3.718220879,2.809526494,3.289614242,3.871437415,3.276146025,0,2.719069383,3.700638008,2.261999503,3.752485473,0,1.823277173,3.974365068,3.789679843,0,3.098559005,3.205941766,4.607572468,0.885007535,0,2.537930559,4.135956079,0,3.415170776,3.048756183,3.05723081,5.01154437,3.659908397,3.478048627,3.161324701,1.252732315,3.977732074,0,2.719069383,3.974365068,3.005271071,3.379130839,0.885007535,2.494445447,4.112732975,3.289614242,5.060533757,2.077807038,3.241659849,4.135956079,3.573106949,2.537930559,0,1.395833158,3.005271071,3.161324701,1.395833158,0,0,4.2264287,2.830917684,0,2.606450505,0,3.309482445,4.236859042,0,0,0,2.008011276,1.666708112,3.797760695,0,2.261999503,2.593116974,2.417484406,2.401355024,0.724664884,2.658074871,3.138246753,0,3.248652884,0,4.094954729,3.098559005,0,0,2.316558487,0,2.121770162,1.983619823,0,3.801776764,0,3.005271071,0,0,0,2.593116974,1.023157873,0,2.163881647,0,3.602885825,3.241659849,1.302742735,3.073967602,1.559462582,2.670575034,3.328963581,0,2.368294162,0,0,0,0,1.43931827,2.809526494,0,0,1.700044533,0,1.302742735,3.641259837,1.395833158,1.395833158,0,2.753956642,0,0,2.742462263,2.334102797,0,2.61960859,0.956466499,0,2.912180648,0,2.334102797,1.200088581,0,0,2.579603255,0,0,0,0,2.384961214,1.559462582,0,2.523644602,0,0,2.14304756,2.494445447,0,0,0,0,1.395833158,0,1.983619823,0,0,0,1.958618521,3.005271071,0.533609648,0.724664884,0,0,1.632221936,0,1.906658782,2.243131019,0,0,1.559462582,2.008011276,0.885007535,0,0.724664884,0,0.29722087,1.350370784,0,0,0,0,1.520996301,1.559462582,0,0,1.906658782,0,0,0,0.29722087,0,0,2.077807038,2.031821925,2.29870087,0,0,0,0,0,2.14304756,0,1.851850546,0,0.154120026,0,0,0,1.632221936,0,0,0,1.14451873,1.559462582,0,0,0,0,0,2.565904411,0,1.14451873,1.906658782,1.520996301,0,1.793863288,2.479519797,0,0,1.93297609,0.29722087,3.547595362,0.724664884,0,0,0,0,0,0,0,0.956466499,0,0,1.520996301,0,0,0,2.100030175,0,0,1.958618521,0,0,0,2.809526494,0,0,0,0,0,3.379130839,0,1.302742735,1.87963011,1.559462582,0,0,0,1.958618521,0,0,0,0,0,0,2.368294162,0,0,1.350370784,0,0,1.08567823,0,0,0,0,0,0,0.422384013,0,0,0,0,0,0,2.031821925,0,0,0,1.023157873,0,0,0,0,0,0,0,0,0,0.956466499,0,0,0,0,0,0,0,0,0,0,0,0.724664884,0,0,0,0,0,1.43931827,0,0,1.906658782,0,1.87963011,0,0,0,0,1.08567823,0,0,1.632221936,0,0,0,0,0,0,0,0,0,0,0,0.808046493,0,0,0,0,0,0,0,0,0,0,0,0,0,0
5.606803417,5.268794492,5.852557523,4.754374051,2.233456964,4.682390953,0,5.376574224,0.901650788,5.590772118,4.853477087,4.689278033,6.009064421,5.106343407,4.845289907,3.683664651,3.776755074,2.353903117,2.646890242,5.189616462,0,3.516610566,3.378952838,4.585213101,4.746627079,4.84880691,3.65704711,4.558977028,4.525587599,4.694753748,3.188968409,3.112253491,4.010441147,3.131990974,2.000263077,1.579530496,2.581292959,0,3.542870281,0,2.523137039,4.085997905,0,0.540637442,4.758225147,3.225226157,0,4.195240462,3.310505075,4.015839271,0.960491288,0,3.734864132,5.314632719,2.938532715,3.248687644,3.112253491,0,3.83001225,3.521035352,4.132574951,2.059103577,1.211805716,3.810371685,0,2.688346955,3.79706034,2.728153206,3.664724691,2.546806783,2.977297259,3.629701656,2.000263077,4.401824715,2.812314998,2.766435392,3.342679432,3.572659717,2.367987857,0,2.114673428,1.847794483,0,0,0,3.277261016,0,2.581292959,0,3.734864132,0,2.18426672,3.358386561,0,0,0,1.93774272,1.37543514,0,0,3.949055072,2.020263743,2.558434821,2.794214956,1.748948648,2.775781255,2.28034055,2.295492355,3.17658435,2.28034055,0,3.014615022,0,0,3.213285716,0,3.231143334,2.535041941,0,2.498893427,1.548277953,2.946406772,3.248687644,0,0,2.18426672,0.349582206,0,2.546806783,0.349582206,2.830093244,2.310418005,1.72263134,1.412476412,0.960491288,0.960491288,1.847794483,0,2.381876969,0,2.498893427,2.059103577,0,3.144936139,1.37543514,2.667833415,0,1.296963525,0,1.211805716,3.071569915,1.893779596,2.059103577,0,2.059103577,0,0.772439056,2.678142785,1.979854205,2.625499052,1.748948648,2.039872215,0,1.93774272,0,2.614629379,1.871051345,0,0,2.217327582,0,0,0,0,1.695602668,0,0,2.000263077,0,4.183928124,0,3.613733253,0,0,0,0,1.667823104,0,2.581292959,0.772439056,1.255290828,0,1.412476412,2.708448135,0.624019051,0,1.871051345,0.540637442,0.449665664,0,0,0.839130431,0,0,0,0,2.264955631,0,0.540637442,0,0,0,0,2.325124152,0,0,2.667833415,0,2.114673428,1.579530496,0,0,0,0.540637442,0.449665664,0,0,0,0,0,0,0,0,0,0,1.296963525,0,1.118715293,0,0.839130431,0,0,0.449665664,1.118715293,0,0,1.118715293,1.548277953,1.255290828,0,1.847794483,1.166343342,0,0,3.092118583,0,1.916002733,0.772439056,0,0,0.624019051,2.18426672,0,1.916002733,1.959020118,1.823983834,0,1.336968859,0,0,1.37543514,0,2.603640258,0,0,0.700980093,0,0,0,0,0,1.412476412,0,0,0,0,0,0,0,2.217327582,0,0,1.639249731,0,0,2.728153206,1.823983834,0.960491288,2.448568343,0.960491288,0,0,0,0.700980093,0,0,0,0,0,0,0,0,1.548277953,0.113193428,1.068704873,1.748948648,0,0,0,1.823983834,0,0,0.113193428,1.296963525,0,0,0,0,0,0,0,1.068704873,0,0,0.960491288,0.839130431,0,0,0,0.238356571,0.772439056,0,0,0,0,0,1.211805716,0,0,0,0,0,0.238356571,0,0,0,0,0,0,0,0,0,0,0,0,1.255290828,0,1.412476412,0.624019051,2.698448051,0,0,1.516017091,0,0,0,0,0,0,0,0,0,0,0,0,0,1.695602668,0,0,1.667823104,0,0,0,0,0,0,1.336968859,0,0,0,0,0
5.600039281,6.864121944,5.61618494,5.580867177,4.326201259,3.686163903,0,4.679841299,3.648688792,5.622172981,5.160953215,4.594607837,3.815375635,4.590893813,4.834113552,3.619631058,4.655722989,3.17533828,4.375856849,3.823423968,0.65534031,3.614704939,4.470432776,3.548354077,5.758395608,5.027196351,3.629411087,3.695317285,3.136270811,3.324550678,3.087281424,5.173499119,3.376008975,3.297793229,2.786967605,2.225938389,2.852564887,0,2.320348074,2.654242989,1.044805077,0,0,3.477285929,2.953152124,3.25626477,2.809314903,3.159893957,3.477285929,4.119587009,0.555256851,5.155678941,2.999889602,3.958207082,2.389941365,1.107325434,2.924023851,2.205937722,3.198066531,0,2.338205691,2.516092651,1.901277313,3.584627484,0,2.654242989,2.841926489,2.24554686,3.053235583,0,2.205937722,3.731115291,3.454362289,0,2.601250459,2.423002228,1.460965474,2.962676006,3.350610784,0,1.044805077,3.488553654,0,1.417480362,0,1.581109786,4.470432776,3.198066531,0,2.302165754,0,2.667063678,2.283646707,0.008713145,1.901277313,0,0,2.099454242,3.442700349,0,2.455004959,2.809314903,1.721691736,1.372017988,2.264778222,3.412936248,1.618151057,1.815510492,2.716763346,2.076725991,0,3.418960362,0,1.274379518,3.182971904,0,0,2.894021601,0,0,1.688355316,2.587551615,0,0,3.324550678,0,0.65534031,0,2.320348074,0,2.962676006,2.320348074,1.980265725,1.274379518,2.225938389,1.417480362,1.844924377,0,1.901277313,0,2.486015195,0,1.815510492,2.501167,2.716763346,1.901277313,1.417480362,0,1.65386914,0,1.980265725,1.721691736,1.460965474,0,3.205529252,2.205937722,0,2.099454242,2.264778222,0,3.008980574,1.844924377,0,3.026918274,0.008713145,0,2.320348074,0,0,1.901277313,0,0,0,0,2.164694764,1.324389939,0,0,0,0,3.448548319,3.488553654,0,0,0.444031216,1.753952599,2.573662502,0,1.581109786,0.906654738,0,0,1.688355316,1.980265725,1.901277313,0.906654738,0,0,1.044805077,0,1.044805077,0.978113702,0.555256851,0,1.274379518,3.095614806,0,0,0.978113702,0,0,0,0,2.516092651,0,0,0,0,0,1.688355316,0,0,2.302165754,0.978113702,0,0,0,0,0,0,2.302165754,0,1.324389939,1.928305986,0,2.439131609,0,1.166165934,0,0.444031216,0,0,0,0,0,0,1.618151057,0,0,0,0,2.005267027,0,0,0,0,0,1.372017988,0,0,1.221735785,0,0,1.107325434,0.978113702,0,2.654242989,0,0,0,0.008713145,0,1.460965474,2.005267027,0,0,0,0,0,0,0,1.815510492,0,0,0,3.619631058,0,0,0,1.721691736,0,0,0,0,0,1.542643505,0,0,1.460965474,0.906654738,0,0,0,1.324389939,0,0,1.65386914,0,0,0,2.962676006,0,0,0.318868073,0.444031216,0,0,0,0,0.829693697,0,0,1.928305986,0.906654738,0,0,0,0,0,0,1.460965474,0.829693697,0,0,1.324389939,0,0,0,0,1.166165934,0,0,0,0,1.928305986,0,0,1.044805077,0,0,0,0,0,0,0,0,0,0,0,0,0,0,0,0,0,0,0,1.107325434,0,0,0,0.906654738,1.417480362,0,1.274379518,0,0,1.460965474,0,0,0,0,2.143417365,0,0,0,0,0,0,0.746312088,0,0,0,0,0,0,1.954623294,0,0,0,0,0
5.76728181,6.96371927,5.289621484,6.376078208,3.730667477,6.346827285,0,6.460228248,5.205958423,6.430064967,3.414902436,6.180876503,2.656372496,3.667154071,4.958056282,5.134499459,5.434015989,3.754984785,5.146520641,3.705744069,4.198746178,4.265810409,5.215762423,6.208110445,0,4.932484112,5.958197404,1.660414362,3.16719812,0,4.855597074,4.979466556,4.827226377,4.990002211,1.610403941,1.796989897,4.977699771,0,5.566075711,0,3.784572742,3.915549855,0,4.711881272,3.111628269,1.082336511,4.040412065,6.312514679,4.906240807,3.02824666,2.457701801,4.272991768,5.985677053,0,0,2.237301736,4.55484292,4.272991768,2.950788601,3.633817651,0,3.760972827,2.674230114,1.082336511,2.923576037,4.416092612,0,2.151534914,0,3.705744069,3.07674101,0,4.570907523,3.503670357,1.989893563,1.917134208,0.654892496,1.502190356,4.53301395,0,3.534090953,3.260048274,3.209532484,2.638190177,0,0,0,2.479441788,0,1.610403941,0,1.502190356,0,0,0,0,2.024379739,1.443349856,0,0,2.561962812,0,0,1.917134208,3.905266988,0,2.34129145,0,1.502190356,3.156328448,0,0,0,3.49591838,2.990267412,0,0,0,1.753504785,1.242679161,0,0,2.412750414,2.70901623,0,0,2.691774423,0,1.753504785,0,2.691774423,1.082336511,0,2.791029381,2.209522172,0,5.624242725,3.772842402,1.314138125,0,0,3.298700428,1.502190356,0,1.708042411,4.926918235,0,3.269852274,0,3.807628518,1.242679161,2.180948799,3.289176547,1.95417548,0,0,2.500719186,0,0,0,0,3.724494618,0,0,2.264330408,2.479441788,3.578054077,0,0,1.443349856,0,1.16571812,2.600802645,0,0,0,0,0,0,3.02824666,0,0,0,0,0,0,0,0,1.380829499,1.16571812,2.561962812,2.656372496,0,1.557760207,2.151534914,0,2.435478665,0,0,0,0,0,1.708042411,0,2.316290147,0,0,0,3.088505851,0.891281274,2.674230114,0,0,2.316290147,0,0,0,0,0,1.557760207,0,0,2.457701801,1.660414362,0,0,0,1.557760207,1.878667928,0,0,0,0.891281274,0,0,0,2.151534914,0.511791652,1.610403941,0,3.742900046,0,0,0,2.822039618,0,0,0,0,0,0,1.314138125,1.314138125,0,0,0,0,0,1.443349856,0,0,0,0,0,1.878667928,0,0,0.891281274,0,0,1.989893563,0,0,0,0,0,0,0,0,1.443349856,0,2.541962145,0,0,0,0,0,0,0,0.144066872,0,0,0,0,0,0,0,0,0,1.242679161,0.780055639,0,0,0,0,0,0,0,0,0,0,0,0,0,0,0,0,0,3.088505851,0,0,0,0.891281274,1.314138125,0,0,0,1.380829499,0,0,0,0,0,0,0.344737568,0,0,0,0,1.753504785,0,0,0,0,0,0,0,1.796989897,0,0,0,0,0.780055639,0,0,0,2.024379739,0,0,0,0.344737568,0,0,0,0,0,0,0,0,0,0,0,2.237301736,0,0,0,0,0,0,0,0,1.380829499,0,3.177950912,0,0,0,0,0,0,1.16571812,0,0,0,0,0,0,0,0,0,0,0
5.969158192,5.886222034,4.188776955,5.053294354,4.332012879,5.325167096,0,5.459470548,5.176799122,4.262957294,5.216005327,4.912358014,5.287389244,2.803495252,2.492603947,4.486288974,4.621230208,1.826706409,4.639471756,4.610655093,3.658857673,3.59489271,4.208837808,4.969652918,0,1.889226766,3.772616558,2.939553813,3.598555718,0,4.075164542,4.028698576,3.355563835,3.838018761,3.090164666,0,3.817669222,2.556797105,3.826441208,2.803495252,3.843757658,0,0.589943782,4.257296902,4.760906391,2.228580849,3.236906291,3.888520375,3.696024112,3.705925183,1.68855607,3.781790934,3.76025164,1.760015034,4.533321889,3.125989393,3.461623407,2.873836742,4.447940717,0,3.090164666,0,1.007678982,2.270840658,0,2.626825709,2.05628085,2.803495252,1.225932548,0.72809412,3.033899828,2.15391932,3.702635707,0,3.020954663,3.257686259,2.350352721,2.683178645,3.350890929,0,2.58741174,3.623827821,0,0.905024828,0,2.05628085,0,2.866260948,3.059298018,2.843183001,0,1.760015034,0,2.918124422,2.169304239,0,2.256951546,3.506713011,2.827496404,0,3.78483045,3.453202304,0.72809412,3.102249406,1.264398829,2.636441168,0,3.482371039,1.804966422,2.762167057,3.278043196,4.281597163,0,3.39666551,0,4.328494846,0,2.021494734,0,2.710207318,0.790614477,2.803495252,3.331977836,1.804966422,0,1.301440101,1.37164436,0,2.567106474,0,0,2.021494734,0.589943782,2.903578711,2.363011118,2.710207318,3.182984874,2.827496404,2.701278687,0,0,0,0.661402746,1.712947523,2.375511281,3.514697086,0,0.957668562,1.144254517,2.974279525,1.804966422,1.68855607,2.40005239,0,3.869182756,1.847983807,0,1.948067266,1.826706409,0,2.021494734,1.40498078,0,3.658857673,1.468494186,0,1.928835904,0,0,1.611595029,0,0,0,0,1.868817894,0,2.228580849,0,0,0,0.849454977,1.928835904,0,0,1.556786793,0,1.337158183,0,1.712947523,0.790614477,2.003637117,0,1.889226766,1.301440101,1.928835904,0.338629353,0.72809412,0,1.437241642,2.412100728,2.106291271,2.021494734,1.337158183,0,1.847983807,0,1.712947523,0,1.847983807,0,0.905024828,1.007678982,0,1.736758172,0,0,0,1.52821342,0.849454977,0,0,0,2.350352721,0.72809412,1.055307031,0,0,0,1.40498078,0,0,1.611595029,1.712947523,0,0,1.301440101,0.002157117,0.429601132,0,1.055307031,0,0,0,2.311386752,0,0,1.468494186,0,0,0,0,1.584566357,2.655399081,0,0,0,0,0,0.429601132,0.790614477,1.100769405,0,3.18850975,1.225932548,1.96693575,1.40498078,1.337158183,0,0,0,0,0,0,0,0,2.073230409,0,0.12732026,1.055307031,0,0,1.337158183,1.868817894,1.185927214,0,3.033899828,0,0,1.100769405,0,0,0,0,0,0,0,1.52821342,0.589943782,0,1.637912338,0,0,0,0.002157117,0,0,0,0,0,0,0,0,0.512982741,0.429601132,1.007678982,0,0,3.125989393,1.712947523,0,0.849454977,0,1.100769405,0.338629353,0,0,0,0,0,0,0,1.498799535,2.003637117,0,1.868817894,0,0,0,0,0.849454977,0,1.712947523,0,0,0,0,0.790614477,0.512982741,0,0,0,0,1.96693575,0,0,0,0,0,0,0,0,0,0,0,0,0,0,0,0,1.437241642,0,0,0,0,0,0,0,0.849454977,0,0,0,0.12732026,0,0,0,0,0,0,0,0,0,0,0,0,0,0,0,0,0,0,0,0
5.275224436,5.793568892,4.335756116,4.244346365,4.523808347,5.519526213,0,4.795651356,3.05620063,4.406739342,4.908098458,5.096669362,5.501059779,4.835485925,2.749046454,4.625160842,4.783972391,2.230701998,5.144896737,4.353979855,3.563714993,3.150759213,4.516160126,4.23929585,3.088723822,1.815758146,3.07259444,2.550869526,3.005342213,1.973982151,3.290848006,4.074540617,3.223254715,3.447795891,2.26774327,6.203837853,4.109734865,0.206320234,3.277689922,0,2.192235717,2.0216102,3.088723822,4.367432972,3.761668295,0,4.025601188,3.533409643,2.914370435,3.62170225,1.627705915,0,2.793009578,0,0,4.47301618,2.110557686,3.135607408,0,0,3.250842672,0,1.973982151,4.283857678,0,1.973982151,0,0,3.5021571,0,2.914370435,2.969940286,3.07259444,0,2.654859239,3.458907116,1.556246951,2.679250693,3.303835202,0,1.923971731,2.067072575,0,0,0,0,0,3.264356391,2.855529935,2.371283949,0,2.604215507,0,0.825359442,2.067072575,0,2.703061341,1.556246951,2.629857937,0,2.523089962,0,0,1.871327997,1.627705915,1.923971731,2.629857937,0,0,0,0,2.303461353,0,3.165684863,0,0,0,2.951757967,3.993751362,3.817238146,0,2.771269591,1.756917646,0,2.403544811,2.434797355,1.395904301,0,0,0,1.556246951,2.371283949,0.968460286,0,3.436559817,0,1.093623429,0,1.694397289,0,0,0.968460286,0,1.556246951,1.871327997,3.378403897,0,2.303461353,0,1.556246951,0,0,2.0216102,0,0,0,0,2.703061341,2.987797903,0,0,0.457634662,0,0,0,0,0,0,0,0,0,0,0,0,2.749046454,0,2.371283949,0,0,0,2.914370435,0,0,0,1.395904301,2.434797355,1.47928591,0,2.192235717,0,2.337947529,0,1.756917646,0,1.815758146,0,0,0,0,0,0,0,0,2.933238919,1.627705915,2.0216102,0,0,1.47928591,0,0,0,0,0,0,0,2.793009578,0,1.694397289,0,0,0,0,0,0,0,0,2.192235717,2.855529935,2.26774327,0,2.969940286,0,0,0,1.694397289,0,0,0,0.968460286,0,0,0,0,0,2.914370435,1.204849064,0,0,0,2.523089962,0,0,0,0,0,0,2.230701998,0,0,0,0,1.556246951,0,1.47928591,0.825359442,0,0,0,1.923971731,2.337947529,0,0,0,0,0,0,0,0,0,0,1.204849064,1.093623429,0,0,0.658305358,0,0,1.093623429,0,0,0,0,0,0,0,0,0,0,1.304932522,0,0,0,0.968460286,0,0,0,0,0,0,0,0,1.923971731,0,0,0,0,0,1.395904301,2.192235717,0.968460286,0,0,0,0,0,0,0,2.629857937,0,0,0,0,0,0,0,0,0,0,0,0,0,0,0,0,0,1.627705915,0,0,0,0,0,0,0,0,0,1.556246951,0,0,0,0,0,0,1.627705915,0,0,2.337947529,0,0,0,0,0,2.303461353,1.756917646,0,1.871327997,0,0,0,0,0,0,0,0,0,0,0,1.47928591,2.875530602,0,0.658305358,0,0,0,0,0,0,0,0,0,1.627705915,0
6.597848295,8.054886276,5.628084253,6.32465204,5.654100289,5.185841413,0,5.164281705,5.722579418,3.682174104,5.2494053,5.477003886,0,0,1.690973196,4.974725323,4.920601813,3.363259012,4.952183385,3.652209315,4.399023397,5.195637409,4.922738566,4.858840181,0,1.215549499,3.636883345,2.011880916,3.780498857,2.955252606,4.521001824,6.440594665,3.979952637,4.64391081,0,0,3.564852217,3.974458118,4.108333804,0,4.169100159,0,0,4.591800613,3.911937761,1.514042488,3.851496406,3.450693311,4.155401314,2.449503136,2.22319001,6.640116375,3.383360191,0,4.234913377,2.6951758,3.711267065,3.81339656,3.636883345,0,0,0,2.789585485,0,0,3.711267065,2.050347197,0,0,0,3.659785109,2.859178776,3.652209315,3.957791065,2.842229218,2.752884118,0,2.498895891,3.136301089,0,2.284747903,4.666226938,0,1.930202885,0,1.79362735,0,2.955252606,3.148959486,2.734015633,0,2.423860705,1.635403345,1.576562845,3.573116727,0,2.654766262,2.859178776,3.696826381,0,3.3111639,0,0,2.011880916,1.447351113,3.450693311,2.397543397,3.450693311,1.971875581,0,3.531093737,0,0,3.136301089,0,3.59750818,0,2.190929147,3.042899914,2.397543397,1.124577721,0,2.714784272,1.576562845,0,0,0.913268627,0,0,0,0,1.576562845,2.157592727,3.07048787,3.014529216,0,2.807443102,3.1234804,0,0,0,0,2.050347197,0,1.024494262,3.373360108,1.886717773,1.930202885,0,2.050347197,1.298931108,2.449503136,2.474504438,0,0,3.09733512,4.132144452,0,0,0,0,2.633932175,0,0,0,2.284747903,2.654766262,0,0,0,0,0,0,0,1.79362735,0,0,0,0,0,0,0,0,0,2.474504438,0,1.298931108,0,1.447351113,1.690973196,0,2.545963402,1.024494262,0,2.92424237,0.645004641,0,0,0,0,0,0,1.024494262,0,1.690973196,0,2.087388469,0,2.568691653,1.215549499,0,0,0,1.024494262,0,0,0,0,1.635403345,1.447351113,0,0,3.267441089,2.370514724,0,0,0,0,1.79362735,0,0,0.645004641,0.277279861,0,0,0,0,0,0,1.298931108,3.732544464,0,0,0,0,0,0,0,0,0,0,2.545963402,0,0,0,0,1.514042488,1.375892149,1.375892149,0,1.841255399,0,0,0,1.841255399,0,0,1.215549499,1.375892149,0,0.788105484,0,0,0,2.087388469,0,0,0,0,0,0,2.22319001,0,0,2.157592727,0,1.743616929,0,1.576562845,0,0,0,0,0,0,0,0,1.124577721,1.447351113,1.447351113,0,0,0,0,0,0,0,0,0,4.641085949,0,0,0,0,0,0,0,0,2.190929147,0,0,0,0,0,0,0,0,0,0,0,0,2.087388469,1.576562845,0,0,0,0,0,0,0,0,0,0,0,0,0,0,1.124577721,0,0,0,0,1.024494262,0,0,0,0,0,0,0,0,0,0,0,0,0,0,0,0,0,0,0,1.886717773,0,0,0,0,0,0,0,0,0.788105484,2.087388469,0,0,0,0,0,0,0,0,0,0,0,0,0,0,0,0,0,1.635403345,0
4.830864966,3.400820351,5.981881043,4.985316352,4.092500179,6.082725272,0,5.24541152,3.389020804,3.630394792,5.749538821,4.528336385,5.073879942,5.976092959,3.315141064,3.697988083,2.993887891,1.576271059,3.221427054,5.703112145,1.002925078,3.327839647,2.789293698,4.141220416,1.743325143,1.460758171,3.346590196,0,4.749007748,5.354243056,3.133458281,0,2.789293698,2.985038275,0,4.944820021,2.930230039,0,3.463340708,0,2.58621771,0,0,0.936233703,5.419431054,4.249792552,0,3.80138589,2.958009603,5.508096691,0,0,3.501183061,0,0,5.032300919,2.61236299,2.872242781,4.905223533,0,4.409484403,0,1.28250994,5.192090942,0,2.101537366,1.938385726,2.831628062,4.39439791,1.500763506,2.789293698,3.228420089,2.572884179,4.805277216,1.330137989,3.616310052,0,3.839926305,2.650342238,0,1.611989141,2.241766708,0,0,0,1.938385726,0,1.912743295,2.662688074,3.616310052,0,1.179855786,4.293971515,0,0,0,3.377080363,4.115723284,2.488918799,0,3.002659877,2.698836588,2.07979738,3.765382001,1.611989141,2.650342238,2.057574243,0,2.958009603,0,3.102327362,0,0,1.611989141,0,3.315141064,0,2.80004649,0,3.662507643,0.936233703,2.831628062,0,0,1.912743295,0,1.179855786,0,3.346590196,0,3.011355584,3.214384771,1.232499519,0,0.276988074,1.576271059,2.101537366,0,2.901656667,0,0,0,1.500763506,3.923307914,3.352763056,0,0,1.886425987,0,1.419085475,2.057574243,1.743325143,1.500763506,0,0,0,0,3.884295875,2.260285756,0,0,0,0,0,0,2.07979738,1.330137989,0,0,0,0,0,0,0,2.767434905,3.061999317,3.070196084,2.891947852,0,0,2.241766708,0,0,0,0,2.939575901,1.938385726,0,2.348061366,0,3.148667699,0,2.164057723,1.576271059,0,1.002925078,2.07979738,0,0,0,0,2.01158913,0,3.639675601,0.936233703,0,1.330137989,0,0,3.141091905,0,1.002925078,1.539229787,0,2.674883347,3.532517217,1.419085475,2.428750278,0,0,0,0,0,1.938385726,2.122814765,0,0,1.938385726,0,2.41312496,0,0,0,1.460758171,0,2.71060143,0,0,0,0.402151217,0,0,0,1.803044378,0,3.97085507,1.803044378,1.330137989,0,0,0,1.773630493,0,1.859397314,0,0,3.185708971,1.963387028,0,1.065445435,2.164057723,2.296325692,1.002925078,1.859397314,2.503411806,0,2.882143852,1.179855786,0,0,1.7120726,0,0,0,0,3.141091905,0,0,2.01158913,0,1.460758171,0.864774739,0,0,0,4.547151616,2.122814765,0,0,2.733723847,0,0,0,0,0,0,1.803044378,0,0,1.646475317,0,0,0,2.18405839,0,0,0,0,0,0,0,0,2.034845992,1.232499519,0,0,1.28250994,0,0.864774739,0,0.936233703,0,0.787813698,0,3.221427054,0,0,0,3.094390812,0,1.576271059,1.460758171,0.787813698,0,0.787813698,0.704432089,0,0,0,0,0,0,0,0,0,0,1.124285935,1.743325143,1.419085475,0,0,0,1.232499519,0,1.375600363,0,0,0,0,0,0,0,0,0,0,0,3.371056249,0.613460311,0,0,0,0,0,0,0,2.101537366,0,1.938385726,0,0,0,0,0,0,0,0,0,1.83161775,0,0.936233703,0,0,0,0,0,0,0,0,0,0,0,0
4.972108549,4.993359349,4.499701529,5.335645555,4.36544618,5.092205183,0,6.008159724,4.24228952,6.465956219,5.153060459,5.856434555,4.215727534,5.444557071,5.296231587,5.270316208,3.526609909,5.54632706,4.202177191,5.206433824,1.215949402,4.036362571,3.370222592,5.260895507,0,5.697270896,4.419574386,0,3.990225888,0,3.909480292,3.20715031,3.138420978,3.931180962,0,3.720923615,4.325251644,0,3.413173979,2.115890996,3.271458177,3.58896777,0,3.236243271,3.413173979,2.433345226,3.146295034,4.300830406,3.388856671,4.603541131,0.823907314,0,4.473005898,2.495380617,0,3.382683812,3.407149865,4.257894518,0,3.363933263,2.384154982,3.425114419,2.661277294,3.89474706,2.296379371,2.758323084,0,0,3.952420699,1.948836911,3.038753493,4.154682231,3.547830864,5.180103189,2.070939608,3.920389491,0.900868355,2.400822035,3.056069943,0,1.455179091,3.58896777,0,1.867711366,0,0,0,2.792417295,3.436913966,2.746695046,0,1.999480644,2.239760477,0,2.673935691,0,1.748166216,3.257520669,2.449218576,0,2.814517642,1.215949402,0,1.215949402,1.999480644,2.258991839,0.31308169,0,2.220152006,3.250478387,2.781181222,2.994103219,0,3.236243271,3.58896777,0,0,2.296379371,0,2.661277294,0,0,0,0,2.179742468,2.158908381,1.974479342,0,2.296379371,0,2.686435854,2.781181222,0,0,2.179742468,0.823907314,3.407149865,2.384154982,0.740525705,0,3.229048995,0,0,3.114419826,1.779418759,1.779418759,0,3.089828423,0,1.867711366,3.177185521,1.89549093,1.779418759,3.098092932,2.686435854,0,0,3.214503284,2.846778504,3.537276677,1.715905353,1.536857122,2.525012415,2.200151339,0,2.480228812,2.158908381,0,0,2.258991839,0,0,0,0,1.999480644,0,0,0,0,0,0,0,0,0,1.496851787,1.779418759,0,0,0,0.002926762,3.370222592,1.575323403,1.648082757,1.215949402,0,0,0,0,0,1.867711366,0,3.199742869,0,3.250478387,0.002926762,0,0.900868355,0,1.575323403,0.002926762,0.823907314,0,2.648456606,0,0,2.908336397,0,0,3.161859551,0,0,0,2.525012415,1.867711366,0.31308169,0,0,0,2.296379371,1.215949402,0,3.292006845,0.31308169,0.002926762,0,1.318603556,0.31308169,0,0,0.438244833,1.101539051,0,0,0,0,2.367205424,0,0,0,0,1.496851787,1.536857122,0,1.612364674,0,0,0,0.972327319,1.101539051,0.438244833,1.748166216,1.536857122,0.649553927,0.900868355,1.612364674,0,0,0.31308169,0,0,1.536857122,0,0,0,0,2.179742468,0,0,0,0,0,1.575323403,0,0,0,0,1.89549093,0,0,0,0,0,0,0,0,2.31456169,0,1.039018694,0.649553927,0,0,0,0,0.549470468,0,0,0,0,0,0,0,0,0,0.900868355,0,0,0.549470468,0,0,1.160379551,0,0,0.740525705,0,0,0,0,0,2.220152006,0,1.101539051,0,0,0,0.438244833,1.268593135,0,0,0,0,0,1.536857122,0.972327319,0,0.438244833,0,1.366231605,1.612364674,0,0,0,0,0.900868355,0,0,0,0,0,0,0,0,0,0,0,0,0,1.411693979,0,0,0,0,0,2.937750282,0,0,0,0,0,0,0,0,0,0,0,0,0,0,0,0,0.972327319,0,0,0,0,0,0,0,0,0,0,1.268593135,0
5.965019234,4.802237068,6.700072888,4.393818994,1.529715163,6.063269995,0,4.881566671,2.432582875,4.052773579,4.903122548,4.234798003,3.036258653,4.54851271,4.12496987,2.899202406,2.092500526,3.994041105,2.502176167,6.405590798,0,3.148002691,0,4.629807452,0,4.210736692,3.974956557,3.721989236,5.932905155,4.43843606,2.95416129,2.985742862,4.12496987,2.852951389,2.040540787,0,1.897439943,0,3.375541854,2.932538826,2.013512115,3.990253222,0,0,4.138149633,5.176035003,2.188960792,3.462845586,3.272128758,4.042020787,0,0,3.112124403,4.898542387,5.229094852,3.825611268,2.887838648,1.957159178,4.865880075,3.830075561,4.460019632,3.779836687,1.090348504,3.500704997,3.130224445,2.357781662,2.753490595,5.597411498,3.272128758,2.432582875,2.921549705,0,2.16570393,0,3.074910807,3.423496247,4.234798003,2.943408499,2.414400556,0,2.255652167,1.927745293,2.95416129,0,5.557049015,4.144674941,0,3.317764053,0,3.816622444,0,3.046062653,4.14141761,0,0,0,3.121215375,3.23244101,0,0,3.611930632,3.272128758,2.598249997,1.8661874,2.318172524,2.551366411,1.38661432,4.266964519,3.279880735,0,0,0,0,0,2.357781662,4.00531942,0,2.56723976,0,2.628327452,1.090348504,1.897439943,0,0,3.065386926,2.841046486,1.333970586,0,4.034787483,0.667491653,0,2.71348526,3.121215375,1.766103941,0,1.484252789,0,0,2.414400556,0,2.23391218,0,0,3.026357582,0,1.897439943,0,1.43662474,0,1.157039878,0,2.276929565,1.219560235,0,0,0,0,2.414400556,2.804457039,0,1.614872972,1.529715163,0,0,0.120947946,2.876344268,2.450440492,1.219560235,0,0,0,0,0,0,2.092500526,0,0,0,0,0,0,3.139153076,2.450440492,0,2.414400556,0,1.484252789,0,0,0.941928498,0,0,1.529715163,2.040540787,0,1.157039878,1.985732551,2.816802874,4.303691811,0,0,0,0,0,0.767575111,0.85854689,1.957159178,0,0.85854689,0,1.01888954,2.188960792,1.730385859,0,0,0,2.318172524,0,3.537183205,2.013512115,0,0,0,0.667491653,1.730385859,0,0,1.654878306,0,0,0,0,1.43662474,0,3.102950027,2.117501828,0.120947946,2.395881508,0,2.23391218,0,0,0,0,0,0,1.219560235,0,0,0,1.730385859,1.278400735,0,1.278400735,0,0,2.255652167,1.957159178,1.01888954,1.927745293,0,2.699786416,0,0,1.766103941,0,0,1.219560235,0,0,1.897439943,0,0,0,0,1.654878306,0,0,1.529715163,0,0,0.431102875,2.357781662,0.431102875,0,0,1.090348504,0,0,0,0,0,0,0,0,0,0,0,1.38661432,1.833926538,0,0,0,0.431102875,0,0,0,0,0,0,0,2.276929565,1.278400735,1.090348504,0,0,1.333970586,0,0,0,0,0,0,0.767575111,0,0,0,1.897439943,0,0,0,0.767575111,0,0,0.431102875,0,0,2.395881508,0,0,0.941928498,0,0,0,0,0,0,0,0,0,0,0,1.38661432,0,0,0,0,0,0,2.828998147,0,0,0,0,0,0,0,1.090348504,0,0,0,0.767575111,0,0,0,0,0,0,0,0,0,0,0,0,0,0,0,0.85854689,0,0,1.278400735,0,0,0,0,0,1.333970586,0,0,0,0,0
3.932927441,4.553584773,6.801253457,4.617769554,0.988488462,5.080449233,0,4.825171968,0.867127605,3.965474693,5.06214429,3.935930447,5.992434768,5.33821325,3.422101818,2.450420238,1.044058313,5.746257104,2.228930946,4.932563691,0,3.092622617,0,4.359717434,0,2.942528737,4.315577872,3.877271658,6.263537202,5.42236181,3.064352183,0,3.999812831,2.884178854,3.681183275,0,2.028260251,0,3.62550289,3.991338204,3.821701806,4.530689251,0,0,4.323749521,4.690848078,0,3.677307302,3.223100572,4.801480087,0,0,3.446855557,0,0,3.609007671,3.035259222,2.178072529,5.557883421,4.008216241,3.704128833,3.432076963,0,4.379154392,0,2.338415179,2.934398611,3.844958669,3.719138495,2.261454138,2.323489529,0,2.586431995,0,2.909603953,3.953761528,5.029532705,3.064352183,2.228930946,0,1.899048519,1.899048519,3.179343591,0,4.317627053,4.500460249,0,3.982791143,0,3.794442878,0,4.030286103,3.722855972,0,0,0,2.067869389,2.866862404,0,0,1.965739894,4.165351107,3.293926624,2.539085875,1.194340517,4.088580751,3.759289874,0,3.947853092,0,0,0.652016226,0,0,0,4.202782378,0,2.195314336,0,1.403432314,3.064352183,3.711661825,4.238862954,0,3.896169858,2.926201844,0,0,0,0.141190602,0,3.120115757,2.901200542,0,0,3.929915391,0.867127605,2.195314336,2.277327487,0,0,0,0,0,2.982216486,1.440473586,0,1.283288003,0,1.607527671,0,2.245324756,1.194340517,0,0,0,1.667246905,2.685413829,1.440473586,0,1.750628514,2.450420238,0,0,0,1.146712468,2.124488283,0,0,1.802588253,0,0,0,0,2.423572988,0,0.867127605,2.423572988,0,0,0,2.982216486,0,0,2.124488283,2.95859334,1.875791657,0,0.929647962,1.146712468,0,0,0.728977267,2.526890602,0,1.283288003,2.028260251,0,2.338415179,2.858090418,0,1.544014265,0,0,0.37757938,2.849240803,3.396719744,0,0.266353745,0,0,1.943999907,2.563039116,2.367614334,0,2.277327487,2.642626554,2.437086707,4.599406375,2.245324756,0,0,2.124488283,0,1.899048519,0,0,1.044058313,0,0,0,0,0,0,3.932927441,2.423572988,0,2.367614334,0,1.695820278,0,0,0,0,0,0,1.667246905,1.776945823,1.899048519,0,1.899048519,0.568634617,0.568634617,0,0,0,2.926201844,3.270870848,0.800436231,0,3.406950013,2.212263894,0,1.965739894,1.440473586,1.044058313,1.194340517,1.403432314,3.971280225,0,1.851981009,0,0,0,0,1.899048519,0,0,0,0,1.440473586,1.194340517,2.338415179,1.146712468,0,0,0,0,0,0,0,0,0,0,0,0,0,0.266353745,2.048260918,0.568634617,0,2.245324756,0,1.324960699,0,0,0,0,0,0,0,1.827589556,0,1.324960699,0,2.664249018,0,0,0,1.096702047,0,3.649746502,0.929647962,0,0,0,0,0,0,0,1.283288003,1.63783302,0,0,0,1.63783302,0,0,3.575177806,0,0,0,1.695820278,0,1.403432314,0,0.929647962,0.477662839,0,0,0,0,0.728977267,2.16052822,2.124488283,0,0,0,0,0,0,3.48051258,0,0,0,0,0,0.800436231,0,0,0,0.867127605,0,0,0,1.607527671,0,0,0,0,0,0,0,0,0,0,0,0,0,1.239802891,0.929647962,0,0,0,0,0.266353745,0,0,0,0,0,0
5.858774151,5.227406177,4.487200565,6.494385621,3.470452146,6.207198721,0,5.600449811,3.443901914,4.689593172,5.403807202,4.548475472,2.406177995,3.60125055,1.843392632,3.631441522,0,4.749686343,0,5.689750556,0,4.571971413,0,4.715072257,0,0,4.220879033,3.814382466,5.149057587,4.040617209,3.235227174,3.349936121,4.813237135,3.092975948,1.592078204,0,2.911927466,0,4.093514156,4.923261785,4.996128655,0,0,0,4.174457196,4.380610576,0,2.728078025,3.963656168,4.000309486,1.592078204,0,0,3.750462948,5.284522724,3.660747649,3.789302781,2.569329636,5.591064966,0,4.455095078,2.690690493,1.255605967,3.820555325,4.377089446,2.971204075,2.764117961,2.848914498,0,3.546118479,2.147604007,0,3.118134507,0,1.968555775,3.65350124,2.406177995,3.443901914,2.832520688,0,4.069816364,4.23317427,0,2.525366512,4.130299912,2.764117961,0,3.28900357,0,3.054009979,1.968555775,2.690690493,2.911927466,0,2.431179297,0,3.130480343,2.848914498,3.608884175,0,3.504790284,0,1.592078204,2.985490033,4.069816364,0,3.130480343,4.373555874,2.911927466,0,0,2.631849993,0,0,0,3.952932205,0,0,0,3.388588276,2.709558977,2.241422762,2.815853635,2.86504388,0,0,2.07978141,0,3.178393699,0,0,2.709558977,2.848914498,2.631849993,0,0,1.592078204,2.746260344,1.404025972,0,0,2.832520688,0,3.349936121,1.700291788,2.896542547,0,1.92855044,0,1.843392632,0.981169122,0,1.843392632,0,2.241422762,0,3.398022308,3.080155259,1.592078204,0,0,2.880917229,0,2.327189584,0,1.533237704,2.651850659,0,0,0,0,0,0.744780343,0,1.533237704,0,0,0,0,0,0,0,1.92855044,0,2.525366512,0,0,0,1.470717347,1.700291788,2.044063328,0,1.797930258,0,0.869943486,2.270836647,1.533237704,0,2.406177995,0,1.843392632,1.470717347,0,0,1.533237704,0,1.172224358,0,1.647648055,2.354218256,0,0,0,2.179864869,0,0,1.533237704,0,0,2.114267586,0,0,3.054009979,0,1.332567008,0,0,0,0,0,0,0,1.470717347,0,0,0,0,0,0.744780343,1.968555775,0,0,1.255605967,0,0,0,0.744780343,0,0,0,2.211117412,1.647648055,0,2.007022056,0,0,2.815853635,0,0,0,2.406177995,2.479381399,0,2.569329636,0.981169122,2.211117412,0,1.886877744,0,0,0,0,0,0,0,2.270836647,0,0,0,0,0,1.470717347,0,1.332567008,0,0,0,0,0,0,0,0,0,0,0,0,0,0,0,1.255605967,0,0,0,0.434625415,0,0.23395472,0,0,0,0,0,0,0,0,0,0,2.241422762,0,0,0,0,2.044063328,0,0,0,0,0,0,0,0,0,0,0.434625415,0,0,1.172224358,0,0,0,0,0,0,0,0,0,0,0,0.434625415,0,0,0,0,0,0,0,0,0,0,0,0,0,3.040676448,0,0,0,1.92855044,0,0,0,0,0,0,0,0,0,0,0,0,0,0,0,0,0,0,0,0,0,0,0,0,0,0,0,0.6016795,0,0,1.470717347,0,0,0,0,0
5.539912072,4.951871326,6.38384721,6.154642722,3.185515424,4.288577108,0,5.224431053,0.780908717,3.43310684,4.657496428,4.13016282,4.784193313,4.669701003,1.879521005,2.994460187,1.995931357,4.798958682,3.527704684,5.394561343,0,3.484008413,0,4.306179323,0,2.329258937,4.028983696,4.155838171,5.252759128,4.784193313,3.322802298,2.768275579,3.281129601,3.237644489,2.297256206,3.903436787,3.049592258,0,4.02610185,3.948101308,3.137561031,4.321331128,0,1.950979969,3.002524747,4.531719128,0,3.328616268,2.87414358,4.709825256,0.050021208,0,3.116283632,4.119705209,0,3.262724174,3.243973625,1.528123118,2.817790644,4.08494235,3.789520653,3.116283632,0,4.005692978,0,3.185515424,3.488958918,2.212459669,3.345858074,0.42951083,2.80808183,0,2.978133294,0,2.788376759,4.043269653,2.638363445,2.649857825,2.212459669,0,2.313385588,3.192182115,0,1.747751728,4.158369818,4.303995916,0,3.351539908,0,2.119800839,0,2.578822051,3.522942771,0,0,0,0,2.038948742,0,0,3.026335396,1.246271966,2.375420979,2.502351687,3.205383627,2.855709879,1.659459121,0,2.892243622,0,3.12342652,3.109089357,0,0,0,5.194380184,0,1.903912458,0,2.360269174,2.683568882,1.416897483,3.916402933,0,3.929203107,2.475504437,0.919059055,0,3.493885036,0,0,1.628206577,3.35718964,4.040428742,0,1.747751728,1.198643917,2.100192367,1.802559964,0,0,0,0,1.455363764,2.901172253,2.360269174,0,1.828877272,0,1.040419912,0,2.017671344,1.562609295,1.29173434,2.515509772,0,1.29173434,2.390346629,1.376892149,0,0,2.230003979,1.995931357,2.74776204,0,3.256512974,2.212459669,0,0,1.950979969,0,0,0,0,2.176419733,0,0.780908717,2.176419733,0,0,0,1.148633497,0,0,1.416897483,1.040419912,2.591017325,0,0,0.919059055,0,0,1.198643917,1.879521005,1.095989763,0,0.780908717,0,0,0,2.194602052,1.148633497,0,0,0.852367681,2.017671344,1.29173434,0,1.376892149,0,0.318285195,0.981579412,2.280862396,1.854519703,1.927723107,0,0,0,3.026335396,1.775531292,0,0,2.603065663,1.095989763,0.193122052,0,0,1.148633497,1.719178355,0,0,0,1.246271966,0.529594288,3.256512974,1.828877272,0,1.747751728,0,0.919059055,0,0,0,0,2.910021868,0,1.095989763,1.335219452,0,2.297256206,1.040419912,0.42951083,0,1.879521005,2.788376759,0,0,2.017671344,0.529594288,1.246271966,1.148633497,2.230003979,0,0,0.852367681,0,0,0.919059055,0,0,0,0,0,0,0.981579412,1.747751728,0,0,0,0,1.492405036,0.703947676,0,0,0,0,0,1.719178355,0.193122052,0,0,0,0,0,0,0,0,0,1.416897483,0.780908717,0,0,0,0.919059055,3.299202382,0,0,0,0,0,0,2.461805593,0,0.193122052,0,0,0.852367681,0,0,0,0,0,1.148633497,0,0,0,0,0,0,2.080191701,1.040419912,0.703947676,0,0,1.595945715,1.376892149,0,0,0,0,0,0,0,0,0.318285195,0,0.919059055,1.335219452,0,0,0,0,1.095989763,0,0,0,0,0,0,2.280862396,0,0,0,0,0,1.376892149,0,1.595945715,0,0,0,1.68976447,0,0,1.775531292,1.335219452,0,0.852367681,0,0,0,0,0,0,0,0,0,0,0,1.29173434,1.040419912,0,0,0,0,0,1.719178355,0,0,0,1.095989763,0
3.464198343,3.430702389,5.472649221,5.034283769,3.545507217,5.168732509,0,4.989231105,4.254792457,1.646215679,4.821245618,4.784227203,6.799172125,4.434085597,1.125681241,3.769951441,4.895915862,2.643217791,3.853055715,4.931259132,0,2.863147628,4.28630767,3.787133994,0,0,4.033514826,4.569065539,4.344557066,4.222251624,3.284226964,0,2.801180904,2.991839,2.027229691,1.489646618,3.712894969,0,4.117748269,2.576895148,3.132420951,4.829689577,0,2.744827968,4.190894072,4.371507686,4.028174359,3.648478764,3.478217264,4.582997653,1.023027087,0,3.720207616,3.401070591,0,3.333687594,3.085432441,2.007229024,4.310823709,4.49968288,3.644557191,3.478217264,1.900745544,4.304750815,0,2.256296261,3.600373297,2.302458302,3.112552748,0,2.674799363,0,2.845831178,0,2.103457057,3.840214447,3.675507437,3.119219439,3.085432441,0,2.066069524,3.12584198,0,0,0.967457236,4.907095408,0,3.151902086,2.066069524,2.481013376,0,2.621595327,3.83047411,1.262256776,0,0,1.729597288,1.023027087,0,0,2.991839,3.478217264,2.22429353,2.991839,1.07567082,2.22429353,2.256296261,0,3.454742008,0,2.317383953,3.887541891,0,0.356548153,0,4.870871867,0,2.287306497,0,3.723843983,2.271921579,2.610606206,1.303929472,0,0,0,1.07567082,0,3.226239706,0,0,2.530102987,1.878017293,2.256296261,2.027229691,2.046838163,2.157041303,2.191232667,2.754443426,0,0,0,0,1.262256776,1.755914596,2.530102987,0,0.779405004,0,1.616801794,0,0,1.854760431,3.783721022,3.648478764,0,0,3.390994939,0.967457236,2.121639376,1.343934807,1.17330929,0,3.628715275,0.779405004,2.007229024,1.555243901,0,0,1.854760431,0,1.646215679,2.455534291,0,2.553772731,2.066069524,2.317383953,2.46835498,0,0,1.900745544,3.612618348,0,0,0.70794604,1.616801794,2.121639376,0,2.46835498,0,2.664382602,0,1.125681241,1.555243901,0.356548153,0,1.17330929,2.046838163,0,0,0,1.806558329,0,0,0.908616736,0,0.456631612,0,0.70794604,0,0.54760339,0,1.382401088,1.729597288,0,0,0,1.07567082,3.989970532,1.854760431,0,0,2.442547096,0.908616736,3.375688518,0,0,0,0,0,0,0,1.07567082,0,3.970306977,1.674789051,0,0.120159375,0,0,0,0,0,1.755914596,0,0,2.725315153,1.125681241,1.023027087,0,2.22429353,1.303929472,0,1.455160442,2.59949498,0,0,2.481013376,1.303929472,0,0,0,0,0,0.967457236,1.023027087,0,0.356548153,0,0,0,0,0,0,2.317383953,1.854760431,0,0,0,0,0,1.125681241,1.986820153,1.218771664,0,0,0.70794604,1.854760431,0,0,0,0,0,0,2.610606206,0,1.900745544,0,1.17330929,1.41944236,0,2.837059192,0,1.922968681,0,0.54760339,0,0,0,0,0,0,1.781557027,1.218771664,0,0,0.54760339,0,0,0,0,2.121639376,0.846096379,0,0,0.356548153,0,1.343934807,0,2.139496993,0,0.456631612,0,0,1.023027087,0,0,0,2.046838163,0,0,0,0,0,0,0,1.616801794,0,0,0,0,0,0,0,0,0,0,0,0,0,1.023027087,0,0,0,0,1.382401088,0,1.455160442,0,0,0,0,0,0,0,0.54760339,0,0,0,0,0,0,1.382401088,0,0,0,1.616801794,0,2.084938009,0.54760339,0,0,0,0,0,0,0,0,0,0,0,0
6.192912985,4.795183896,5.946633462,5.189022346,5.31950614,4.635948359,0,5.054331058,3.489748503,4.742884397,5.508300211,4.554729303,1.716100783,4.888368677,4.068208373,4.125122736,5.145112853,3.742222688,5.274082736,4.74883237,2.659707326,4.071132352,4.8120264,4.149714139,0,2.930785243,3.255446319,3.468639539,4.290473061,0,3.679440568,2.874432307,3.754319609,3.781989359,1.433533812,0,3.963335781,0,3.22868887,2.659707326,0,4.191992562,3.385257931,4.113996056,0,3.082977059,4.269145238,3.294286152,3.705028318,3.969818786,1.302913629,0,2.975435517,0,0,2.845018422,3.208140202,3.452510158,2.635463714,4.01714623,0,2.930785243,1.832172955,2.647658987,0,2.845018422,2.476187447,2.504558144,3.473958701,2.695005108,2.136833364,1.584764781,3.683750919,4.322771139,3.871434419,3.40818157,1.911161366,3.075103002,3.515523125,0,2.461694439,3.754319609,0,0,0,3.630758389,0,3.55542867,0,1.746406133,0,3.208140202,0,0.677207729,2.572151435,3.402499737,1.960554121,3.644272108,0,0,3.313154637,2.957813916,1.473539146,3.281506426,2.176442502,2.095590405,1.911161366,0,2.476187447,2.77282213,3.468639539,0,0,2.68337707,2.116424492,0,0,2.269101332,0,2.116424492,1.097061575,0,2.269101332,1.911161366,2.446988292,2.762069339,1.302913629,0,3.143832334,0,3.510421073,2.939876215,2.3859006,2.992751967,2.659707326,3.215036781,0.486152493,2.635463714,1.391861115,0,2.214542348,0,1.936162668,3.281506426,1.391861115,1.960554121,1.152631426,2.030349883,0,1.885518935,2.706499487,2.074313007,2.030349883,0,0,0,0,2.461694439,2.15683403,0,0,1.512005427,2.15683403,0,0.677207729,1.911161366,1.775820018,0,0,1.859201627,0,0,0,0,2.116424492,0,0,0,0,0,0,0,0,0,2.074313007,0,1.716100783,0,1.68484824,0,2.55899335,2.635463714,1.097061575,1.152631426,2.874432307,0,0,1.152631426,1.25528558,0,0,2.030349883,0,0,2.05257302,0,0,0,1.960554121,0,1.473539146,1.152631426,2.195673864,1.512005427,2.337504059,0,0,2.416910837,0,1.832172955,0,0,2.647658987,1.619250957,0,0.760589338,0,0,0,0,0,2.572151435,2.476187447,0,0,0,1.152631426,1.549046699,0,2.05257302,3.670763724,0,1.512005427,0,2.337504059,2.835018338,1.20527516,0,0,0,1.911161366,1.20527516,0,1.433533812,0,0,1.775820018,1.391861115,0.975700718,0,0,0,0,0,1.097061575,0,0,0.760589338,0,0,1.619250957,0,0.760589338,0,0,0.83755038,0,0,0,0,0,0,0,0.486152493,0,0,0,0,1.746406133,0,0,0,0,0,0,1.584764781,0,0,0,1.348376003,0,0,0,1.433533812,0,0,0,0,0,0,0,0,0.975700718,1.20527516,0,0,0.486152493,0,0,0,2.401525918,0,0.586235951,1.960554121,0,0,0,0,0,0,0,0,0,0,0.677207729,0,0,0,0,0.83755038,0,0,0,0,0,0,0,0,1.473539146,0,2.610617716,0,0,0,1.960554121,0,0,0,0,0,0,0,0,0,0,1.584764781,0,1.097061575,0,0,0.760589338,0,0,0.374926858,0,0,0,0.586235951,0,0,0,0.909009344,0,1.960554121,0,0,0,1.433533812,0,0.975700718,0,0,0,1.038221075,0,0,0,0,0,1.584764781,0,0
7.724204058,5.41348587,4.923628756,6.635533937,5.446196819,4.904288911,0,5.874586908,4.456016519,5.012168627,2.618646539,5.918032654,6.656067953,5.490628005,4.62444154,4.368194159,4.852524434,3.656800858,4.922031312,4.05753335,1.453894447,5.135697642,4.707047822,4.495971896,0,4.742104966,3.936662059,3.998922827,2.833757918,0,3.743576136,3.347160863,5.709325289,3.690230155,4.974961954,0,4.014891231,0,3.953647605,0,5.006307804,4.271909931,0,0,0,2.107820915,3.808926016,4.500855911,4.387478503,1.286840363,1.833384069,2.552506736,4.155083558,0,0,3.523674078,4.038375676,2.767066544,0,4.094781604,0,3.215282819,3.299721138,1.933467528,2.896278275,3.915016192,2.569456294,0,3.883902571,4.835237918,3.47050541,4.777823048,2.955118775,1.401250714,3.414350307,3.561773924,2.724806734,1.867870245,3.232750512,0,3.339408886,2.943624396,0,0,0,4.308004074,0,2.25624092,0,0,1.722158434,3.307785698,2.724806734,0,3.711911221,0,0,0,0,4.290119842,3.879377677,1.551532917,1.933467528,2.833757918,2.322932294,2.107820915,3.093637709,0,0,2.232984058,0,0,0,0.355282159,2.780765388,0,0,2.278969171,0,3.717258827,0,0,3.142190935,1.596995291,0,0,0.73477178,0,2.896278275,0,0,1.640480403,2.753177432,2.134138223,1.901206665,0,0.498383002,2.966482534,0,0,3.010688626,4.076330896,2.344209693,0.925827017,0.834855239,1.682153099,0,1.867870245,0,2.053012678,2.552506736,2.999818954,3.142190935,0,0,0,0,2.209173409,2.184781956,2.602517157,0,3.37758146,0,0,1.345680863,1.086169667,3.11334278,0,0,1.797665987,0,0,0,0,1.009208626,0,0,0,0,0,1.157628631,0,0,0,2.767066544,0,0.623546145,0,2.344209693,1.009208626,0,1.596995291,1.797665987,0,1.009208626,1.551532917,0,2.385452651,0,0,2.833757918,2.107820915,0.73477178,2.499863003,1.797665987,0,0,0,1.722158434,0.73477178,1.286840363,0,0,0,0,0,1.964720071,1.596995291,0,2.184781956,0,0,0,0,0,0,0,0,1.596995291,0,0,1.964720071,0,0,0,1.797665987,2.184781956,0.498383002,0,0,1.722158434,0,0,1.551532917,0,0,2.833757918,1.760624715,0,2.665530124,0,2.51772062,0,0,0,0,0,0,1.867870245,1.682153099,1.086169667,0,0,0,0,1.551532917,0,0.355282159,0,0,0.834855239,0,1.286840363,0,0,0,0,0,0,0,0,1.345680863,0,0,0.834855239,0,0,0,0,0,0,0,0,0,0,2.42506179,0,0,1.453894447,1.760624715,0,0,0,0.73477178,0,0,0,0,0,0,0,0,0,0.73477178,0,0,0.623546145,0,0,0,0,0,2.134138223,0,0,1.009208626,0,0,0,0,0,1.453894447,0,1.682153099,1.722158434,0,0,0,0,0,0,0,0,0,0,0,1.401250714,1.286840363,0,0,0,0,0,2.232984058,0,0,0,0,0,0,0,0,0,0,0,0,0,0,0,0,1.224320006,0,0,1.797665987,0,0,0,0,0,0,0,1.453894447,1.682153099,2.232984058,0,0,0,0,0,0.834855239,0,0,2.232984058,0,0,1.640480403,0,0,0,0.834855239,1.401250714,0
5.256351468,4.237462653,5.839026509,4.469357523,4.122970343,3.53821169,0,4.599868272,3.958531899,4.063624282,4.252228022,4.447676457,3.791640284,4.652125807,2.69091383,3.983246308,3.524512846,4.585650023,4.095297555,4.278528026,1.172447695,3.663374833,3.201739453,3.330258304,0,0.372328395,3.485126601,4.444383369,4.245543505,3.282221625,3.306528377,2.068239906,2.947154376,3.13070368,0,1.307789043,3.201739453,0,2.927302608,2.896765884,1.981766308,4.012458007,4.415379663,2.510495223,0,2.380758901,3.009078919,3.910947442,3.142898953,3.781024473,0.493689252,1.734131736,3.209329623,4.070039701,0,3.067391401,2.583788088,2.502861598,3.122490082,3.732927772,0,0,2.019745556,2.684544381,0,2.46379413,3.416850833,2.231646015,3.084670448,2.147827344,2.597823406,0.74500368,2.671682468,4.257543649,3.178617036,3.282221625,2.169449808,2.525589849,2.665188938,0,1.404249309,1.332790345,0,1.307789043,0,1.611170025,0,2.703532293,2.318238544,2.158697016,0,3.372887709,0,1.683273319,1.994586996,1.858322117,2.487417276,2.843703039,2.793413113,3.097436579,3.142898953,2.995125204,2.345512962,0,2.423138124,1.665729009,2.32741292,0,2.703532293,1.994586996,3.485126601,2.299633356,0,1.049215055,0,4.631366939,0,2.569552973,0,3.134785318,1.228800632,0,3.209329623,0.372328395,2.103127165,2.25154717,0,0,2.652073996,0,3.872738401,2.678134103,2.336503892,3.313366011,2.103127165,0.434848752,0.305637021,0,1.380992447,0,0,1.449200697,0.945674376,1.901185821,2.843703039,0.830161489,1.647871392,1.798153595,0,1.683273319,3.518980328,1.828690319,1.282146613,0,1.828690319,0,0,1.766654928,1.647871392,0,1.255829304,0,0,1.683273319,0,1.955621027,1.228800632,1.282146613,0,2.103127165,0,0,0,0,2.372063194,1.968779112,0,1.798153595,0,0,0.830161489,1.228800632,2.345512962,0,1.533461041,0,0.981392459,0,2.363291208,0.699541306,1.928773777,1.449200697,0.601902837,1.449200697,0.699541306,1.449200697,0,0.157217016,1.357181798,2.080004747,0,1.858322117,0.372328395,0,0,2.555112288,0.601902837,0,0.908633104,0.305637021,0.157217016,0.549259103,0,0.651913257,1.282146613,1.573070179,2.308979219,1.513052169,0,1.42697756,0,0,0,1.015878635,0.788488792,1.968779112,0,0.549259103,2.781885608,0,0,2.345512962,1.629689073,1.492218082,0,1.981766308,1.112728461,1.357181798,0,0,3.78528433,0,0.651913257,0.945674376,2.684544381,2.638784764,0.908633104,1.449200697,0.870166823,0,0.870166823,1.828690319,1.255829304,2.881140566,0,0,1.901185821,1.872815124,0,0,0.981392459,1.955621027,0,0,1.015878635,0.234178057,0.234178057,0.234178057,0,0,1.683273319,0,1.611170025,1.700515125,0,0.651913257,0,0,0.601902837,0,1.513052169,0.073835407,0,0,0,0,0,0,0,0,0,0,0,0,0,1.915074933,0,0.434848752,1.357181798,0.74500368,0,0,0,1.081475917,2.555112288,0,0,0,0,0,0,1.449200697,0,0.870166823,0,0,0,0,0,0,1.332790345,0,0,1.647871392,0,0,0,0,0,0,0,0.945674376,0,0,0.234178057,0.234178057,0,0,1.112728461,0,0,0,2.190614619,0,1.201021068,0,1.332790345,1.015878635,0,0,0,0,0.372328395,0,0,0,0,0,0,1.665729009,0,0,0,0,0,0,0,0.234178057,0,0,0,1.611170025,0,0,0,0.651913257,0,1.015878635,0,0,0,0,0,1.533461041,0,0,1.357181798,1.380992447,0,0.493689252,0,0,0.699541306,0,0,0,0,0,0,0,0.908633104,0
6.086547921,4.863723145,5.381591051,6.075489829,5.412973141,4.781701364,0,5.190630784,2.262798685,0.706353302,5.629625251,4.841261761,3.584100907,4.787165858,0,4.306754028,4.692346022,3.792987225,4.483922831,4.946983595,1.164186396,4.294342521,4.391192347,4.351550493,2.595376077,0,3.602087003,4.396038883,3.361410973,0,4.099995332,2.999213845,3.787078789,3.985322299,4.616438948,0,3.798860957,0,3.52811614,2.177640876,0,4.265381221,0,3.850227456,4.659456334,3.841847518,3.89377175,3.80470039,3.504814114,4.121432381,1.535045975,2.147563421,3.667627696,2.017298226,0,2.979476363,2.938792786,3.209902303,0,3.89377175,4.467553418,2.859614756,2.353770463,4.018778226,0,1.999753917,3.47692386,1.999753917,3.310237018,1.562825539,2.881837893,1.999753917,2.90357788,3.220401087,2.867077478,3.963208375,0.768873659,3.144483887,3.172263451,0,1.691206706,1.82624299,0,1.315417366,0,2.90357788,0,3.397049489,0,2.896383604,1.279699283,2.714783808,1.847077076,0,2.740426239,2.633658264,2.661437828,4.638178935,3.741616415,0,3.598515571,1.804965591,1.981896299,2.262798685,1.945194932,3.12743802,2.481852251,0,2.051489591,2.147563421,2.132178502,0.935927744,0,2.116553184,0,0,0,2.545365656,0,1.164186396,1.715017354,1.242658011,2.39035991,0,3.193944518,2.276312404,1.446753368,0,3.220401087,0,3.144483887,1.945194932,2.116553184,0,2.276312404,1.738274217,0.216805077,0,2.565670923,0,0,0,1.079028588,2.986098903,2.100679835,1.926326448,0,1.415500824,0.883284011,1.415500824,2.90357788,2.353770463,1.562825539,0,1.033566214,0,0,2.874484919,2.402264813,0,0.216805077,1.715017354,0,0,0,1.715017354,1.204191731,0,0,0.883284011,0,1.562825539,0,0,2.6884665,0,2.068156643,2.757163031,0,0,0,0,0,0,1.383239962,0.883284011,1.279699283,0,2.017298226,1.033566214,0,0,2.147563421,1.033566214,1.691206706,1.783225604,1.383239962,0,1.1225137,0,0,1.738274217,0.316888536,0.985938165,0.706353302,0,0,0,1.477058717,0,1.415500824,0.768873659,0,0,0,1.589854211,0,1.945194932,0,1.887486615,0,0,1.589854211,0.568202964,1.738274217,3.215165473,0,1.867485948,0,0,0,2.789818994,0,0,0,1.804965591,0.407860314,1.415500824,0,0,2.3412703,0,0,1.589854211,0,3.833396764,1.562825539,1.204191731,0,0,1.506472602,2.697316115,0,1.242658011,0,0,1.666815253,1.61617152,0.316888536,0,2.221125988,2.366116299,0,0,0.706353302,1.82624299,0,0.568202964,0,0,0,0,2.302804019,0,0,1.562825539,0,1.1225137,1.1225137,0,1.715017354,0.491241923,1.691206706,0,0,0,0,0.706353302,0.216805077,0,0,0,0,0,0,0,0,0,0.883284011,0.768873659,0,0,0,1.804965591,0,0,0,0,0,0,1.242658011,0,1.349903542,1.033566214,0.883284011,0,0,0,0,2.017298226,0,0,0.706353302,0.883284011,3.539566646,0,0,0,0,0,0.706353302,1.415500824,1.349903542,1.415500824,1.666815253,1.477058717,0,0,0,0.216805077,0,0,0,0,1.079028588,0,1.64181395,0.105579442,0,0,0,0,0,0,0,0,0,0,0,0,0,0,0,0,0,0,0,0,0,0,0,0.216805077,0,0,0,0.935927744,0,0,0,0,0,0.316888536,0,2.402264813,0,1.887486615,0,0,0,0.827714159,0,0,0,0,0,0,0,0,0,0,0,0
4.886286632,3.369939142,5.977365928,5.978625374,4.214792014,4.965607474,0,5.33439821,3.414514767,3.414514767,4.415907697,4.853225769,2.750899934,5.047647918,2.124273436,3.527746133,3.002214362,4.470448965,3.81725136,5.459655354,0.342366263,3.856542128,3.073673326,4.619849042,0,0,3.547023839,3.209596492,5.282747386,2.53959084,3.651190324,0,3.668248307,3.757195793,1.878600771,3.745522509,3.358477699,0,3.887579102,2.696538725,3.680853516,3.81725136,0,2.163113269,4.067350722,4.569629285,2.499585505,3.255356109,3.182476186,4.693782071,0,2.124273436,3.335153026,2.870445084,0,2.696538725,2.718639072,2.083863897,3.772551181,3.556525098,3.508089481,2.627146731,0,3.050416464,0,2.457912809,2.471997549,2.485886661,3.419949563,1.951804175,2.321337274,1.951804175,2.662444513,2.513099225,2.485886661,3.441398106,2.91632469,3.168635134,2.662444513,0,1.997789288,3.222885724,0,0,0,0,0,3.446689124,0,2.898224649,0,2.942874922,2.21868312,0.804989785,2.06302981,0.453591898,0,4.576472767,2.740261536,0,3.69330181,3.358477699,2.368965323,2.104272769,2.70764995,3.202885058,2.083863897,0,1.479444832,2.236540737,3.904414517,0,0,0.804989785,0,1.400973217,0,2.526432756,0,2.627146731,1.222724985,1.997789288,0,0.728028744,2.812457827,2.254085047,1.06450098,0,1.927993526,0,0,2.792356647,2.083863897,3.419949563,1.00566048,2.254085047,0.21720312,2.21868312,1.552204187,0,0,0,0.728028744,3.946904568,1.172714565,0,1.743259423,1.270353034,3.787674343,1.479444832,3.118624714,1.620026783,1.620026783,0,0,1.771832796,0,2.513099225,2.181981753,0,1.120070831,1.00566048,0,0,0.728028744,1.120070831,1.852958341,0,0,2.485886661,0,0,0,0,0,0,0,2.841871712,0,0,0,0,0,3.248945831,2.399502047,0,2.041752412,0,0,0.342366263,1.35930052,0,1.771832796,1.652287645,0.644647135,1.552204187,2.499585505,0,0,0,2.181981753,2.832162898,1.35930052,3.969057373,0,4.084228759,0.943140123,0,1.79961236,0,1.400973217,1.00566048,0,0,0,0,0,1.713845538,0,1.997789288,0,0,2.485886661,0,1.652287645,3.189325528,0,1.903602073,1.440978551,0,0,2.236540737,1.06450098,0,0,1.743259423,0.876448749,2.104272769,0,1.586690363,1.713845538,0,0,0,0,2.889050272,1.06450098,1.903602073,0.728028744,0,1.975061037,2.163113269,0,0,2.60290312,0,3.058229004,0,0.728028744,1.222724985,0,2.889050272,0,0,1.120070831,0,0.804989785,0.644647135,0,0,0,0,2.841871712,0,0,1.270353034,0,0,0.074102276,0,0,0,1.997789288,1.120070831,0,0,0,0,0.876448749,0,0,0,0,0,0,0,1.951804175,0,1.00566048,0.943140123,0,0,0.943140123,1.552204187,2.384350242,0,0,0,0,0,0,0,0,0.21720312,0,0,0,0,0,0,0,0,0,0,1.479444832,0.21720312,0,0,0,0,0,0,1.06450098,0,2.21868312,0.644647135,0,0,1.35930052,0,0,0,0.943140123,0,0,0,0.553675356,0,0,0,0,0,0,0,0,0,0,0,0,0,0,0,0,0,0,1.06450098,2.020012425,0,0,0,0,0,0,0,0,0.728028744,0,0,0,0,0,0,0,2.384350242,1.620026783,0,0,0,2.414427697,0,0,0,0,0,0,0,0,0,0,0,0,0
6.06586024,6.423910014,1.561454104,4.076393041,2.916786239,5.570559554,0,6.206079497,2.336518407,6.13717036,3.747779391,6.125548198,0,5.448284372,4.984365246,4.885788,3.691426454,4.469287689,4.166850151,4.076393041,1.855215222,4.198767754,3.263982439,5.129267701,0,0,4.824230107,3.561614843,3.667964967,0,3.790681412,4.570511832,4.269504305,3.7640841,5.395911007,0,4.422957878,0,3.936926912,3.606783811,5.071177717,3.885752957,0,0,0,2.575269856,3.05736819,4.709593378,3.396958122,1.818173951,1.215177867,0,4.748612701,2.052574656,0,4.126403461,3.587674949,3.880968259,4.095924912,3.534857393,0,4.471947265,3.389145582,1.698029639,3.227779391,3.61932316,2.753156815,0,3.851769104,2.965875849,3.702953959,1.45879995,3.389145582,4.516110285,0,3.05736819,2.081988542,2.965875849,2.977780752,0,2.977780752,0,0,0,0,2.965875849,0,2.965875849,3.170892016,2.38048153,0,2.165370151,2.022269307,1.281869242,2.676195774,2.916786239,2.443001887,3.396958122,0,0,2.358741544,0,2.081988542,0,3.702953959,2.660066392,2.643672583,0,0,2.21732989,2.191687459,0,0,0,3.324345589,0,0,1.45879995,0,2.482611025,0,1.281869242,3.246044739,0,2.692069123,2.810726667,1.215177867,0,2.138341478,0,1.344389599,2.539229919,2.358741544,2.443001887,0,0,1.344389599,0,1.45879995,0,3.046379068,0,0.24577731,2.482611025,0,0,0,2.422593016,0,2.358741544,3.120881596,1.890933305,2.463002554,0,0,0,0,2.052574656,0,0,0,2.904127842,3.972565428,0,0,2.643672583,2.592814165,0,0,1.609082153,0,0,4.285633687,0,1.958755901,0,0,0,0,0,1.143718903,0,0,0,0,0,1.215177867,0,1.855215222,0,2.539229919,1.511443683,2.110561914,1.281869242,0,1.281869242,0,0,0,0,0,0,0,0,1.344389599,2.865161874,1.215177867,0,1.45879995,0,0,1.281869242,0,1.45879995,0,0,1.855215222,0,0,0,0,0,0,0,0.555932238,1.281869242,0,0,0,0,0,1.925419481,1.561454104,4.36555331,0,1.958755901,0.555932238,0,0,1.855215222,3.170892016,0,0,0,0,2.610055972,0.892404475,0,0,0,0,2.165370151,0,1.511443683,0,0,0,0,1.561454104,0,0,0,0,1.991016763,0,1.215177867,0,0.24577731,0,0,1.403230099,0,1.143718903,2.191687459,0,1.344389599,0,0,0,0,1.344389599,1.609082153,0,0,3.089629052,0,0,0,0.681095381,0,0,0,0,0,0,1.403230099,0,0,0,1.739702335,3.068237862,0,0,0,0,0,0,0,0,0,1.925419481,0,0,0.792321016,0,0,0,0,0,0,0,0,1.403230099,1.066757862,0,0.412831395,0,0,0,0,0,0,0.792321016,0,0,0,0,0,0,0,0,0,3.170892016,0,0.681095381,0.983376253,1.066757862,1.215177867,0,0,0,0,1.066757862,0,1.609082153,0,0,0,0,0,0,0,0,0,0,0,1.890933305,0,0,0,1.45879995,0.892404475,0,0,1.890933305,0,0,0.983376253,0,0,0,0,0,2.916786239,0,1.143718903,0,0,1.818173951,0,0,0,0,0,0,0,0,0,0,0.892404475,2.557412238,0
7.618792489,4.603749798,4.340226561,3.942270875,4.629164126,6.505300109,0,6.08891649,4.103167541,6.156528831,6.652977561,5.314122284,0,3.648753021,5.128379322,4.984457941,4.249095242,2.436945817,5.152458739,2.938742034,0,4.489339446,3.700882086,5.810421659,0,0,4.924657518,3.251614355,4.598588496,3.042059648,4.731634648,2.602269797,4.343571045,4.457078584,0,0,4.353537905,0,4.859060235,4.720245003,4.556310073,0,0,1.798457049,3.655419712,3.593756345,4.386061097,4.769416919,4.373178471,0.992831885,1.083803663,2.657839649,3.017213649,0,4.678133518,2.414217566,4.588185281,3.004555253,3.512829855,0,0,2.3177573,2.059183311,1.55922736,2.153002067,4.389255988,2.342758602,3.465762344,2.459168954,2.621138282,2.808121852,0,3.842712281,0,2.978747369,2.459168954,3.621632714,2.459168954,3.86451151,0,4.000398616,4.840951088,0,2.059183311,0,3.586664117,0,2.436945817,2.897069338,3.200582875,0,1.315605277,2.059183311,1.611871093,2.744099993,0,3.261515426,1.167185272,4.281589075,0,3.433106381,3.251614355,2.693241576,1.315605277,1.661881514,3.017213649,2.342758602,3.896344436,2.059183311,0,0,2.502186339,1.611871093,0,3.535558106,0,0,1.244146313,0,0,3.200582875,1.918601361,0,1.840129745,0,2.744099993,2.502186339,0,0,0,0,0,1.611871093,2.675697266,1.955642632,1.244146313,4.775938682,3.424772999,1.315605277,0,3.901552782,0,1.918601361,2.991734564,0,3.880554635,0,0.892748426,0,2.710483382,0,0,2.710483382,0,0,0,0,0,1.88013508,0,0,2.776623185,0,0,0,1.244146313,3.738269618,0,0,0,0,0,0,0,0,0,0,0,0,0,0,0,1.88013508,0,1.709509563,1.244146313,1.083803663,0,1.55922736,1.840129745,1.382296652,0,0,2.153002067,0,0.992831885,0,0,2.3177573,0,0,0,1.55922736,0,2.292114869,0,2.776623185,0,1.955642632,0,2.210989324,0,0,2.122696717,2.583038435,0,0,0,0.656359648,1.840129745,0,0,3.952196514,0,1.167185272,0,0,0,0,0,0,0,4.295698657,0,2.543429297,0,1.88013508,1.244146313,0,0,0,0,0,0,0,1.315605277,0,1.709509563,0,2.153002067,0,2.639657329,0,0,1.661881514,0,0,1.167185272,0,0,0.781522791,1.88013508,0,0,0,2.153002067,0,1.083803663,0,0,0,0,1.661881514,0,0,1.382296652,0,0,0.513258805,0,0,1.754971937,0,0,0,0,0,2.025846891,0,0,0,0,1.709509563,0,0,0,0,0,0,1.611871093,0,0,0,0,0,0,0,0,0,0,0,0,0,0,1.503657509,0,0,0,0,0,2.3177573,2.265797561,1.315605277,0,0,0,0,0,0,0,0,0,1.840129745,0,0,0,0,0,0,0,0,0,0,0,0,0,1.315605277,0,0,0,0,0,1.55922736,0,0,0,0,0,0,0,1.083803663,0,0,0,0,0,0,0,0,2.965589284,0,0,0,0,0,0,0,0,0,0,0,0.892748426,0,0,1.503657509,0,0,0,0,0,0,0,0,0.892748426,0,0,0,0,1.503657509,0,0,0
7.293762324,5.603244569,5.530263866,5.622989694,6.41437027,6.478957656,0,4.830152428,3.718752241,6.370143563,4.303961585,5.149414427,3.504258432,4.793925957,5.932991266,5.587877837,5.329733364,1.772842092,4.89651584,3.629984321,3.303587736,4.120348873,5.402573874,4.22803227,0,6.002237163,3.255674381,2.239461624,2.479412293,0,3.741654006,3.414197608,3.793135962,3.586874197,3.595646183,5.425253797,4.120348873,0,3.475130159,0,0,4.273391519,0,4.329440671,0,2.204975448,4.498749911,2.834753014,2.974108535,0,1.106363159,0,3.403671195,0,0,2.580764788,3.895265457,3.445127909,2.33631145,4.016996102,0,2.672783686,0,2.169257365,0,3.455229005,0,0,3.267869654,1.772842092,4.218708193,2.452383621,2.834753014,0,3.067198958,2.604575436,0.995137524,2.169257365,2.924098115,0,2.627832298,0,0,0,0,0,0,2.694523673,0,2.053744478,0,1.825485826,2.396030684,2.65056055,3.067198958,0,1.923124295,0,0,4.470022621,4.067286028,1.825485826,0,0,0.559819453,0,3.138657922,0,0,2.604575436,0,0,2.204975448,2.239461624,3.951884351,0,0,3.455229005,0,0,0,0,3.97006667,2.694523673,0,2.479412293,1.457761046,0,0.995137524,0,3.882235956,1.658431741,1.717272241,0,3.067198958,2.169257365,2.305058906,0,0,0,4.1997951,0,2.736635158,1.380800005,0.869974381,1.772842092,2.604575436,0,0.869974381,1.772842092,0,2.33631145,2.012071781,4.694258472,0,0,0,0,0,0,1.52922001,1.52922001,0,0,0,3.513782313,1.658431741,0,0,0,0,0,0,0,1.717272241,0,0,0,0,0,3.434923738,0,0,0,0,0,0,0,2.093749813,2.012071781,2.834753014,0,2.272798044,0,2.239461624,0,2.452383621,0.726873537,0,0,0,1.380800005,0,0,1.380800005,0,1.457761046,0,2.053744478,0,1.875496246,0,0,1.206446618,2.169257365,0,0,0,0,0,0,0,0,2.452383621,1.206446618,1.825485826,0,0,2.604575436,1.717272241,0,0,3.021736584,0,4.104723555,0,2.81588453,0,0,0,0,0,1.380800005,0,0,1.106363159,0,0,0,1.457761046,0,2.239461624,0,0,0,0,0,0,0,0,0,0,0,0,0.726873537,2.272798044,0,0.559819453,0,2.924098115,0,0,0,0,3.494642973,0.559819453,0,0,1.457761046,0,0,0,0,0,2.012071781,0,0,1.658431741,0,0,0,0,0,0,0,0,0,2.694523673,0,1.772842092,0,0,0,0,0,0,0,0,0,4.016996102,0,0,0,0,0,0,0,0,0,2.531372032,0,0,1.717272241,0.995137524,0,0,0,4.028392237,0,0,0,0,0,0,2.627832298,0,0,0,2.505729602,0,0,0,0,0,0,0,0,0,0,0,0,0,2.452383621,3.152356767,0,0,0,0,0,0,1.658431741,0,0,0,0,0,0,0,0,0,0,0,0,0,0,0,0,0,0,0,0,1.52922001,0,0,0,0,0,0,0,0,0,0,0,0.995137524,0,0,0,0,0,0,1.658431741,0
6.097962084,6.290778218,5.828305941,5.894654787,2.915220012,6.151980069,0,6.385877992,1.956696517,6.591425505,3.395508912,5.726975224,0,3.517932327,6.099208578,4.899069379,3.913748842,6.159631666,4.072243063,3.771074075,0,4.272913759,3.6843531,6.154340649,0,5.629267233,5.854103422,1.831533374,4.245461054,5.491670359,5.066282548,4.503380526,5.010512702,4.98616693,3.534259221,1.916691182,4.109370297,0,4.819457465,3.95179691,5.1174446,3.902606666,0,0,3.826989259,3.38616305,3.042150721,5.784058323,4.358150512,3.597024916,1.069393322,0,5.588590552,4.557205176,0,2.557470377,4.225380058,3.423033586,2.287550761,3.526129095,2.987715514,5.702271315,1.68843253,2.258977389,3.908193273,4.249429313,0,0,0,4.209019775,3.526129095,3.081116689,3.597024916,0,2.787044819,2.82066143,0,2.734401085,4.028757951,0,4.372260094,2.82066143,0,2.287550761,0,3.234357037,0,2.467522141,0,1.786071,0,1.635788797,0,0,0,0,1.521378446,3.367205136,0,0,3.758212161,0,2.067922152,1.458858089,3.967670259,0,2.678831234,0,1.243746709,0,3.055308805,0,0,0,4.325656679,0,0,0,0,1.831533374,2.16800561,0,2.973630774,2.102408328,0,2.513507254,1.68843253,0,2.258977389,0,0,1.635788797,0,3.297870443,1.916691182,2.102408328,3.60460071,3.245226709,1.32070775,0,4.295859316,3.308074613,2.199258154,1.995162798,0.969309863,3.423033586,0,0,0,3.201020617,0,2.16800561,2.973630774,0,0,0,0,0,0,0,2.419320039,2.659599872,0,0,1.32070775,3.042150721,3.201020617,0,0,0,0,0,0,0,1.392166714,0,1.1603651,0,0,4.122945166,0,0,2.884683288,0,1.32070775,0,1.392166714,0,1.738442951,0,2.287550761,0,1.738442951,0,0,1.580218946,2.16800561,0,0,0,0,0,0,0,2.032204069,0,0.589820241,0,2.258977389,0.222095461,2.578747776,0,0,0,0,0,2.315330325,0,1.243746709,0.422766157,0,0,0,0.422766157,0.422766157,0,0,0,0,0,0,0,1.243746709,0,2.368676306,0,2.135744748,1.580218946,0,1.875018486,0,0,0,0,0,2.82066143,0,0,0,0.969309863,0,0,0,1.875018486,2.535730391,0,0,0,2.490779003,0,0,0,0,0,1.635788797,1.635788797,0,0,0,0,0,0,0,0,0,0,0,0,0,0,0,1.831533374,0,0,1.635788797,0,1.069393322,1.458858089,0,0.858084228,0,0,0,0,0,0,0,0,1.069393322,2.032204069,0,0,0,0,0,0.222095461,0,0,0,0,0,0,0,0,0,0,1.580218946,0,1.32070775,0,0,0,1.831533374,0,0,0,0,0,0,0,0,0,0,0,2.16800561,0,0,0,0,0,0,0,0,0,0,0,0,0,0,0,0,0,1.1603651,3.38616305,0,0,0,0,0,0,0.422766157,0,0,0,0,0,0,0,0,0,0,0,0,0,0,0,0,0,0,0,0,2.490779003,0,0,0,0,0,0,0,0,0.732921085,0,0,0,0,0,0,0,0,0,1.786071,0
7.450057272,4.834332603,5.028565508,6.403220815,5.669228952,5.216433192,0,6.414052223,4.629003288,6.765569803,4.95487146,5.745643636,0,3.66251691,5.824432476,5.454979367,4.399014532,1.238979207,4.703225906,3.143216659,1.908028836,4.422967773,3.908189575,5.979761952,0,5.308412879,5.35762916,1.561752599,4.917086564,2.990247315,5.232362733,3.224894691,4.168266381,5.136613475,2.683093139,0,4.826458547,0,4.663707086,4.105253413,3.853938985,0,0,4.434732614,0,3.555748935,3.735720314,4.957186276,4.301479657,2.164748683,1.490293635,2.90398697,5.095187433,0,4.213049984,2.368844039,4.066574559,3.63687448,4.382720892,0,0,5.091151101,1.908028836,0,3.881432125,4.288026539,0,2.727056262,0,2.921844588,3.359242743,1.027670113,3.959647872,0,2.399149388,2.511944883,1.413332594,2.538262191,3.679253703,0,3.654042283,3.839903667,3.497761677,2.48491621,0,1.805374682,0,2.48491621,0,2.683093139,0,0,2.588905924,2.848417119,3.157301399,0,3.711909666,2.829185757,0,0,2.126282402,3.565094797,0,2.271994213,2.588905924,0,0,3.28820697,1.490293635,2.683093139,0,2.885804651,0,2.939388897,3.497761677,1.858018415,0,0,0,2.613297377,2.885804651,0,2.613297377,3.022770506,0,0,3.114437695,0,1.955656885,0,0,0,2.588905924,3.211736606,2.885804651,1.908028836,1.329950985,3.336120326,1.329950985,0,4.002599259,0,0,0,0,4.188418196,0,0,0,2.511944883,0,2.164748683,2.683093139,0,0,0,0,0,0,0,0,2.705316276,0,0,0.90250697,2.769167748,2.885804651,0,0,0,0,0,0,0,0,0,0,0,0,2.637108026,0,0,2.939388897,0,0,0,0,0,0,0,0,0,0,0.90250697,0,0,0,0,0,0,0,0,0,0,2.164748683,0,0,0,3.054269173,2.164748683,1.413332594,0,0,1.628443974,0,0,0,0,0,0,0,0,2.789576619,1.955656885,0,0,0,0.759406127,0,0,0,0,2.885804651,0,1.749804831,0,0,0,0,1.138895748,0,3.143216659,0.759406127,0,0,0,0,0,0,2.201789954,0,1.628443974,0,2.48491621,0,0,0,0,0,1.690964331,1.329950985,0,4.31914016,0,0,1.490293635,0,0,0,0,1.027670113,0,1.238979207,0,0,0.90250697,0,0,0,0,0,2.428563274,0,0,1.027670113,0,2.126282402,0,0,0,0,0,0,0,0,0,0,0,0,1.955656885,0,0,0,0,0,0,0,0,0,0,0,0,0,0,0,0,0,0,1.490293635,0,3.171190512,2.48491621,1.628443974,0,0,0,0,0,0,0,0,0,0,0,1.690964331,0,0,0,0,0,0,0,0,0,0,0.140366918,0,1.238979207,0,0,0,0,1.490293635,0,0,0,0,0,0,0,0.391681346,0,0,0,0,0,0,0,0,0,0,0,0,0,0,0,0,0,0,0,0,0.391681346,0,0,0,0,0,1.749804831,0,0,0,0,0,0,0,0,0,0,0,0,0,0
6.858686763,5.885990877,5.723546689,6.490855225,5.548671183,6.402897087,0,6.676909493,4.303299231,7.455682737,3.902975522,5.875773675,0,3.785577028,7.261318932,5.0077228,3.785577028,4.867909888,3.652539829,4.123037407,0,4.056686545,0,5.92503238,0,5.361232699,5.208393495,0,2.753879328,5.590513428,4.14742886,4.04072876,4.44171558,3.858943252,0,3.039131266,4.203649753,0,4.46653955,5.117659982,5.379672938,3.620408551,0,3.77163952,3.489788368,3.728622135,3.381840529,3.612211784,4.514411938,2.050975973,0,4.103086621,5.210060162,0,0,3.109582927,4.24820055,3.644603279,2.963337427,2.963337427,0,5.123124477,2.32384296,2.353256845,0,4.23061768,0,3.526322112,0,3.272441935,4.269753109,0,4.067185329,0,1.730068253,0,1.254644556,2.71427019,3.660413885,0,4.118086902,4.199083535,0,2.089442254,0,3.764597238,0,0,0,2.32384296,0,0,2.010970638,1.254644556,2.651749833,0,2.089442254,3.587210481,0,0,3.381840529,3.764597238,2.462955762,2.673027232,1.414987206,0,1.880350456,0,1.674498402,2.914940886,0,2.828680541,0,2.791979175,4.877244845,0,0,0,0,0,0,1.782711986,2.126483525,2.089442254,1.880350456,2.77311069,1.782711986,0,1.832722407,1.615657902,0,0,1.92581283,3.123096646,1.674498402,1.969297942,2.734270857,3.517313042,0,0,5.072834551,0,3.123096646,3.392149899,0.684099698,2.963337427,2.381830217,2.089442254,0,3.402354069,0,2.29353761,2.914940886,0,0,0,0,0,0,0,1.92581283,3.237144153,0,0,0,4.132865496,2.791979175,2.050975973,0,0,0,0,0,0,0,0,0,0,0,0,0,0,0,0,0,0,0,0,1.880350456,1.880350456,0.827200541,0,0.684099698,0,0,1.254644556,1.254644556,0,0,1.880350456,0,0,0.952363684,2.585058459,1.338026165,0,1.730068253,0,1.969297942,0,2.126483525,0,0,0,0,0,0,0,0,0.684099698,0,0,2.947464077,0,1.338026165,0,0,0,0,0,0,0,0,0,3.225095814,0,1.163672778,0,0,1.832722407,0,0,2.010970638,0,0,0.684099698,1.063589319,0,0,0,0,2.462955762,1.553137545,0,0,0,0,0,0,1.254644556,0,0,1.782711986,2.353256845,1.730068253,0.952363684,0,0,0,0,0,0,2.010970638,0,0,0,0,0,0,1.615657902,0,2.29353761,1.969297942,0,0,0,0,0,1.063589319,0,0,0,0,0,0,0,0,0,0,0,0,0,0,0,0,0,0,0,0,0,0,0,0,0,0,0,0,0,0,1.730068253,0,2.29353761,2.77311069,0,0,1.163672778,0,0,0,0,0,1.553137545,1.163672778,0,1.674498402,0,0,0,0,0,0,0,0,0,0,0,0,1.414987206,0,0,0,0,2.791979175,0,0,0,0,0,0,0,1.414987206,0,0,0,0,0,0,0,0,0,0,0,0,0,0,0,0,0,0,0,0,0.065060489,0,0,0,0,0,0,0,0,0,0,0,0,0,0,0,0,0,0,0,0
7.156933212,5.361747126,3.370587448,5.937254281,5.776575835,5.638500128,0,3.43547507,5.950042179,6.091956381,3.991344132,5.868904703,5.624522032,3.762931468,6.160826741,4.780347344,4.483987437,2.033349244,3.724465187,2.500689756,4.146780986,5.125358348,4.537571683,4.866562588,2.995385997,2.577650797,2.326336368,2.115027275,1.846763288,2.798322159,5.144497688,3.370587448,3.252105844,4.973298877,2.260739086,0,3.496407621,0.748150999,2.527007064,0,4.363218296,0,0,5.947497648,0,2.033349244,3.700654538,0,4.957425528,1.846763288,3.91004939,3.027388728,0,0,0,3.276951843,4.869062589,3.7704503,2.694061148,0,0,0,4.761063,1.318695858,5.643116408,4.192014827,0,2.500689756,2.577650797,0,3.608151659,0,3.777913022,0,1.550497472,2.357588912,0,2.577650797,2.417308147,5.966842238,2.856030476,1.016414986,0,0,0,0,0,0,0,0,2.153493556,1.989864132,0,0,3.821556311,0,0,1.617188846,0,0,3.581364343,0,2.387894261,0,0,0,0,0,0,2.649109761,0,2.527007064,3.466405371,1.846763288,3.48650655,0,6.040682429,0,0,1.896773709,0,0,4.172163059,4.235290811,0,0,3.226626759,0,1.617188846,0,1.22772408,0,0.891251843,0,3.381698673,3.381698673,0,4.009201749,1.016414986,0,0,0,2.625852898,2.417308147,0.891251843,2.387894261,0,2.417308147,0,2.715801135,3.07355077,0,3.535059775,0,0,4.354902239,0,1.479038508,1.318695858,0,0,1.679709203,0,0,0,1.016414986,2.552649494,0,2.500689756,0,0,0,0,0,2.326336368,0,0,0,0,0,4.299093767,1.738549703,4.055319431,0,0,0,0,0,0,1.989864132,0,2.357588912,0,0,4.879000559,1.016414986,0,0,0,0,0,1.402077467,0,0,2.625852898,0,1.127640621,0,3.146046272,0,3.651261783,0,0,0,0,0,0,0,0,0,0,0,0,0,0,1.22772408,0,0,3.043014046,0,0,0,1.738549703,1.22772408,0,0,2.260739086,0,0,0,0,0,1.989864132,0,4.881469696,1.479038508,0,0,0,0,1.846763288,1.479038508,0,0,0,0,0,0,2.671838012,1.944401758,0,0,2.962325135,0,1.127640621,0,0,0,0,0,0,0,0,0,0,1.679709203,0,0,0,3.011515379,0,1.402077467,0,0,3.226626759,0,0,0,3.043014046,0,0,0,0,0,0,0,1.127640621,0,0,1.550497472,2.92813377,0,0,0,0,0,0,0.380426219,0,0,0,0,0,0.380426219,0,0,0,0,2.387894261,0,1.794119555,0,1.944401758,0,0,0,0,0,0,0,0,0,0.129111791,4.643106096,0,0,0,0,0,1.318695858,0,0,0,0,0,2.577650797,0,0.891251843,0,0,0,0,1.016414986,0,0,5.228106759,0,0,0,0,0,0,0,0,0,0,1.22772408,0,0,0,0,0,0,0,0,0,0,1.016414986,4.931961189,0,0,0,0,0,0,0,0,0,0,0,0,0,0,0,0,0,0,0,0,0,0,0
4.490609213,4.16654665,5.773102716,4.84738821,5.251638694,4.531389583,0,5.173821671,4.642825512,2.895634362,4.254636581,4.970578627,5.719147721,3.987385561,2.313982686,4.458894081,4.890160232,3.646082397,4.175142691,3.082220318,2.653072725,4.350066529,4.33801819,2.613067391,6.203178311,1.233552717,2.935840783,3.047584821,0,0,3.747318195,0,2.111271174,3.483421027,2.257363792,0,4.122421845,0,3.002532157,0,4.104211933,4.924457146,0,3.934369613,0,3.987385561,4.233330849,3.394075927,3.090694945,3.575878138,1.992082656,2.257363792,2.728580278,0,0,3.329745069,2.585479434,3.28211702,0,4.500961272,0,2.350022623,2.313982686,3.387825907,5.081397496,1.913094245,0,2.585479434,2.217754654,2.46682189,3.082220318,3.8352409,0,3.554879991,3.901156228,3.533431448,4.154969096,3.688742894,2.512983932,1.992082656,1.554460437,3.289061492,2.017083959,1.733508668,0,1.76576953,4.837139218,2.81002061,3.268081702,2.81002061,1.429297294,3.1400877,0,2.497832127,3.115696247,0,3.275123984,1.700172248,0,0,1.797022074,2.482447208,2.787420778,0,1.056622008,3.065052514,1.827327423,0,3.011706534,0,0,2.915939629,1.336206871,2.905838533,0,0,5.704419011,2.482447208,0,4.085664261,0,1.28619645,0,0,2.367566932,2.585479434,1.554460437,0,3.670006983,0,3.660505724,2.276595154,1.629967989,0,1.233552717,2.332165005,1.336206871,1.966440226,1.629967989,0,0,0,1.429297294,1.856741309,1.966440226,0,0,0,0,1.28619645,3.611596221,2.401758297,0.989930634,1.856741309,2.842990629,3.038735206,0,0,2.257363792,0,1.177982865,0.667157242,0,2.935840783,0,0,0.455848148,0,0,1.554460437,0.455848148,0,3.83122483,0,2.639914641,0,0.989930634,2.111271174,0,0,0.91847167,0,0,0,2.13349431,2.313982686,1.119142365,0,1.629967989,1.429297294,2.041475412,0,1.472782406,0.667157242,2.176511696,1.913094245,2.088542923,0,0,2.666059921,1.856741309,2.041475412,0,2.384808739,1.429297294,2.350022623,0.455848148,0,1.856741309,0,0,0,0,0,0,0.75812902,2.276595154,1.056622008,3.406459986,2.041475412,0,0,0,0,0,0,0,2.041475412,0,0,1.514455102,0,1.514455102,1.177982865,0,1.856741309,1.056622008,1.056622008,0,0,0,0,0.91847167,0,0,0.455848148,1.797022074,0,0,0,0,1.514455102,2.176511696,2.864381819,0,0,0,0,1.554460437,1.554460437,0,1.592926717,2.06528606,1.233552717,1.429297294,0,0,0,0,0,0,0,0,0,0,0,0,0,0.667157242,0,1.233552717,0,0,0,2.571394694,0,0,0,1.733508668,1.233552717,0,0,0,0,0,0,1.472782406,0,0,0,1.992082656,0,0,1.056622008,0,0.187584161,0,0,0,0,0,0,0,0,0,1.940122917,1.336206871,0,0,0,0,0,0.75812902,1.38383492,0,0,0,0,0,0,0,1.554460437,0,1.056622008,0,1.885314681,0,0,0,1.554460437,0,0,0,0,0,0,0,0,0,0,1.554460437,0,1.119142365,0,0,1.856741309,0,0,0,0,0,0,0,0,0,0,0,0,0,0,0,0,0,0,0,0,0,0,0,2.775926398,0,0,0,0,0,1.38383492,0,1.28619645,0.841510629,0.75812902,0,0,1.856741309,0,0,0,0,0,0,0,0,0
7.501159281,5.418784215,4.598905819,6.814323052,6.538897331,5.731362285,0,4.62941666,5.455990887,4.652519998,3.182914952,5.341580536,3.029945607,3.806309094,4.442745088,4.706501356,4.836742954,1.453030887,5.455990887,2.603602914,5.311653115,5.061784296,4.527574341,2.65299567,4.81201642,3.566873855,3.496845251,3.387446656,0,0,5.046500156,3.967496339,3.340100536,4.909978283,3.693740576,0,2.745014568,0.632050335,0,3.632317763,3.315559427,0,0,4.825828794,0,2.040817552,5.46761048,0,4.678286319,1.529991928,3.879601959,3.364053777,0,0,0,1.601450892,3.82140372,3.062468799,2.311692506,0,0,3.251434899,2.722791432,0.942205263,0,3.375818618,2.468261566,1.995355178,0,2.676806318,3.886644242,1.369649278,2.996328997,2.603602914,2.27720633,2.603602914,0,0,3.109352385,6.108513887,3.290400867,1.789503123,3.60479309,0,0,2.496834939,3.702215203,0,0,1.369649278,4.671906712,1.845072974,1.947727129,2.766754555,3.182914952,0,0,0,0,0,0,0,2.084302664,0,0,0,0,0,1.2786775,0,0,0,3.182914952,3.586013195,2.603602914,0,6.910230578,2.084302664,0,2.577960484,0,0,1.529991928,3.196999692,0,0,3.093967466,3.828866441,0,0,2.849275579,0,0,0,2.745014568,2.204446975,0,3.454510887,0,0,0,0,3.154135988,0,0,2.65299567,0,3.093967466,0,1.668142266,1.067368406,0,3.078342148,0,0,2.70006318,0,1.947727129,1.601450892,0,0,1.845072974,0,0,1.845072974,1.601450892,1.453030887,0,0,1.178594041,2.408542332,0,3.90058175,0,0,0,0,0,0,0,2.311692506,0,2.165980695,0,0,0,0,0,0,2.27720633,1.845072974,2.65299567,1.789503123,0,4.775185061,0,2.408542332,0,0,0,2.204446975,1.453030887,1.453030887,0,2.745014568,3.046339417,0,0,1.529991928,1.369649278,2.12597536,0,0,0,0,0,0,0,0,0,0,0,0,0.431379639,0,0,0,0,0,1.601450892,0,0,0,1.369649278,0,0,0,0,1.730662623,0,0,0,2.468261566,0,0,1.369649278,0,0,1.178594041,0,1.668142266,0,0,1.601450892,0,0,0,0,1.730662623,1.789503123,0,0,2.97908719,0,0,1.067368406,0,0,0,0,0,0,0,0,0,0,0,0,0,1.730662623,0,0,0,0,2.996328997,0,0,0,1.668142266,0,0,0,0,0,0,0,0,0,0,1.668142266,1.668142266,0,0,0,0,0,1.789503123,1.178594041,0,0,0,0,0,0,0,0,0,0,1.730662623,0,2.65299567,0,0,1.730662623,0,0,0,0,0,0,0,0,0,3.886644242,0,0,0,0,0,2.496834939,0,0,0,0,0,1.369649278,0,0,0,0,2.241488247,0,0.799104419,0,0,3.046339417,0,0,0,0,0,0,0,0,0,0,0,0,0,0,0,0,0,0,0,0,0,0,2.943685263,0,0,0,2.377289788,0,0,0,0,0,0,0,0,0,0,0,0,0,0,0,0,0,0,0
7.347986078,6.328070081,0,6.528740776,7.236001235,5.923120836,0,6.071434132,7.056533933,6.537148898,4.597360081,5.497600361,0,3.517979154,6.008110228,5.69597237,4.813097635,0,6.172025624,3.562679333,5.706275101,5.398098297,4.405282349,4.553702354,0,6.043479201,3.258467959,3.409438986,0,0,4.589562771,4.761721971,3.562679333,4.247596015,2.5578858,0,4.876755486,1.297632159,0,2.066765247,3.165377536,0,0,5.510149545,0,2.496327907,5.927238186,0,4.190923627,0.918142538,3.551690212,4.357080247,2.987922169,0,4.473490599,0,4.263989824,4.765011448,2.245013478,0,0,0,1.397715618,0,0,4.066925986,0,0,0,0,0,0,3.846254624,0,2.94831303,2.245013478,0,2.245013478,3.494856737,4.253090534,2.696998602,4.196737597,0,0,0,0,0,2.396244448,3.821253321,2.795844437,3.471186993,2.066765247,2.670681294,5.104294649,3.821253321,0,2.84182955,1.649030046,3.115367115,4.080040928,4.290729385,1.649030046,2.747642335,2.968313697,2.670681294,2.15985567,2.907070072,3.562679333,0,3.562679333,0,0,0,4.285438368,4.32190074,0,0,1.849700742,0,0,0,1.649030046,0,2.84182955,0,0,3.829656732,2.245013478,0,0,0,0,0,0,3.213005585,0,0,3.228390504,3.165377536,0,4.357080247,0,0,2.496327907,0.550417758,2.94831303,0,0,0,1.488687396,0,1.908541242,2.819101299,0,0,4.631714604,0,0,0,0,0,2.066765247,0,0,2.360526366,0,2.016754826,0,1.787180385,0,0,0,0,0,0,0,2.696998602,0,0,0,0,0,0,0,0,0,0.918142538,0,0,2.066765247,2.430730624,2.5578858,0,1.297632159,2.016754826,1.649030046,0,0,0,0,0,0,0,0,1.787180385,0,1.849700742,0,1.787180385,1.72048901,1.787180385,0,0,0,0,0,0,0,0,0,0,0,0,0,0,0,0,0,0,0,0,0,3.026022015,0,0,0,2.430730624,2.15985567,1.572069005,0,0,0,3.044541063,0,4.437692593,0,0,0,0,0,0,0,2.114393296,2.396244448,0,0,0,0,1.649030046,0,0,0,0,0,0,0,0,1.061243381,0,0,0,0,0,0,0,0,0,0,0,0,0,0.918142538,0,0,4.155311556,0,0,3.026022015,1.572069005,0.550417758,0,0,0,0,0,0,0,0,0,0,0,1.849700742,0,0,0,0,0,0,0,0,0,0,0,0,0,0,0,0,2.396244448,0,0,0,0,0,0,0,0,0,2.323485094,0,0,0,1.849700742,3.165377536,1.649030046,0,0,0,0,0,0,0,0,0,0,0,0,0,0,0,1.908541242,0,0,0,0,2.795844437,0,0,0,0,0,0,0,0,0,0,0,0,0,0,0,0,0,0,0,0,0,0,0,2.885792673,0,0,0,0,0,0,0,0,0,0,0,0,0,0,0,0,0,0,0,0,0,1.908541242
6.963619636,6.463230402,5.188477845,5.44626787,5.324907013,7.328493429,0,5.934786737,2.172770961,7.266951593,6.723688723,5.525441302,0,5.611275395,6.262132367,3.856567441,4.419435264,0,4.60515241,4.284577787,0,5.428841156,3.888621467,5.148121492,4.051298113,2.683596585,4.218764568,3.442925672,3.518791423,3.14699953,4.426829013,4.687917496,5.853282165,4.288815081,0,0,3.12015228,0,4.534948151,3.97326411,5.188477845,4.322082182,0,0,0,2.839249894,3.536891464,3.563441696,5.028434227,1.626227254,2.061545326,4.847524388,4.186503706,3.563441696,0,3.305869426,4.232278288,0,0,3.739191488,0,3.630977903,2.821067575,2.272854419,0,4.473600127,0,0,4.077754682,4.200457421,3.731838514,2.908843186,3.527882394,3.731838514,3.247713505,2.572370949,2.420179134,2.74484021,3.412923422,0,4.250017112,2.499167545,0,0,0,3.160157614,0,0,0,1.793281339,0,1.740637606,1.936382183,0,3.96745014,0,3.452729672,0,0,0,3.686547755,2.137052878,2.95803343,1.793281339,3.6942401,2.272854419,3.078479583,0,2.061545326,3.223469894,0,2.100011606,1.425556559,0,4.227793975,0,0,2.662319186,0,1.563706897,0,0,0,3.412923422,1.979867295,4.108605458,0.962933037,0,0,0,3.481577826,0,0.837769894,1.265213909,1.84329176,0,1.174242131,3.882292332,0,0,3.527882394,3.724431073,3.092564323,0,0,0,0,2.618356063,0,2.874651821,1.685067754,2.874651821,2.891893628,0,2.272854419,0,1.979867295,0,0,3.491011859,0,3.350075518,0,0,0,2.137052878,3.830163266,0,0,0,0,0,0,0,0,0,0,0,0,0,0,0,2.724839543,0,0,1.740637606,0.837769894,0,1.563706897,0,2.640579199,1.890919809,1.348595518,1.685067754,0,1.265213909,2.137052878,0,0,0,0,0,1.890919809,0,2.802548527,0,1.626227254,0,1.84329176,1.265213909,0,0,0,0,0,0,2.39239957,0,1.563706897,0,0,0,0,0,0,0,0,2.39239957,0,0,0,0,0,0,0,0,0,0,0,0,0,0,0,0,4.732307585,0,1.563706897,0,0,0,0,1.84329176,0,0,0,0,0,0,1.174242131,1.174242131,0,1.425556559,0,0,1.497015523,2.334412312,0,0,0,0,0,0,1.685067754,3.701873725,0,1.685067754,0,0,0,1.174242131,0,1.265213909,0,0,0,0,0,0,0,0,0,0,0,0,0,0,2.683596585,0,2.420179134,0,0,0,0,0,0,0,0,0,0,0,0,0,0,0,0,0,0,0,0,0,0,0,0,0,0,0,0,0,0,0,1.685067754,0,0.527614966,0,0,0,0,0,0,1.497015523,0,0,0,0,0,0,0,0,0,0,0,0,1.84329176,0,0,0,0,0,0,0,1.425556559,0,0,0,0,0,0,0,0,0,0,0,0,0,3.518791423,0,0,0,0,0,0,1.936382183,0.075629842,0,0,0,0,3.12015228,0,0,0.69466905,0,0,0,0,1.074158672,0,0,0,0,0,0
7.537259948,7.709859927,0,7.00038892,6.795024676,5.464478411,0,5.650737609,5.821217332,2.153167348,4.685191921,5.961388078,3.790288689,1.665464142,1.773677727,5.575771391,4.52521304,0,5.56309841,3.49918781,0,5.944904188,4.338627084,4.538221353,0,1.05455506,4.109052642,4.373514343,0,0,5.367823758,5.843361727,4.439836986,5.030787585,0,0,5.040610846,0.307340658,3.63556902,2.889239574,3.461974214,3.341224697,4.60386992,4.780882401,3.869017854,2.3148087,4.534985104,3.95944086,4.260718849,1.245610296,2.684827059,4.996647723,3.893941263,2.080407994,0,2.969928485,3.341224697,4.285983351,3.74847075,3.140554002,3.319602233,3.912234456,4.037042106,0,3.976584137,3.70482746,3.341224697,0,0,3.383115639,4.22158342,3.881557204,3.643505569,0,2.837503899,2.344222585,2.620975587,3.058875971,3.403420905,5.813123763,3.191520445,2.504565235,0,0,0,0,0,2.453921502,0,2.620975587,4.600839615,1.823688147,0,0,4.573145537,0,0,1.773677727,0,0,3.308613112,0,2.28450335,2.253250807,2.552767337,0,0,0,1.665464142,3.643505569,0,3.263407675,0,4.020912725,0,0,0,0,0,0,3.393319809,2.3148087,0,3.42332206,0,2.705235931,0,0,1.544103285,0,1.871316196,0.818166282,2.253250807,1.606623642,2.782944915,1.773677727,0.05602623,2.922300436,1.544103285,0,0,2.801463963,3.619504417,0,1.47741191,0,0,3.058875971,0,1.405952946,0,2.620975587,2.801463963,1.773677727,2.801463963,0,0,0,2.153167348,3.543838084,1.606623642,2.427604194,3.461974214,2.400575522,0.818166282,2.001936379,0,0,0,1.405952946,0,2.080407994,0,0,0,0,0,0,0,0,0,0,0,0,0,0,1.05455506,0,0,2.080407994,0,0,0,0,0,0.818166282,0,0,0,0,0,0,2.153167348,0,1.606623642,0,0,0,1.773677727,2.479563933,0,2.400575522,0,0,2.59875245,0,0,1.665464142,0,0,0,0,0,0,1.245610296,0,0,2.001936379,0.818166282,2.905906626,0,0,2.153167348,0,3.403420905,0,2.001936379,1.245610296,2.041941713,0,0,0,2.344222585,0,0,0,0,0,0,0,0,1.328991905,0,0,0,0,0,0,1.328991905,0,2.080407994,0,0,0,1.544103285,2.528956688,1.154638518,0,0,0,0,0,1.05455506,0,0,0,0,0,0.943329425,0,0,1.154638518,0,0,0,0,0,0,2.504565235,0,0,0,1.544103285,0,0,0,0,0,0,1.91677857,3.776542769,0,0,0,0,0,0,1.47741191,0,0,0,0,0,0,2.041941713,0,0,0,0,0,0,0,0,0,0,0,0,0,0,0,0,0,1.47741191,1.606623642,0.818166282,0,0,0,0,0,0,0,0,0,0,0,0,1.47741191,0,0,0,0,0,0,0,0,0,0,0,0,0,0,0,0,0,0,0,0,0,0,0,0,0,0,0,0,0,0,0,0,0,0,0.818166282,0,0,0,0,0,0,0,0.307340658,0,0,0,0,0.508011353,2.041941713,0,0,0,0,0
6.456359007,6.064544019,6.219212855,6.58547688,6.075558183,5.575377619,0,5.356972125,4.833409131,4.58694139,4.385526577,4.505014062,5.361610711,6.375767691,4.506828944,4.848983748,3.234381202,2.63093864,4.125105153,2.843374177,3.889601331,4.521230633,2.688425731,4.103627817,0,4.544199841,3.344584342,4.352224853,0,0,3.181212534,3.717646026,3.970290242,3.065560332,0,0,3.509853111,0,3.266231028,0,3.47992569,4.851556097,0,2.642703482,3.725598354,1.870487778,2.934761929,3.057867987,2.804344833,0.545562363,2.033639418,3.837865656,3.221351702,1.611913789,0,3.647369183,3.240832837,3.630090135,4.272975481,4.559798078,3.400937279,2.985836859,2.871677953,1.844845347,0,2.890111655,3.132251707,0,4.595274771,3.167466613,3.454283259,3.495001352,1.89548908,0,2.033639418,3.11051172,1.89548908,2.899202627,2.155000275,1.056387987,3.153529105,1.578577369,0,0,0,0,0,2.280163418,0,1.351187527,3.315170457,3.284865107,1.943691182,0,3.240832837,0,2.228427744,0,0,4.884408072,2.075750904,0,1.966948044,1.611913789,0.997547487,2.075750904,3.227887673,0,1.307702415,2.228427744,0,4.505014062,0,1.791499366,2.435513858,0,0,2.943457636,0,2.774039484,1.989676295,2.531477847,4.545945042,0.868335755,0,3.284865107,1.844845347,0,3.080769751,0,3.332922402,1.966948044,2.313224281,3.214772731,2.011899432,1.111957838,1.432865558,2.033639418,0,0,2.491472512,2.313224281,2.345227012,0,0,1.164601571,0,0.445478904,0,1.392860223,0,2.908211697,1.351187527,5.411997308,4.122445577,3.201483499,0,1.432865558,1.791499366,2.824049904,4.067712355,1.50837311,3.548412104,3.876064745,0,2.345227012,0,1.644174652,0,1.844845347,0,2.329353662,0,0,0.93502713,1.262240041,2.36085233,0,0,0,1.578577369,0,0,0,2.79434475,0,0,0,0,0.93502713,0,0,1.471331839,0,2.406314704,1.870487778,2.26321386,0.93502713,0,0,4.148728299,2.391389053,0.71991575,0,1.262240041,0,0,0,0.93502713,2.245972054,0,0,0,0,0,0.997547487,0,2.011899432,0,0,0,0,0,0,1.164601571,0,0,1.763719802,3.026492864,2.391389053,0,0.545562363,0,0,2.824049904,0.796876791,1.50837311,1.471331839,0,0,0,0,1.578577369,0,0,0,1.791499366,0,1.675427195,0,0,2.26321386,0,1.544091193,2.116160442,0,1.351187527,0,0.868335755,1.943691182,0,0,0,1.611913789,0,1.675427195,0,0,0,1.675427195,2.192387807,0,0,2.449799816,3.630090135,0,0,0,0.334253269,0,0,0.445478904,1.578577369,0,0.997547487,0,0,0,0,0,0,0,1.262240041,0,0,0,1.392860223,0,0.997547487,0.93502713,0,0,0,0,0,0,0,0,0,0,0,0,0,0.868335755,1.307702415,0,1.214611992,0,0,0,0.209090126,0,0.636534141,0,0,0,0,0,0,0,1.870487778,0,0,0,0.636534141,0,0,0,0,0,2.518319762,0,0,0,0,0.065989283,0.93502713,0.545562363,0,0,0,0,1.111957838,0,0,0,1.611913789,0,0,0,0,0,0,0,0,1.307702415,0,1.262240041,0,0,0,0,0,0,0.93502713,0.868335755,0,0,0,0,0,0,1.111957838,0,0,0,0,0,0,0,1.432865558,0,0,1.056387987,0,0.209090126,0,0,0,0,0.445478904,0
6.890822336,6.012840477,4.159167812,6.866310572,6.959844736,6.103132435,0.90333628,5.55505322,5.77583576,4.748465051,3.595575876,5.718385967,2.975397715,3.679594732,5.134026898,5.534632771,2.623999828,1.961943235,5.620258279,4.431425414,0.635072294,5.686406498,2.558759306,5.192182818,0,5.540347072,4.378221378,4.074010004,0,3.268619968,3.896123044,4.220725705,5.137442785,3.679594732,0,0,4.536267661,1.504110141,3.603512425,4.39627241,4.159167812,0,4.802333643,5.113282852,0,4.212160342,4.475351394,3.634643344,3.611386482,0.468018209,2.990103862,2.832296871,3.587575833,3.619199021,3.603512425,3.100560858,4.310398782,4.181590276,3.603512425,0,0,3.890205867,4.406948668,1.014561916,0,4.702124714,3.301231553,2.113174204,0,1.961943235,2.94532026,3.736549625,3.991701356,0,3.579511273,3.223414531,2.274815556,2.274815556,3.803464213,6.038788637,3.986324999,4.186015062,0,2.815055065,0,0,0,2.413928358,3.42198107,2.882307292,0,1.961943235,0,4.199173146,4.136231027,0,0,0,0,0,4.914938416,1.365959802,2.04041485,1.920270538,3.587575833,2.304229441,0,2.704851925,2.001948569,4.078936122,0,1.961943235,0,3.619199021,2.84924643,0,0,3.268619968,0,2.274815556,2.665242787,1.733684583,0.635072294,3.743446204,0,1.783695003,2.077456122,0,0,0,0,1.625470998,1.625470998,0,2.558759306,0,0,2.797510755,0.90333628,0,3.363427761,0,3.23490891,0,0.468018209,1.783695003,0,2.865913482,0,2.914310023,0,2.623999828,2.580982443,0,0,3.796970684,0,2.077456122,0,1.920270538,2.113174204,2.779653138,4.007659141,0,0,2.84924643,2.274815556,0,0,0,0,0,1.566630498,0,0,0,0,0,0,0,1.437418766,0,0,0,2.704851925,1.504110141,2.14766038,0.468018209,0,1.504110141,0,0,0,0,0,1.114645374,0,0,0,0,0,0,1.504110141,0,1.783695003,0,0,0,2.180996801,2.413928358,0,1.114645374,0,0,0,1.876785426,0,0,0,0,0,0,3.126368742,0,1.365959802,0,0,1.625470998,0,3.074069242,0,1.014561916,0,0,0,0,1.205617152,0,0,0,0,0,2.244510206,0,0,0,0,0,0,0,0,0,0,0,0,0,1.504110141,0,0,1.681040849,2.14766038,0,0,0,1.437418766,2.077456122,0,0,0,0,0,1.566630498,3.52116139,0,0,0,0,0,0.267347514,0,0,0,0,0,0,0,2.929935341,0,0,0,0,0,1.783695003,0,0,0,0,0,0,1.783695003,0,0,0,0,0,0,0,1.681040849,0,0,0,0,0,0,0,0,0,0,0,0,0,0,0,1.876785426,0,0,0,0,0,0,0,0,0.016033085,0,0,0,0,0,0,0.778173138,0,0,0,0,0,0,0,1.114645374,0,0,0,0,0.635072294,0,0,0,0,0,0,0,0,0,0,0,0,0,0,0,0,0,1.288998761,0,0,0,0,0,0,0,0,0,0,0,0,0,0,0,0,0,0,0,0,0,0,0,0,0,0,0,0,0,0,0
7.317353578,5.929828448,3.368157782,6.736919888,6.435385703,5.077408937,3.30974702,5.571666748,6.930774198,5.71037267,3.835498294,5.775038995,0,4.043415398,4.81465949,5.970584759,5.938547849,0,5.996519822,3.999127718,4.064844789,5.836978294,5.554288743,5.079973041,0,3.69239745,4.251280369,3.7227028,0,0,5.541457773,4.330194536,4.521956486,5.462557808,0,0,5.3749905,0,3.092226726,0,0,0,4.544081282,5.25350663,0,2.530271756,5.110240169,4.372641226,3.799295245,2.31121819,4.442845485,3.936850788,4.30827585,2.99410887,4.773767932,2.862049148,3.780690057,4.675147933,3.549296607,0,0,4.313800726,4.099570501,0,0,4.615842019,0,0,0,0,3.396131634,3.423344198,4.014109271,0,3.639753717,2.973274783,2.653504396,2.593785161,3.817560593,6.090292723,4.11313003,3.79003592,0,2.736886005,0,0,0,0,0,2.269545493,3.462823009,2.030315804,0,4.447676412,4.245397999,0,0,0,0,0,2.930257398,2.180598007,2.653504396,0,2.389689805,0,0,3.870436345,2.269545493,3.549296607,1.853385096,1.463920329,0,4.807959297,0,0,0,2.082959538,0,2.862049148,2.951997385,1.974745953,0,3.382242522,0,0,3.181571826,0,0,0,0,2.030315804,1.715234758,0,3.500802257,0,0,0,0,0,0,0,3.14678571,0,0.616622469,0,0,3.231582247,0,2.226060381,0,2.226060381,2.709857333,0,1.463920329,0,0,0,0,0,1.974745953,0.616622469,0,0,2.269545493,3.279210296,1.127448093,0,0,0,0,0,0,0,0,0,1.715234758,0,0,0,0,0,0,0,1.853385096,0,0,0,0,0,0,2.562532618,0,0,1.252611236,0,0,0,0,0,0,1.638273716,2.082959538,0,1.915905453,0,0,0,2.462449159,0,2.269545493,1.363836871,0,0,2.593785161,2.082959538,0,0,0,0,0,0,2.682077769,0,0,0,0,1.915905453,0,2.426731077,2.132969958,0,0,0,0,0,0,0,0,0,0,4.565727149,3.247711629,0,0,0,0,0,0,0,0,0,0,0,0,0,0,0,0,0,0,0,3.761732144,0,1.638273716,2.653504396,0,0,0,0,0,0,0,0,0,0,0,0,0,0,0,0,0,0,0,0,0,0,0,0,0,0,3.95278738,0,0,0,0,0,0,2.496935335,0,0,0,0,0,0,0,0,0,0,0,0,0,0,0,0,1.252611236,0,0,0,0,0,0,2.030315804,0,0,0,0,0,0,0,0,0,0,0,0,0,0,0,0,0,0,0,0,0,0,0,0.984347249,0,0,0,0,0,0,0,0,0,0,0,0,0,0,0,0,0,0,0,1.463920329,0,0,0,0.984347249,0,0,0,0,0,0,0,0,0,0,0,0,0,0,0,0,0,0,0,0,0,0,0,1.786693722,0,0,0,0,0,0
7.040202607,6.311563565,4.872617812,6.677237286,6.187420021,5.989383717,0,5.342472087,4.21353147,2.77752273,5.720939214,4.654539071,4.421315166,4.706649268,0,5.268076833,4.734467474,1.992941343,4.853316851,3.494651875,0,4.872617812,4.289122999,4.43621302,0,0,4.465358981,1.992941343,0,3.843237315,3.668246681,4.443579536,4.151606927,3.926618924,0,0,4.096037076,1.639301303,4.21353147,3.494651875,4.798234092,3.576515745,2.03461404,4.180664661,0,3.284457298,4.375241758,4.276191784,3.986338159,0,2.253667606,3.330179547,4.141730303,4.447242544,2.71750472,3.002606146,3.691869826,3.992118521,0,3.531865471,2.585444998,4.398543783,2.376900246,0,5.339480312,3.272692456,0,0,3.002606146,2.347486361,3.863105518,3.296085336,3.224198106,0,2.561634349,0,3.39506717,2.460281855,3.260787554,0,3.602379256,3.4157933,0,2.113085655,0,0,0,2.113085655,0,2.834141624,0,2.220331185,2.347486361,0,3.384540757,0,3.296085336,1.903993857,0,0,4.723432879,3.272692456,2.796754092,1.278287957,3.146740047,0,1.903993857,0,2.253667606,2.796754092,0,3.002606146,0,0.976007086,0,0,0,2.150126927,0,2.971107479,2.88772587,0,3.248739215,2.696670633,0,2.220331185,2.03461404,0,0,0,0,0,2.285928468,0,2.185845009,1.278287957,1.510089571,3.002606146,0,0,0,0,0,0,0.540689014,3.248739215,1.806355388,0,0,1.949456231,0,0,2.150126927,0,2.834141624,0,0,0,0,2.757914258,0,2.954978097,0,2.796754092,0,2.253667606,2.074619374,0,0,0,0,0,0,0,0,0,0,0,0,0,0,0,2.561634349,0,0,0,2.185845009,0,0,1.087232721,0,0,0,0.976007086,2.317181011,1.087232721,0,0,0,0,0,0,1.361669566,2.220331185,1.639301303,0,2.815622576,0,2.074619374,2.653653248,0,0,1.087232721,1.992941343,0,0,0,0,0,1.087232721,0,0,2.815622576,0,1.510089571,0,0,0,0,0,0,0,3.691869826,4.101218435,1.753711654,1.639301303,0,0,1.698141803,0,0,0,2.815622576,1.438630608,3.627590675,0,0,2.253667606,0,0,0.976007086,2.954978097,0,0,0,0,2.253667606,0,0,0,1.278287957,1.949456231,3.699621803,2.113085655,0,2.150126927,0,1.438630608,0,0,0.850843943,0,1.806355388,0,2.03461404,0.850843943,0,0,0,0,0,1.510089571,0,0,0.707743099,1.856365808,0,0,2.60870186,0,0,0,0,0,0,0,0,0,0,0,2.585444998,0,0,0,0,0,0,0.540689014,0,0,0,0,0,0,0,0,0,0,1.510089571,0,3.077267675,0,0,0,0,0,0,0,0,0,0,0,0,0,0,0,0,0,0,0,2.796754092,0,0,0,0,0,0,0,0,0,0,0,2.113085655,0,0,0,0,0,0,0,0,0,0,0,0,0,0,0,0,0,0,0,0,0,0,0,0,0,0,0,0,0,0,0,0,0,0,0,0,0,1.698141803,0,0,0,0,0,0,0,0,0,0,0
7.381713173,8.156364138,5.644533202,6.409245302,6.350330496,6.244343671,0,6.674089905,5.181703079,5.147657237,4.495505197,5.766696446,4.590563519,5.421170135,5.389952439,5.341218898,5.115396375,2.45677484,5.176108659,3.316157439,1.439840582,5.401213819,5.100381078,5.69085366,0,5.642775732,5.661940082,2.684164682,0,0,3.650052355,6.68593543,4.339968515,3.712572712,0,0,4.946986542,0,4.293602595,0,0,0,4.48436302,4.1634553,0,1.742121454,4.286799847,5.49111389,4.223398336,2.717501102,2.367827354,6.511700088,5.497236358,0,0,3.201747088,3.279456073,4.140016727,3.181338217,0,0,5.621441589,1.902464104,2.320199305,0,4.208746059,0,0,3.958485372,0,2.924115352,3.117486745,4.339968515,0,2.717501102,2.811319858,0,3.049278495,0,3.610573544,3.63706516,3.496976366,0,0,0,0,0,0,3.402417784,2.1619753,0,2.413289728,0,0,3.724621051,0,0,0,0,0,0,1.973923068,0,2.040614443,3.418811594,0,3.117486745,0,0,3.16050413,0,3.368801173,0,1.825503063,0,0,0,0,0,2.1031348,0,0,0,2.781014508,0,0,1.004522511,0,2.217545151,0,3.16050413,0,0,1.551066217,3.139226731,0,1.742121454,3.316157439,0,0,0,0,2.613960423,0,1.551066217,0,0,3.623907075,0,2.811319858,0,2.367827354,2.576919152,0,3.181338217,3.919833217,0,1.902464104,2.45677484,0,0,3.316157439,0,2.811319858,0,2.781014508,2.684164682,0,0,0,0,1.742121454,0,0,0,0,0,0,0,0,1.314677439,0,0,0,0,0,0,0,0,0,0,0,0,0,0,0,0,0,0,0,0,0,0,0,2.040614443,0,0,0,2.649678506,0,0,0,0,0,0,0,0,0,0,0,0,0,0,0,1.902464104,0,0,0,2.924115352,0,0,1.651149676,0,0,1.742121454,0,0,0,0,0,0,0,1.171576596,0,1.651149676,0,0,0,0,0,0,0,0,0,0,0,0,0,0,0,0,0,0,0,1.004522511,0.803851816,0,0,0,0,1.314677439,0,0,0,1.171576596,1.973923068,0,0,0,0,0,1.651149676,0,0,0,0,0,0,0,0,0,0,0,0,0,0,0,0,0,1.439840582,0,0,0,0,0,0,0,0,0,0,0,0,0,0,0,0,0,0,0,0,1.742121454,0,0,0,0,0,0,0,0,0,0,0,0,0,0,0,0,0,0,0,2.040614443,0,0,0,0,0,0,0,0,0,0,0,1.171576596,0,0,0,0,0,0,0,0,0,0,0,0,0,0,1.742121454,0,0,0,0,0,0,0,0,0,0,0,0,0,0.552537387,0,0,0,0,0,0,0,0,0,0,0,0,0,2.270188884,0,0,0,0,1.314677439,0
6.650928365,6.797855939,0,6.288353504,6.886735811,5.264864021,2.617492556,5.488191548,6.985953566,5.563297655,3.236531764,5.685243422,3.41535069,5.882061608,5.571455416,5.37618649,4.157009522,0,5.152013602,3.148884457,0.981737335,5.636966721,3.93316935,3.758484067,0,6.017390392,4.123011914,4.574472929,1.829035195,3.525960562,3.89770464,4.93681983,5.036416641,3.926176314,2.281020319,0,3.85341696,0,3.438473108,3.41535069,2.03488725,0,5.37618649,4.8347178,4.032588908,4.445387731,4.087817666,4.081829624,3.391680946,0,2.78454664,3.102000871,0,0,0,3.79114003,3.449836867,3.912041803,3.868398514,0,0,0,4.306773356,2.205512767,0,3.566991959,3.576992042,0,4.453703788,2.316738402,3.6349793,4.782456271,3.680858905,0,3.716104844,0,1.829035195,2.827564026,3.46107294,6.117927852,3.236531764,3.644325162,0,2.316738402,0,0,0,2.848398112,0,2.564146575,0,2.536367011,0,2.617492556,4.173584488,0,1.218126113,0,0,0,3.438473108,2.03488725,2.643134986,0,0.981737335,0,0,0,0,3.515434149,0,2.316738402,1.829035195,3.391680946,2.78454664,0,0,2.827564026,0,3.596697113,3.208161067,2.123834736,0,2.668136289,0,1.987259201,1.106900478,0,0,0,0,2.205512767,2.316738402,1.40918135,3.133499538,0,3.250420876,0,0,0,0,0,3.133499538,0,0,0,0,2.827564026,2.848398112,1.640982964,0,2.806286627,2.384560998,0,0,0,0,2.351224578,2.668136289,3.06947768,0,0.838636491,0,0,0.838636491,0,1.93724878,0,0,0,0,0,0,0,1.218126113,0,0,0,0,0,0,0,0,2.739595253,2.080349624,3.164036262,1.884605047,0,1.93724878,1.770194695,0,2.03488725,0,1.318209572,0,2.03488725,0,0.838636491,0,3.222447024,0,0,0,0,0,0,2.123834736,0,1.93724878,1.987259201,0,0,2.41682186,0,0,2.617492556,0,0,0,0,0,0,0,0,1.569524,0,0,0,0,2.927647484,3.27763344,1.884605047,0,0,0,0,0,0,0,1.707674338,0,0,0,0,0,0,0.671582407,2.41682186,0,0,0,0,0,0,0,0,0,0,0,2.536367011,0,0,1.318209572,0,1.40918135,0,1.106900478,0,0,0,0,0,3.662758864,0,0,0,0,0,0.838636491,0,0,0,1.640982964,0,0,0,0,0,0,0,0,0,0,0,0,0,2.243979048,0,0,0,0,0,0,0,0,0,0,0,0,0,0,0,0,1.569524,0,0,1.40918135,0,0,0,0,0,0,0,0,0,0,0,1.318209572,0,0,0,0,0,0,0,0,0,0,0,0,0,0,0,0,0,1.492562959,0,0,0,0,0,1.640982964,0,0,0,0,0,0,0,0,0,0,0,0,0,1.707674338,0,0,0,0,0,0,0,0,0,0,0,0,0,0,0,0,0,0,0,0,0,1.829035195,0,0,0,0,0,0,0,0,0,0,0,0,0
6.690445628,4.838297804,5.171056016,6.067618536,6.675797644,6.070866171,0,5.724291741,6.578877788,5.24530636,5.293479431,6.008432971,1.3510154,2.803267729,4.753222373,4.429583679,4.090877429,0,5.188184234,4.635565465,1.786333471,5.135893502,3.607080478,4.329940555,0,4.326854133,2.633631332,4.888895769,2.599439967,3.339304772,4.473246822,2.858454145,5.048193657,4.326854133,2.429218817,0,4.000837096,0,3.662650329,2.117187716,2.94825804,0,5.992780477,4.253102773,3.828317451,5.026932416,4.151617159,2.343144208,3.296925549,1.932045283,2.489236827,0,2.729705162,3.581355586,0,3.607080478,3.279457856,4.320652563,0,0,3.25267054,2.449627689,4.067113934,2.527336673,0,3.225145867,3.754405192,3.106781267,0,0,3.26167961,5.099449385,3.355766049,0,4.502196212,3.939007252,2.40838473,3.786753026,2.714320243,3.607080478,3.485719621,1.786333471,0,0,0,0,0,2.40838473,2.858454145,3.765304483,0,3.305546292,0,2.581895657,3.662650329,0,0,1.965381703,0,0,1.70465544,2.871787676,0,2.223955691,0,2.633631332,0,0,1.615707954,3.463979634,0,2.714320243,1.465425751,3.4113359,2.545855721,0,0,3.957066433,3.948077609,3.548239978,2.320415957,2.059200458,0.990002055,3.802542828,2.56403804,0,1.221803669,0,0,0,0,2.844940425,1.3510154,0,0,1.150344705,2.028895109,0,1.465425751,0,2.729705162,0,2.320415957,0,1.150344705,0,0,2.698694925,0,1.861841024,0,2.387107332,2.117187716,0,2.297159095,0,0,2.40838473,2.650298384,3.786753026,2.088614343,1.932045283,0,2.56403804,0,3.019293813,1.615707954,1.150344705,0,1.824799752,0,0,0,0,1.615707954,0,0,2.788981772,0,0,0,0,0,0,2.489236827,2.817352469,1.786333471,0,1.932045283,0,0,0,1.518069485,2.489236827,0,2.545855721,0,0,0,3.330971391,0,1.615707954,0,1.568079905,1.4098559,0.990002055,1.221803669,0,2.059200458,1.073383664,1.932045283,1.932045283,2.972501651,0,0,1.932045283,0,2.698694925,0,2.387107332,0,0,0,0,2.449627689,0,0,0,2.223955691,0,1.70465544,1.615707954,0,0,0,0,0,1.786333471,0,0,0,0,1.897559107,0,0,0,0,2.960453313,0,0,0,0,0,0,0,0,2.320415957,0,0,1.824799752,2.774488765,2.14496728,1.661170328,0,1.288495043,0.252403111,0,0.252403111,0,0,0,0,0,0,0,1.150344705,0,0,0,0,0,0,2.40838473,0,0,0,0,0,0,0,0,0,0,0,0,0,2.387107332,0.899030276,0,0,0,0,0,0.419457196,0,0,0,0,0,0,0,0,0,0,0,0,1.965381703,0,0,0,0,0,0.051732416,0,0,0,0,0,2.599439967,3.063993992,0,1.221803669,1.786333471,0,0,1.786333471,0,0,0,0,0,2.028895109,0,0,0,0,0,0,0,0,0,0,0,0,2.171995952,0,0,0,0,0,0,0,0,0,0,0,0,0,0,0,2.599439967,0,0,0,0,0,0,0,0,0,0,0,0,0,0,0,0,0,0,0,0,0,0,0,0,1.3510154,0,0,0,0,0,0
6.372935378,6.210277674,0,6.367775186,6.671442202,5.932888149,0,5.535878699,6.268122762,5.209655887,4.886817127,5.1589765,0,5.486122244,5.206906745,4.731243634,5.099479401,0,5.495448736,2.859995014,0,5.324919164,4.317438194,4.391665805,0,4.650554723,4.173563956,3.894228641,2.036394945,4.8442163,4.050204472,4.269401515,4.394771398,4.109669972,0,0,4.204042505,0.86996006,3.67809372,3.696962204,2.888365711,1.775668683,5.202768808,4.586096231,3.733663571,3.658862358,4.422296071,3.520232461,4.0458185,1.589082727,3.124018112,0,3.763251528,0,0,3.863057286,3.61925322,4.200283102,2.099908351,0,2.830795859,3.090307055,4.685935772,2.036394945,0,3.852447107,2.721311627,2.560250069,3.791989138,2.929467387,3.055419796,4.207787828,3.277379215,0,3.658862358,2.436380588,3.258239874,1.589082727,3.56387575,4.650554723,3.497675113,3.612496437,0,0,0,0,0,2.003058525,0,3.055419796,0,2.368172338,0,3.497675113,3.819923915,0,0,1.144396906,0,0,3.418582524,2.815870209,0,1.732183571,2.874280971,1.775668683,0,0,1.292816911,3.625964654,0,3.24853106,0,3.745604011,3.24853106,0,0,4.050204472,0,3.20872481,2.436380588,0,0,2.704644574,0,3.112906887,0,0,1.144396906,0,0,2.3914292,2.368172338,0,3.055419796,2.50023206,2.704644574,2.859995014,1.221357947,0,3.556732863,2.520640931,2.616868963,0,0.758734425,0,0,2.994425283,0.758734425,2.159627586,0,2.215980522,2.436380588,0,0,0,0,0,1.221357947,0,0,1.536438994,0,2.159627586,0.323416354,0,2.159627586,2.159627586,1.144396906,0,0,0,0,0,0,0,0,0,0,0,0.86996006,0,0,0,1.589082727,0,2.540641598,0,0,1.775668683,0,1.857346714,1.359508286,1.639093148,0,1.775668683,0,0,0,0,0,2.068655807,0,0,1.732183571,2.479397973,1.061015297,0,2.188200958,2.159627586,1.895812995,0,2.902254823,0,0,1.639093148,0,1.817341379,0,3.101670814,0,0,2.598349915,0,0.758734425,1.292816911,0,1.732183571,0.86996006,0,4.475171823,1.144396906,0,0,0,0,0,1.422028642,1.221357947,0.122745658,0,0,2.753834818,0,0,0,0,2.888365711,0,0,0,2.068655807,1.732183571,0,0,0,0,0,1.221357947,0,0,0,0.970043519,1.480869143,1.422028642,0.758734425,0,0.633571282,0,0,0,0.970043519,2.815870209,2.520640931,0,0.970043519,0,1.639093148,0,0.323416354,0,0,1.221357947,0,0,0,2.188200958,0,0,0,0,0,0,0,3.031466555,0,0,0,0,1.061015297,0,0,0,0,0,0,0,1.061015297,0,0,0,0,0,0,0.970043519,0,0,0,0,0,0,0,0,1.359508286,0,0,0,0,0,0,0,0,0.86996006,0,0,0,0,0,0,0,0,0,0,0,0,0,0,0,0,0,0,0,1.221357947,0,2.560250069,0,0,0,0,0,0,0,0,0,0,0,0,0,0,0,0.86996006,0,0,0,0,0,0,0,0,0,0,0.633571282,0,0,0,1.144396906,0,0,0,0,0.633571282,0,0,0,0,0,0,0,0,0,0,0
7.169114106,6.032420506,3.231818748,6.882749407,6.50565944,4.687339053,0,6.339567657,6.381801596,6.738446573,3.794427057,6.282979112,3.113161204,5.020075586,5.998709449,5.864361396,5.444463831,2.531653995,5.607862251,2.779833624,4.732003574,5.728888884,4.637161304,5.319096638,2.612779539,6.332666752,4.436490608,2.20079975,0,0,4.942272085,4.444841388,4.728878572,4.942272085,0,0,4.393657508,1.102187462,5.27838305,4.190552537,0,0,4.984357504,3.562278942,0,0,4.453123008,4.094974225,3.928456333,2.160794416,3.489329943,4.626816384,3.433760091,0,0,1.564810984,3.810237663,4.777743255,0,0,0,3.825802179,3.44512385,1.564810984,0,3.914421015,0,0,3.24570786,5.157546577,3.231818748,3.456359923,4.206510323,0,3.217734008,0,1.102187462,0,3.762035561,1.213413097,3.031148052,4.297252638,3.159323246,0,0,0,0,2.276307303,4.453123008,1.487849942,2.864093968,0,1.564810984,1.87989203,4.242783729,0,0,1.982546184,0,4.146709899,3.048097611,0,1.487849942,0,2.119121719,0,0,0,1.982546184,3.582180097,0,3.286253954,0,0,4.058934288,0,0,2.473666737,3.456359923,0,1.702961322,1.824322179,0,0.833923475,0,0,2.586462231,0,1.313496555,0,0,1.313496555,1.702961322,1.982546184,2.843685096,0,3.658045847,2.941802952,0,0,4.058934288,4.389271536,2.20079975,0,0,2.801573611,0,3.286253954,1.313496555,0.977024319,0.66686939,2.612779539,3.097287855,0,2.734882236,3.630266283,0,0,1.932535764,0,0,2.473666737,0,2.612779539,2.276307303,3.44512385,1.765481679,0,0,0,0,0,0,0,0,0,0,0,0,0,0,0,0,0,1.564810984,0,0,0.66686939,1.102187462,0,0,1.702961322,0,0,0.977024319,1.213413097,0,0,0,0,0,2.075636607,0,0,2.711625374,2.20079975,0,0,2.757610487,0,1.982546184,0,1.313496555,0.833923475,0,2.312025385,0,0,0,1.102187462,0,0,3.350378483,0,0,1.87989203,0,1.982546184,0,0,4.513141018,0.66686939,0,0,0,0,0,0,0,0,0,0,1.487849942,0,0,0,0,0,0,0,0,1.102187462,0,0,0,0,0,0,0.66686939,1.313496555,0,0,0,0,1.313496555,1.213413097,0,0,0,0,0,0,0,0,0,1.765481679,0,0,0,0,0,0,0,0,0,0,0,0,0,0,0,0,0,0,0,0,1.102187462,0,0,1.932535764,0,0,0,0,0,0.214884267,0,0,0,0,0,0,0,0,0,0,0,0,0,0,0,0,0,0,0,0,0,0,0,0,0,0,0,0,0.466198695,1.313496555,0,0,0,1.487849942,0,0,0,0,0,0,0,0.66686939,0,0,0,0,0,0,0,0,0,0,0,0,0,0,0,0,0,0,0,0,0,0,0,0,0,0,0,0,0,0,0,0,0,0,2.030174233,0,0,0,0,0,0,0,0,0,0,0,0,1.636269948,0,0,0,0,0,0
5.425346494,6.42155278,0,6.974607343,6.579909108,5.743549756,0,6.628492511,7.753049651,6.625178506,5.051070355,6.211798339,0,0,5.980360341,5.768617032,3.211454865,2.776136793,5.034919264,2.364157004,0,4.844149639,2.964930865,5.335074109,3.585622966,5.740874169,6.004319821,0,3.891916886,0,4.850696307,4.450924586,3.933589582,4.810757555,0,2.402623285,4.146064177,0.629555949,5.320903831,5.316818024,5.464955633,3.839503143,0,4.084820552,0,4.31565376,4.234449747,5.747549761,4.222291542,0.629555949,2.193531487,0,5.300305781,2.543205236,0,0,4.395910715,4.084820552,0,3.436277677,0,5.927317606,4.146064177,2.043249284,0,4.084820552,0,0,0,2.695011249,4.587189466,2.364157004,3.395176002,0,0,0,1.866318576,2.509868815,2.964930865,0.997280729,4.18490401,4.375130747,4.901581688,1.987679433,0,0,0,2.043249284,4.12606351,2.509868815,0,2.475382639,0,0,3.33760615,0,0,0,3.260645109,0,0,1.799627202,2.095893018,1.651207196,3.462769293,2.575466098,2.043249284,0,2.043249284,3.996851779,3.745537351,0,0,0,4.077778269,0,0,0,0,0.830226644,0,0,0,2.193531487,3.00704235,0,4.710852796,0,0,2.043249284,0,0,0,0,0,0,2.874982628,3.409065114,0,0,3.839503143,0,0,0,1.140381573,0,0,1.799627202,0,2.920967741,0,3.00704235,2.509868815,0,0,0,0,1.866318576,0,0,0,2.145903438,0,0,0,3.366805305,3.027451222,0,0,3.141861573,0,0,0,0,0,0,0,0,5.471991721,0,0,3.047451888,0,0,0,2.043249284,1.140381573,0,0,0,0,0,0,0,2.145903438,0,0,0,0,0,0,0,0,0,3.488577177,0,0,5.154961166,2.145903438,0,0,0,0,1.567825587,0,0,0,0,0,0,0,0,3.69502156,0,0,0,0,0,0,0,0,1.799627202,0,0,0,0,1.376770351,0,0,0,0,3.941719708,1.728168238,0,0,1.376770351,0.830226644,1.866318576,0,0,0,0,0,0,0,0,0,0,0,0,0,1.799627202,0,0,1.928838933,0.997280729,0,0,0,0,0,0,2.238993861,0,0,0,0,0,0,0,0,1.567825587,0,0,0,0,2.193531487,0,1.987679433,0,0,4.516830785,0,0,1.987679433,0,0,0,0,2.238993861,0,0,0,0,0,0,0,0,0,0,0,0,0,0.378241521,0,0,0,0,0,0,0,0,0,0,0,0,0,0,0,0,0,0,0,0,0,0,0,0,0,1.799627202,0,0,0,0,0,0.378241521,0,0,0,0,0,0,0,0,0,0,0,0,0,0,0.629555949,0,0,0,0,0,0,0,0,0,0,0,0,0,0,0,0,0,0,0,0,1.987679433,0,0,0,0,0,0,0,0,0,0,0,0,0,0,0,0,1.140381573,0,0,0
3.532417823,3.670270121,6.316630411,3.393925282,1.222880211,5.010762806,0,3.155412234,0.597174311,2.692788712,5.254441816,2.68203592,4.134978063,6.356624556,2.530584297,1.950316465,0,6.356350358,0,4.481870803,0,1.927588213,0,2.70342711,0,2.70342711,3.155412234,1.175252162,5.552695137,4.709472677,0,0,2.70342711,2.056799945,3.141852704,2.794398888,0,0,1.779168208,1.994279588,2.240803588,5.975868777,0,0,4.415364306,3.833291942,0.68055592,3.275810627,0,3.475395251,0,0,2.206612223,2.886630112,3.3992163,4.872027193,1.017028156,0.895667299,0,5.642840953,3.773414904,2.832318123,0.597174311,3.518464108,2.452112682,0.169730296,0,3.114169275,4.673236828,1.85612925,2.465626401,1.504731363,0,3.100034764,2.962938305,3.721261559,2.336877418,3.107126992,0,0,1.85612925,0,0,0,5.961320127,3.949364113,0,3.305224512,0,4.142534774,0,2.921265609,2.366954873,0,0,0,1.831127947,3.121162311,3.409715084,3.509052274,0,1.311827697,3.455641522,2.987133034,0.406119074,3.649944218,1.572553959,2.614971689,2.530584297,0,3.955433935,1.779168208,0,0,0,0,0,2.912718548,5.285326026,2.305867181,2.822972261,3.798505826,0,0,3.251640266,2.096409083,0,0,3.3992163,0,0,2.530584297,2.660177126,0,0,1.539217539,1.46901328,0,2.056799945,0,0,0,0,2.189067914,1.805485517,0,0,0,2.75498492,1.539217539,0,1.572553959,0,2.452112682,0,0,3.275810627,2.366954873,2.410439985,3.107126992,2.25747064,0.294893439,0,0,0,1.125241741,0,0.406119074,0,1.353500393,3.414923429,0,0,0,2.305867181,1.504731363,3.523137014,2.637829827,2.946477028,2.381661021,0.597174311,0,0,2.321492499,2.841577448,1.636067365,1.904331351,0,2.452112682,0.294893439,1.666372714,0,1.175252162,2.5179259,0,2.424524725,0,2.492118016,1.805485517,0,0,2.305867181,0,0,0,0,2.206612223,1.724359972,0,0,0.169730296,2.5179259,3.107126992,0,1.994279588,3.195021372,0.026629452,1.604814821,0,0,1.972539601,0,0,0,2.189067914,1.666372714,1.268342585,1.125241741,0,2.841577448,0,2.671166248,0,0,0,1.393505728,0,1.695786599,0,2.813538228,2.832318123,0,0,1.880520703,0,1.431972008,2.336877418,1.222880211,2.352029223,0,0,0,1.831127947,0,1.927588213,0,1.831127947,2.289993832,0,2.478959932,0,1.666372714,0,0,0.828975925,0,0,0.597174311,0,0,0,0,0,0,0,1.666372714,0,0,0.68055592,0,0,0,1.017028156,0,0,0,0,0,0,0,3.041409921,0,0,0,2.056799945,0,0.828975925,0,1.353500393,0,0,0.757516961,0,0.406119074,0,0,3.773414904,0,0,0,0,0,0,1.572553959,1.072598007,2.171210296,0,0,0,0,0.169730296,0,0,0,0,1.85612925,0,1.504731363,2.567625569,2.68203592,1.125241741,0,0,0,0,1.805485517,0,0,0,0,0,0,2.492118016,0,0,0,0,0,1.904331351,0,0,0,0,0,1.972539601,0,1.85612925,0,4.036755935,0,0,0,0,1.353500393,0,1.393505728,0,0.406119074,0.597174311,0,1.904331351,0.895667299,1.353500393,0,0,1.604814821,0,0,0,3.527788185,1.017028156,0,0,0,0,1.805485517,0,0,2.352029223,0,0.828975925,0,1.072598007,2.153027977,0,0,0,4.16731919,0,0,0.597174311,0
5.19438139,4.160638256,6.48335002,4.648051439,5.121222635,4.739199763,3.621877855,3.264798134,5.807069355,5.050466214,5.482504283,5.221065108,5.95816618,2.44675768,4.712907169,4.780948112,3.135307151,6.476849103,2.12485765,3.414892014,2.482797617,3.769124954,2.798834915,3.31223786,2.583723535,2.849159999,1.687235431,2.500341926,2.772689635,3.048714623,2.534533291,2.330120776,2.288009291,2.149858953,5.338657322,3.75434636,3.563552288,0,1.6055574,0,3.935426452,0,0,4.678053689,2.87340361,4.01880806,2.390138786,0,3.435582407,1.929797068,0.974285623,1.798461066,0,0,4.31076669,4.746586685,3.197827508,2.861355272,0,0,2.908701392,0,2.660684576,3.563552288,0,2.09921522,0,0,0,1.051246664,2.824314,1.725701711,0,3.007683226,2.517583733,3.862432686,1.418971444,2.964895951,2.12485765,4.627537899,1.762742983,0,0,0,0,0,0,2.785847719,0,2.198061054,1.051246664,1.960102417,4.240045033,0,2.370530315,2.920195772,0,1.418971444,2.689883731,4.246133332,1.798461066,1.647230096,2.330120776,0,0,2.583723535,0,3.875707217,1.366327711,2.266269304,0,2.551200343,0,2.198061054,0,0,5.534039945,2.645758926,0,1.251917359,2.849159999,2.861355272,0,1.960102417,2.660684576,0,2.836814163,4.81244678,2.12485765,0,0.699848777,1.189397002,2.409370148,0,2.244046168,0.974285623,0,2.44675768,1.798461066,0,0,0,2.221317917,2.517583733,3.264798134,0,0,0,2.908701392,1.647230096,3.32756383,2.330120776,1.6055574,0,0,0,0,0,2.018089675,3.421836486,2.997156813,0.588623142,0,1.647230096,0.320359155,2.428238632,0,0,2.149858953,2.482797617,1.516609914,0,0,0,3.428733065,0,0,0,0,0,4.296439797,0,0,2.745842385,1.562072288,0,1.310757859,0,0.974285623,0.974285623,2.44675768,0,3.407898978,0.799932236,0.588623142,2.309286689,0,2.630607121,0,0,0,2.785847719,0,0,0.890904014,1.6055574,2.798834915,0,1.6055574,1.832947242,0,0.890904014,2.599596884,0.699848777,0,2.266269304,0,0,0,0,2.704169688,0,0,0,0.799932236,0,3.018099987,2.798834915,3.264798134,1.866283662,0,2.534533291,1.468981865,1.562072288,0,1.6055574,2.798834915,1.866283662,0.890904014,0,0,0,0,1.989516302,0,1.310757859,0,0.974285623,1.866283662,0,1.725701711,0,0,0,0,0,0,0,1.418971444,2.09921522,0,0,1.687235431,1.468981865,1.051246664,1.516609914,1.798461066,1.251917359,0,0.890904014,0,0,0,0,1.562072288,0,0,0,1.516609914,0,2.464939999,0,0,0,0,0,0,0,0,0,1.468981865,0,0,0,0,2.464939999,0,0,0.699848777,0,0,2.615222202,0,0.320359155,0,0,0,0,0,0,0,0,0,0.799932236,0,0,0,1.929797068,0.974285623,0,0,0,0.799932236,0,0,0,0,0,0,0,0,0,0,0,0,0,0,0,0,0,0,0,0,0,1.251917359,0,0,0,0,0,0.320359155,0,0,0,0,0,0,0,3.153572499,0,0,0,2.785847719,0,0,1.189397002,0,0,0,0,0,0,0,0,0,1.366327711,0,0,0,0,0.974285623,0.890904014,0,0,0,0,0,0,0,0,0,0,0,0,0,0,0,0,0,0,0,0
4.826061866,4.167820398,2.607073644,4.062690856,4.349795394,2.820266865,0,5.077854592,3.390115829,4.220464131,5.188639698,4.808689008,4.342838844,3.305159107,1.999286313,4.300051569,0.3898484,5.932536955,3.615970634,4.99046277,0,2.836140214,0,4.247703169,1.547301189,1.60287104,4.855756519,0,4.129680182,2.664781962,3.800095618,0,3.048198933,3.929489333,0,1.798615617,3.314963107,0.936392107,4.236120028,5.595352467,4.4200584,3.886355962,5.600327602,1.488460689,2.940713018,3.399124899,0,0,3.20143928,4.029824048,0,0,3.190450159,2.897227906,0,4.243857011,2.502812634,2.480589497,0,3.451538642,2.911934053,2.226059632,2.309441241,3.390115829,3.275156856,2.282412569,0,2.566664106,2.309441241,3.934752503,3.156739102,3.353245293,2.851765532,2.524552621,2.196645747,3.615970634,3.314963107,2.645913478,2.434604384,0,2.566664106,1.798615617,2.282412569,0,1.127447344,0,0,2.434604384,2.607073644,3.501341464,0,2.926427061,2.954797758,0,1.705525194,0,0,3.156739102,0,2.545830019,2.701483329,2.102826992,2.867150451,1.60287104,4.721777198,2.410793735,2.226059632,0,1.359248958,2.36140098,0,2.102826992,0,2.166340397,0,0,0,2.480589497,0,1.287789994,2.254633005,3.121851843,0,0,2.804137483,0,1.92377876,2.135087854,2.135087854,0,0,3.035378245,2.457861246,1.488460689,0,0,0,0,2.069490572,0,0,3.264952686,0.700003329,2.68330101,2.36140098,1.425940332,0,2.226059632,0,2.069490572,0,2.069490572,1.210828952,1.753153243,0,0,0,2.282412569,1.999286313,0,0,1.547301189,0,0,0,0,0.3898484,0,0,2.166340397,4.325232756,0,0,0,2.035004395,0,2.457861246,0,4.8130606,0,2.545830019,0,0,1.287789994,1.842100729,0,1.655514774,0,0,0.556902485,0,0,1.127447344,1.547301189,0.3898484,1.287789994,1.036475565,0,2.035004395,0,0,1.127447344,0.3898484,0,1.655514774,1.359248958,0.825166472,4.649964173,0,0,0,1.92377876,0,0,2.069490572,2.335758549,0,0,0,2.102826992,0,2.545830019,0,1.127447344,1.488460689,2.502812634,0,0,0.825166472,0,2.282412569,2.545830019,0,0,0,0,0,0,1.036475565,1.798615617,0,0,1.359248958,1.547301189,0,2.135087854,0,1.287789994,0,0,1.883773426,0,0,3.556473535,0,0,1.705525194,1.753153243,0,0,1.425940332,0,0,0,0.556902485,0,0,0,0,0,0,0,0,0,0,1.547301189,0,0,0,0,0,0.936392107,1.547301189,0,2.135087854,0,0,0,0,0,1.287789994,3.750854901,0,0,0,0,0,0,0,1.883773426,0,0,0,1.287789994,0,0,0,0,0,0,0,0,0,1.036475565,1.547301189,0,0,0,0,0,0,0,0,0,0,0,0,1.92377876,0,0,0,0,0,0,0,0,0,0,0,0,0,0,1.798615617,0,0,0,0,0,2.135087854,0,0,0,0,0,0,0,0,0,0,0,0.3898484,0,0,0,0,0,0,0,0,0,1.287789994,0,0,0,0,1.488460689,0,0,0,2.226059632,0,0,0,0,0,1.210828952,0,0,0,0,0,0,0,0,0,0.189177705,0,0,0,0,0,0
5.237522624,2.961826431,5.173558517,4.341865441,3.860271803,5.242170552,0,4.638774635,2.63168333,2.365842999,5.137144885,3.905405817,3.604992262,5.426306676,1.835626186,3.573512665,1.467901406,3.746980051,3.07329073,4.728713755,0,3.014818961,0,2.948127587,5.500621267,1.507510544,2.984248895,1.763130684,4.53242451,3.82455372,2.788983618,0,3.27137649,2.82602489,0.483699468,0.679444045,2.820816545,0,3.387494247,3.143769988,2.739249613,3.396343862,0,0,2.846591168,2.125054984,1.821541446,2.176086464,2.599629303,3.360465574,0.428129617,0,1.807255489,0,0,3.600213281,2.772678909,2.414045101,0,0,2.943519284,0,2.460030214,3.019110813,3.044482153,2.155985284,0.880114741,2.374039766,3.832180068,2.794359975,2.421857641,0.804607188,1.863214143,1.617713684,2.799707582,1.821541446,2.948127587,3.101292559,1.684965911,1.849515298,2.374039766,1.383641062,0,0,5.173061746,2.421857641,3.779536334,2.744899345,1.876727862,1.634955491,2.071278587,3.202502461,1.835626186,0,1.291622164,0,2.390234452,3.662878791,3.486165774,3.442262976,1.941685758,1.291622164,2.836360899,2.546104823,2.33236707,3.375571602,2.518228453,0,1.047168826,1.651905049,2.586514361,1.582311757,0,0.98365542,0,0,0,2.185987535,3.667368137,1.10688806,2.599629303,3.621541103,3.453420693,1.077474175,2.270944257,1.73259396,0.679444045,2.093137381,2.279953327,0,0,2.997464947,1.190269669,0,0,2.414045101,0.804607188,0,0.915832824,0,0,2.03756753,0.428129617,0.483699468,2.145781114,0,0,0.722929157,1.582311757,1.216586978,0.30676876,1.747978879,0.764601854,0,0,0,0,1.97872703,3.597815198,2.014445112,0.679444045,0.586353622,0,0,0,0.98365542,0.843073469,0.369289117,0,1.26723071,1.863214143,0,0,0,2.252678909,0.764601854,1.792762482,2.03756753,0,1.651905049,0.764601854,0,1.10688806,1.54561039,1.97872703,1.821541446,2.071278587,0,2.297731573,0.428129617,1.668572101,0,0,1.507510544,0,2.33236707,0,0,0,0,0,2.496799062,0,2.406171044,1.467901406,3.375571602,2.993078975,0,0,0,1.507510544,2.532263771,1.835626186,0.98365542,0,2.722106336,0.483699468,1.807255489,0,2.145781114,1.564129438,4.162392077,0,0.168618422,0.679444045,1.890061393,0,0,0,2.071278587,0,2.16608638,0,2.33236707,0,1.426658447,1.163240997,1.291622164,0,1.792762482,2.599629303,0,0.240077386,1.163240997,0,1.582311757,0.633981671,1.077474175,1.582311757,0,2.398234495,0,1.047168826,0.722929157,0,0,0.536343202,0,1.047168826,1.73259396,0,0.369289117,0,1.684965911,0.30676876,0.008275772,0.950319,0,0,0.950319,0,0,0,0,0,1.564129438,0,0,1.015916282,0,0.586353622,0.915832824,0,0.633981671,1.426658447,0,0.804607188,0,0,0,0,0,0,0,0,0,1.507510544,0,0.428129617,0.586353622,0,0.369289117,0,0.679444045,0,0,0,0,0,0,0.764601854,0,0,0.586353622,0.804607188,1.467901406,0,2.279953327,0.008275772,0,0,0.30676876,0.30676876,0,1.338689674,1.600169374,0,0,2.710512003,0,1.291622164,0.843073469,0.168618422,0,0,1.405381049,0,1.361417925,0,0,0,0,0.633981671,0,0,0,0,0,1.651905049,2.805026743,0.679444045,0,0,0,0,0,1.10688806,0,0,1.792762482,0.30676876,0,0,0,2.886496712,0.30676876,0.369289117,0,0.679444045,0,1.651905049,0.764601854,1.383641062,0.880114741,0,0.30676876,0,0,0,3.548604777,1.716968642,0,0,0.722929157,0,1.684965911,0,0,1.684965911,0,0,0,0.880114741,0,0,0,0,2.910652476,0,0,0,0
6.497641431,6.624975246,5.273411867,4.645811825,5.407250338,6.042733279,0,5.369710741,4.519859416,5.916724112,3.859718532,5.441059776,2.611993357,1.784596651,5.374798192,4.685765593,4.186662942,5.194567692,3.87119642,3.277113226,0.151901877,4.346003047,3.83930966,4.197015001,3.342136126,2.88320894,3.940094185,0.929606445,2.998861142,2.581378722,4.481860924,4.788912669,4.380880165,4.227443312,3.482003337,0.454182749,4.342447487,0,4.258911002,0,3.902097755,1.761339789,0,4.429384656,0,2.483474507,3.025798798,4.01448745,3.389426261,1.991517367,1.609147974,4.62723133,3.651968161,0,0,2.74363855,3.644838006,2.844141472,0,0,2.080862468,2.661022785,2.852078021,0.752675737,4.146317767,2.844141472,0,0,0,3.337281747,3.648409438,0.752675737,0,2.36211365,2.611993357,2.88320894,2.14700227,2.689326561,2.707760263,4.117744395,3.168013313,2.253162466,0,0,3.447738743,2.761106243,0,2.494838265,3.297574298,0.929606445,4.822529279,2.621993441,0,4.201126004,3.15641898,1.609147974,3.108648704,0.685984363,0,3.772313532,2.734788935,0,0.982250179,1.93380905,0.874036594,2.36211365,2.349126454,0,0.874036594,2.193885856,0,2.621993441,0.454182749,2.046076351,3.287396093,0,5.044901183,2.193885856,3.15057101,0,2.517185564,0,2.209037661,3.277113226,2.114479078,0,2.591688091,4.893760232,1.461823259,0,0,1.552795037,1.58136841,1.125351023,2.54979715,2.010036415,3.18515659,2.471980127,0,0,0,2.54979715,2.097812026,1.079888648,0,2.786748674,1.032260599,2.14700227,2.483474507,2.517185564,1.609147974,1.972648883,1.972648883,0,2.528174686,0,0,0,2.063620661,1.210508831,2.063620661,1.893399511,0,2.114479078,0.537564358,1.913808383,1.288980446,0,0.982250179,1.210508831,0.815196094,0,0,0,1.523381152,2.819946743,2.517185564,0,0,0,1.396225977,0,0,2.193885856,1.991517367,1.361739801,0,0,0,2.752410536,2.14700227,0,0,0.929606445,1.210508831,1.552795037,0.454182749,0,0,0,0,1.552795037,0.454182749,0,0.752675737,0,3.531294629,0,1.250514165,1.461823259,2.193885856,1.361739801,0,0.685984363,1.688136385,0,0,0,0,0,2.471980127,4.531720193,0,2.786748674,0,1.326021718,0,0,0,1.609147974,0,0.982250179,0,2.028218734,0,0,1.784596651,1.125351023,0,0,0,0,2.661022785,1.609147974,0,0.815196094,0,0,0,0,1.326021718,0,0,0,0,0,0.752675737,0.685984363,2.080862468,0,0,0.685984363,2.448587248,0,0.874036594,1.953417521,1.688136385,0.36321097,0,0,0,0,1.396225977,0,1.807324902,0,0,0.815196094,0,0,0,1.210508831,0,0,3.558964378,0,0,0,0.874036594,0,0.537564358,0,0,0,0,0,0,0,0,1.396225977,0.982250179,1.168836134,0,0,0,0,0,0,0,0,0,0,0,0,0,0,0,0,1.991517367,0,0,0,0.874036594,0.752675737,0,0,0,0,0,0,0,1.168836134,0,0.929606445,0,1.609147974,0,0,0,0,0,0,0,0,0,0,0,0.026738734,0,3.673058574,2.114479078,0,0,0,0.614525399,0,0,0.537564358,2.752410536,0,0,0,0,0,3.096340856,0,0,0,0,0,0.929606445,0.151901877,0,0,0,0,0,0,0,1.991517367,0.36321097,0,0,0,0,0,0,1.210508831,1.168836134,0,0,0,0,0,0,0,1.250514165,0,0,0,0.815196094,0
6.478616996,4.595071461,5.110588488,5.705371246,5.653198461,5.869329469,0,5.146783736,1.722901881,4.169193694,4.189238909,4.671433635,3.508146669,5.878329325,4.01635449,4.805050116,4.35357537,4.979498793,3.968022936,3.672515738,0,4.515579667,4.287851238,3.402544052,0,1.583789078,4.584731635,1.722901881,3.851442753,0,3.210978936,2.327856349,3.010308241,3.228421239,0,5.871792019,3.896767732,0,3.525425716,2.812818462,2.106484277,0,0,0,4.720580311,3.490563798,3.459029654,4.478298202,2.904549398,2.872157902,1.22924406,1.953807437,4.471670175,1.22924406,0,3.472666229,2.904549398,3.045523147,4.486521933,0,3.357982224,4.191441553,2.958826285,2.812818462,3.747283645,3.066071815,0,1.748544311,4.273766498,3.777691393,4.052394426,4.664603007,2.532388053,0,3.619372304,0,4.213205198,2.8471566,2.460500824,0,2.951250491,2.610205076,2.588582612,0,0,1.613202963,0,2.299077385,3.300674878,2.662300187,3.239882682,2.254293782,2.341941089,3.490563798,3.187238949,0,2.341941089,2.711815252,0,0,2.299077385,3.059269068,3.118889371,3.56324535,2.070444341,2.191280814,3.193226991,0,2.383042765,2.641786648,2.223283545,0,0,3.357982224,0,0,0,0,0,1.911695952,1.386429644,3.038578674,3.499393878,1.422147727,3.199179389,3.373057886,0,0,3.278993812,0,3.378033021,2.904549398,1.185758949,3.750708306,1.821747715,1.994216976,2.812818462,2.070444341,1.522231185,0,0,2.943616866,1.386429644,3.472666229,1.641776336,1.140296574,0,0.514590675,0,1.185758949,0,1.889955965,1.613202963,0,0,0,4.531365315,1.22924406,1.185758949,0,1.310922091,1.270916757,0,0,0.746392289,0,1.994216976,2.77725916,0,1.270916757,0,0.423618896,2.485041933,0,2.555246191,0,4.563725611,3.038578674,0,0,0,0,0,0,2.672401283,1.456633903,0.813083663,0,3.262418847,0.212309803,0,0,0.813083663,0,1.310922091,1.797937067,0,0.597972284,0,0,0,0,0,0,1.270916757,0,2.40953438,0,1.386429644,0.08714666,0.514590675,1.889955965,0,2.223283545,2.435342264,2.47284666,2.396376296,0,0,2.880354669,2.191280814,0,0,0,2.033056809,3.650084891,0,0,1.22924406,2.520760015,0,0,0,0,2.951250491,0,0.93444452,0,1.845004577,2.223283545,0,0,1.386429644,0,0,0,0.87560402,0,0.08714666,0,2.070444341,0,2.485041933,0,0,0,0,1.042658105,0.514590675,1.583789078,1.185758949,0,2.682401367,0,0,0,0,1.456633903,3.045523147,0,0,0,0.813083663,2.672401283,0,1.6695559,0,0,0.597972284,0,0,1.042658105,0,0,1.042658105,4.132534377,1.310922091,0,0,1.386429644,0,0,0,0,0,0,0,2.341941089,0.746392289,0,0.674933325,0,0,0.514590675,0,0,0,0,0,0,0,0,0,0,0.514590675,1.93297335,0.514590675,0,0,1.994216976,0,0,0.323535438,0.674933325,0,0,0,0,0,0,3.245564516,1.845004577,0,0,0,0,0,0,0,0,0,1.553483729,0,0,1.22924406,0,0.813083663,0.597972284,0,0,0,0,0,0,0,0,0.990014371,4.684956491,0,0,0,0,0,0,0,1.22924406,0,0.323535438,0,0,2.033056809,0,0,0,0,1.22924406,0,0,0,0,0,0,0,0,0,0,0,2.355830201,0,0,0,0,0,0,0,0,0,0,0,0,0,0
6.146703861,5.455616413,5.984291942,5.361249869,3.23190022,5.107652595,0,5.408023788,1.548182233,5.212361545,5.163648562,4.048036845,1.595249744,4.456464918,4.324528946,4.349715462,3.771828427,4.321523684,5.363906619,4.732740965,0,4.394071803,3.58924608,4.479857797,0,2.630599836,4.303299945,2.349697451,3.353900055,0,3.784781976,3.317605749,3.94168672,3.497528812,0,5.013541559,2.597401767,0,4.738708163,3.961295191,3.500953473,4.303299945,0,0,4.03007229,2.654794565,4.31093357,2.906993949,3.761343403,3.476730835,1.392021503,2.746112723,4.111276303,0,4.270586748,3.649962753,3.687539428,2.146621462,2.83645189,4.092531611,2.767696295,3.812702571,2.849653402,1.856729444,3.462621254,3.296858116,0,3.012664014,2.305491358,2.004538949,3.480227342,0,3.162427847,3.487183892,4.175988903,0,2.371088641,2.709071451,3.133228693,0,3.204687657,2.83645189,2.316727431,1.617977995,4.897028903,3.592371082,0,2.481199759,2.894532728,1.172392893,1.099633539,2.83645189,2.42264645,1.874273754,2.925399376,0,3.861552332,2.605805177,2.654794565,0,0,1.061167258,3.779620674,1.744462142,0.684689687,1.98915403,2.42264645,3.557446898,2.843074431,1.36344813,2.499979654,0.740259538,0,0,2.305491358,0,0,2.67841771,0,2.004538949,2.133287931,0.936004115,0,1.874273754,2.063815559,2.614138559,0,0,2.614138559,1.52379078,3.483711666,2.381615054,2.753359132,1.704052604,2.371088641,1.571992882,2.724053005,2.305491358,2.223091826,0,2.605805177,0,2.931460001,3.598591942,1.764070614,2.646794522,0,1.661941119,0,2.518413355,0,2.185587431,2.462060419,0,0,0,4.492621212,1.473147047,2.381615054,0,0,1.957655363,0,0,0,1.640201132,2.724053005,1.099633539,0,2.019690754,0,0,0,0,1.874273754,0,1.683218517,2.913166808,0,1.272476352,0.842913692,0,0,0,1.908465119,0.264835841,1.925132171,0,1.98915403,0.34821745,0,0,1.099633539,1.061167258,0,0.740259538,2.198245828,0,0,1.764070614,0,0,0,0,0.684689687,0,1.099633539,0,1.36344813,1.172392893,1.172392893,0,0,2.185587431,2.381615054,0,2.571759336,1.419801067,0,1.820689508,2.063815559,0,1.98915403,0,0,0.425178492,0,0,0.073780605,0,0,0,1.303728895,2.888243399,2.442547605,1.838871827,2.760553407,0.56332883,0,1.392021503,0,0,0.264835841,0,0,0,1.548182233,1.303728895,1.973528712,0,0.890541741,0.684689687,1.303728895,1.704052604,0,0,0,1.571992882,0,1.617977995,0,1.061167258,0,0,0,1.136674811,0,1.392021503,0,0,1.303728895,0,0,2.092186256,0,0.56332883,0,0,0.073780605,0,0,1.856729444,1.498789478,0,0,0,0,0,0,1.061167258,0,0,0,0,2.159779547,0,0,0,1.473147047,0.34821745,0,0,0,0,0,0,0,0,0,0,0,1.52379078,0.625849187,0.264835841,0.425178492,2.638729962,0,0,0,0,2.25924034,0,0.684689687,0,0,0,0,0,0,0,0,1.392021503,1.206879069,0,0,0,0,2.701495658,0,0.425178492,0,0,1.783301976,0,1.136674811,0,1.392021503,0.56332883,0,0,0,0,0,0,0,0,2.545442028,0,0,0,0.425178492,0,0,0,0,0.425178492,0,0,0,0,0,1.617977995,0,0.792903272,0,0,0,1.419801067,0,0,0,0.173864063,2.693862033,0,0,0,0,0.173864063,0,1.136674811,0.740259538,0,0.425178492,0,0,0,0,0,0.173864063,1.36344813,0.073780605,0
5.997803688,5.89828836,5.601255758,6.261959645,6.079298856,6.136017353,0,6.369747963,3.101278064,5.47297454,4.973422063,5.891215425,1.889870281,6.244855465,4.544792566,5.411390312,5.004380121,2.239054554,4.821660871,4.740490505,0,4.514971399,4.834309261,4.696391649,0,3.27242632,3.83578043,3.30194876,4.243375465,0,4.650258008,3.557295451,4.712492176,4.517131228,0,4.546889002,4.661525732,0,3.869326553,3.79220055,2.513491399,0,0,0,4.490900215,2.633937552,4.303916645,2.916286279,3.264907488,3.161641214,2.280297512,0,3.801069787,0,0,4.000535664,4.08043926,4.542691725,4.648367648,0.981014528,3.144763176,2.002665776,2.689123968,1.947857539,0,4.039547703,0,3.35160435,4.759294478,2.715615583,3.917625679,0,3.948575925,0,2.978482487,1.72822893,2.815076377,3.287296483,3.865194316,0,2.57552679,3.493320152,3.365350271,0,0,0,0,2.926924677,4.093706453,2.702457499,3.612103688,1.762715106,0,4.721326156,3.065075016,0,2.59045244,3.249698069,0,0,0,0,3.540249584,0,1.181685223,2.883674693,2.861327395,0,2.675610249,3.344659878,4.169812898,0,0,4.08043926,2.339138012,0,0,0,0,1.240525723,2.905533487,1.617003295,2.002665776,2.905533487,0,2.661911404,1.181685223,0,0,0,3.627977037,2.151085781,2.815076377,0,2.702457499,2.661911404,0,2.31990665,1.57699796,0,0,2.447351597,3.186435873,0.629616641,0.981014528,1.919284167,0,2.054625514,0,2.412565481,0,2.280297512,2.791123136,0,0,0,3.948575925,0,0,0,0,1.975637103,0,0,0.250127019,1.692510847,2.59045244,0,0,2.196037168,0,2.151085781,0.083072935,0,0,0,2.480968208,2.43010979,0,0,0,0,0,0,2.280297512,0.7297001,1.052473492,0,1.859564932,2.25988864,0,0,0.7297001,1.052473492,1.181685223,1.655469576,0,0,1.692510847,0,0,0,0,0,1.181685223,0,2.127828918,0,2.31990665,0.083072935,2.028983084,0,0,0,2.883674693,0.981014528,2.754081864,1.535325264,0,2.079626817,2.916286279,0,0,0,1.762715106,2.715615583,0,0,0,0,0,0,0,1.692510847,2.98848257,1.491840152,2.173814032,1.446377778,1.919284167,1.57699796,0,0,2.196037168,0,0,0,0,0,0.7297001,0,2.002665776,2.028983084,0,2.217777155,0,0,0,1.240525723,1.296095575,1.491840152,0,0,0,2.43010979,0,1.119164866,0,0,0,0.393227863,1.181685223,0,0,0,0,1.052473492,0,0,0,0,0,1.398749729,1.240525723,0,0,0,0,0,0.7297001,0,0,0,0,0,2.239054554,0,0,0,0,1.398749729,0,0,0,0,0,0,0,0,0,0,0,0,0,0.904053487,0,2.339138012,0,0,0,2.826841218,2.544990066,0,1.240525723,1.535325264,0,0,0,0,0,0,0,0,0,1.491840152,0,0,0,0,0.904053487,0,0,0,2.10401827,0,0,0,1.181685223,1.446377778,0,0,0,0,0,0,0,0,2.127828918,0,0,0,2.002665776,0,0,0,0,0,0,0,0,0,0,0.393227863,0,0,0,0.904053487,0,1.240525723,0,0,0,0,0,0,0,0,0,1.859564932,0,0,0,0,0,1.398749729,0,0,0,0,0,0,1.052473492,0
6.890810668,7.211784694,6.376880328,6.935991193,4.837926127,6.481038708,0,5.552252486,2.928658008,3.756724506,3.013815816,4.899647841,4.360208961,3.11713343,4.73633943,4.411944635,3.901119011,4.461134879,5.223061575,3.67587241,0,4.514106764,3.750230977,4.681394275,0,4.235989325,3.906705618,2.957857163,4.604022367,0,4.384685707,5.24959224,5.036399019,4.255831246,0,2.98622786,2.598094208,0,4.061254149,3.668830127,2.835567585,0,0,0,3.884169453,1.873530831,4.219827357,3.066808346,4.20753212,0.967822209,0,5.227532522,3.825501605,0,0,3.000116972,4.282964694,2.913732358,3.782285003,0,3.717115368,2.61850308,3.104787595,1.993675143,4.169712487,3.801035553,2.417832384,2.714731112,0,3.439483632,4.391570416,1.736955296,3.346393209,3.756724506,4.012344646,0,2.313842671,1.686944876,3.632855025,0,3.508180163,4.041976444,3.603113056,0,0,0,0,0,0,1.457370434,1.457370434,2.030716415,2.286063107,0,2.957857163,0,2.598094208,1.686944876,0,0,0,0,2.340871343,2.61850308,0.856596574,0,2.802506723,0,1.830045719,0,3.394021258,0,0,1.457370434,2.785557164,0,0,1.736955296,0,0.967822209,0,2.313842671,0,3.040663066,0,2.768315358,2.417832384,0,0,2.134257094,3.556772718,1.830045719,1.736955296,0,2.489291348,1.457370434,0,3.066808346,0,0,0,0,3.104787595,2.98622786,0.421278502,2.340871343,2.442223837,1.873530831,3.912261188,3.000116972,0,2.768315358,2.555982723,0,0,0,3.632855025,1.784583345,0,0,0,1.873530831,4.056469451,0,1.067905667,2.696212064,3.296382788,0,0,2.100920673,0,0,0,0,0,0,0,1.955208862,0,5.31708095,0,0,0,3.403280583,1.736955296,0,0,0,1.39067906,0,0,0,2.100920673,0,0,1.242259054,2.417832384,0,0,0.856596574,0,0,0.588332587,0,2.489291348,0,2.867570316,0,2.466034486,0,1.830045719,0,0,0,2.392831082,1.784583345,0,0,0,0,2.166517956,0,2.928658008,0,1.457370434,1.993675143,0,0,0,0,0,0,0,0,2.785557164,0,3.053821151,1.784583345,0,1.158877445,0,0,0,0,0,0,0,0,0,0,2.257489734,2.030716415,0,0,0,0,0,0,1.578731291,1.158877445,0,0,0.967822209,0,0,2.066434497,0,1.457370434,0,0,0,0,0,0,0,0,0,0,0,0,0,1.873530831,2.166517956,0,1.067905667,3.365717482,0,0,0,0,0,0,0,0,2.489291348,0,0,0,1.915203528,0,0,0,0,0,0,0,0,0,0,1.158877445,0,0,0,0.588332587,0,0,0,0,0,0,0.731433431,0,1.686944876,0.967822209,0,0,0,0,0,0,0,1.39067906,2.417832384,0,2.134257094,0,0,0,0,0,0,0,0,0,0,0,0,1.319220096,0,0,0,0,0,0,0,0,3.066808346,0,0,0,1.519890791,0,0,0,0,0,0,0,0,0,0,0,0,0,0,1.39067906,0,0,0,0,0,0.220607807,0,0,0,0,0,0,0,0,1.519890791,0,0,0,0,2.030716415,0,0,0,0,0,0
6.668925981,6.23171023,5.506606602,6.424168447,4.931306693,6.619505759,0,5.579791868,5.121646718,5.464088881,4.187208743,5.031618514,2.150807354,3.490450146,5.206839204,5.178883797,3.923040401,0,5.29300497,3.737897967,0,4.520172928,3.180821326,4.225402918,0,3.513340988,3.936100288,1.982748244,1.547430173,0,3.7885696,4.36265742,4.230939265,3.665266523,0,3.900247391,3.496222168,0.087804538,4.95967739,3.884758214,3.076993713,4.462740879,0,3.496222168,0,2.921017882,4.182873476,2.604799503,4.009347304,1.37115093,2.215000511,3.78210406,3.753593357,0,0,3.650578376,4.255480374,3.223298754,2.611792538,4.2170405,0,2.322948351,3.421560639,2.139696128,4.113932325,3.719653448,0,1.587039311,1.929044065,3.594797124,3.976069277,2.868512385,3.238308417,0.448817884,2.941271739,2.51683073,1.321758175,2.046060523,3.36412859,0,3.924916574,3.188679913,3.554898215,0,3.292669626,1.440946692,0,1.714484257,3.072607741,0.884135955,4.064637767,1.982748244,2.509138384,2.961123508,3.350905257,0,4.540634,1.748100868,1.929044065,0,3.081360532,3.667693709,2.428773874,0,0.319606152,0.507658384,2.532040148,0,2.265516301,2.742270493,0,0.615871969,0,0,2.561782118,0,0,2.117096296,0,0.884135955,1.731433815,2.058255796,2.313602488,3.3136128,0,2.639285679,2.070304135,0,0,1.567430839,3.211891786,1.697242451,0.884135955,0.087804538,2.646042461,1.942742909,1.418218441,2.94627175,1.842659451,0,0,3.076993713,3.751366184,0,1.394961579,2.873888742,0,2.265516301,1.346759477,3.068202448,0,2.611792538,2.646042461,4.26486382,0,3.072607741,0,1.242769764,0.665882389,0,2.748368073,2.852207676,0,0,1.214990199,2.863106966,3.050384605,0,0,1.095445049,0,1.547430173,0.248147188,0,0,1.587039311,0.563228235,1.186416827,3.674940117,0,1.625139157,0,2.368410725,0,0.99536159,0,0.922602236,0,2.359482094,2.56908142,1.506187214,0.884135955,1.764494678,0.386297527,0.959643508,0.319606152,1.643658205,0,0,0,0,0,0.448817884,0,2.428773874,0,2.437107256,3.396441579,1.418218441,0.922602236,1.842659451,0.248147188,0,0,2.046060523,0,2.093973879,0.713510438,0,1.394961579,3.278459796,0,1.78062406,0,0,2.62563359,0,0,0.171186147,0,0,0,2.698513513,1.186416827,1.982748244,0.802457924,2.501386407,0.319606152,1.214990199,0,0,0,2.20458375,0,0,0,1.995735439,0,1.748100868,0,0,0,0.758972812,0,1.796497409,0,0,1.126697592,0.713510438,1.567430839,0,0,0,0,1.126697592,0.386297527,0,1.527021301,0,0,0,0,0.319606152,1.842659451,0,0,0,0,0,0.171186147,0.922602236,1.296115744,1.242769764,0,2.082209037,0,0,0.563228235,1.812122727,0,0,2.67915807,0,0,3.640665036,0,0,0,1.346759477,1.321758175,0.615871969,0,0,0,0,0,0,0.758972812,0,3.712725013,0,0,0,0,0,1.567430839,0.319606152,0,0,1.484909816,3.004399491,0,0.99536159,2.008556128,0,0,0,2.956197389,1.661840524,0,0.665882389,0,2.304168456,0.563228235,0,0,0,0,0,0.713510438,1.697242451,0,0,0,0,0.248147188,0.922602236,0.84413062,0,0,0,0,0,0,0,0,1.942742909,0,0,0,1.872291248,0,0,0,0,0,0,0,0,1.872291248,0,0,0,0,1.321758175,0.507658384,0,0.248147188,0,0,0,0.319606152,0,0,0,0,0,0,0,0.248147188,0,0,1.296115744,0,0,0,0,0,0,0,0,0
6.945485502,7.430337919,4.712999448,6.490981173,5.475677714,5.846006662,0,5.864048388,3.740658073,5.104459358,4.755166433,5.630097392,0,4.836895064,4.130581924,5.098984892,2.793651286,5.959784191,4.159087417,3.916433936,0,4.936412143,2.496752558,4.936412143,0,2.521144012,5.907370448,2.930617141,3.873744527,0,4.252906172,5.764771219,4.972356816,4.140174324,0,4.593026938,4.322893574,2.677014382,4.721042387,6.297912971,4.820108099,3.425313383,0,0,0,3.364993593,3.036777337,0,3.829151151,1.908965894,2.145354672,6.046440895,4.715687622,2.61316291,0,3.553341857,4.159087417,3.603561614,2.419791517,2.717423921,0,5.382311657,2.881426897,1.863503519,4.562207858,3.904421779,2.446108826,2.24543813,3.435022197,5.017034297,3.463595569,1.469599234,3.311789557,0,2.881426897,0,3.119583241,2.496752558,3.278453136,0,3.861205178,5.193213226,4.204861998,2.446108826,0,2.881426897,0,0,3.82261518,2.179840848,2.677014382,1.39814027,1.994123702,3.854876043,3.132741325,0,0,1.863503519,0,0,2.677014382,0,2.590939774,0,5.861490842,0,2.811833605,0,0.810353605,2.590939774,3.802746977,0,0,2.634902897,0,0,0,0,0,1.469599234,2.364983281,0,3.395608229,2.179840848,0,2.930617141,0.667252761,0,2.717423921,1.321179229,0,1.536290608,0,2.697423254,0,2.179840848,0,2.847235532,2.109636589,0,0,4.392018975,2.072595317,1.863503519,1.81587547,0,0,1.469599234,0,2.977500727,0,2.306996023,2.568211522,0,0,0,0,0,2.145354672,0,0,3.561888918,0,0,0,0,3.036777337,0,0,0,0,1.713221316,0,0,0,0,0,2.697423254,0,0,0,0,0,0,2.24543813,0,1.657651465,0,3.364993593,3.02228433,1.146825842,0,0,1.598810965,0,1.146825842,2.392762845,0,0,0,0,0,0,0,0.810353605,0,1.23779762,0,2.072595317,0,2.145354672,1.321179229,0,1.598810965,1.39814027,0,0,0,0,2.392762845,1.657651465,0,3.910445894,0,1.536290608,0,0,0,0,0,0,0,0,0,2.446108826,0,1.863503519,0,0,0,0,0,0,0,0,0,0.810353605,0,0,0,0,1.657651465,0,0,1.713221316,0,0,0,2.072595317,1.321179229,0,0,0,0,0.935516748,1.39814027,0,0,0,0,0,0,1.39814027,0,0,0,0,0,0,0,0,1.598810965,0,0.935516748,0,3.544721114,0,0,0,0,0,0,2.471751256,0,0,0,0,0,0,0,0,0,0,0,0,0,0,0,0,0,0,0,1.23779762,0,0,0,0,0,0,0,0,0,0,0,0,1.863503519,0,0,0,0,0,1.76586505,1.046742383,0,0,0,0,0,0,0,0,0,0,0,0.667252761,0,0,0,0,0,0,0,0,0,0,0,0,0,0,0,2.697423254,0,0,0,0,0,0,0,0,0,0,0,0,0,0.935516748,0,0,0,0,0,0,1.046742383,1.321179229,0,0,0,0,0,0,0,1.146825842,0,0,0,0,1.598810965,0,0,0,0,0,0
6.179255871,6.005375639,5.759808638,6.645122043,4.472898768,5.911351588,0,5.722666687,5.040077328,3.748677951,3.843686061,5.479362807,0,0,2.574167179,4.778534644,4.619429044,2.15244155,5.010418064,3.018301428,0.749617887,4.258173787,3.550956022,4.649568311,0,0,4.644155578,0,4.035529113,2.460408294,4.608240116,3.885112103,3.567020625,4.44016262,3.509627827,2.011859599,4.334986965,1.755139753,5.530979769,4.582597685,5.896724692,3.582831231,0,3.526364619,3.354773665,2.332027127,3.890892466,2.885754772,3.885112103,1.596915747,1.652485598,0,4.107675776,2.853752041,0,2.869881423,4.469672959,3.430639416,2.552427192,3.122972051,0,2.990327576,3.171466401,0,0,3.806758789,0,2.595444577,0,4.801982377,3.806758789,0,3.879298133,2.616278664,0,0,2.853752041,2.084618954,4.419993869,0,3.526364619,4.285734586,4.409754872,2.304247563,0,2.484218942,0,2.853752041,3.183231242,2.215954956,2.15244155,1.802767802,2.43601684,2.803741621,2.885754772,0,2.837358231,2.11910513,0,0,3.20635366,3.058847523,2.656688203,2.15244155,2.656688203,3.261923511,2.215954956,0,2.11910513,3.072005607,0,1.705129332,0,0,0,0,0,2.11910513,0,1.755139753,0,1.408863516,0,3.483985396,0,0,2.048900871,0,0,0,0,1.705129332,3.084992803,3.097813491,0,2.359055799,2.885754772,2.820691179,0,0,0,4.166251077,3.334872511,0,0.986006665,3.272676303,2.184702412,3.171466401,0,2.931916814,1.260443511,2.048900871,2.803741621,0,0,0,0,0,0,0,0,3.324771415,0,0,0,0,3.072005607,0,0,1.802767802,0,0,0,0,0,0,0,0,0,3.032000273,0,0,0,0,0,0,1.337404552,0.439462959,0,2.184702412,1.47555489,0,1.652485598,0,0,1.260443511,1.337404552,0,1.891715288,0,0,0,2.574167179,0,1.596915747,0,1.933387984,0,1.705129332,0,2.732915568,0,0,2.359055799,0,0,1.47555489,0,0,0,0,0,3.19485928,1.538075247,0.439462959,0,0,0,0,0,0,0,0,0,0,0,3.171466401,0.439462959,0,1.408863516,0,0,2.246260305,0,3.272676303,0,0,0,0,0,0,1.755139753,0,0,2.11910513,0,0,0,0,0,0,1.337404552,0,0,0,2.15244155,0,0,0,0,0,0,0,0,0,0.238792263,0,0,0,0,0,1.538075247,0,0,1.260443511,0,0,0,2.732915568,0,0,0,2.552427192,0,2.786499814,0,1.177061902,0,0.749617887,0,0,0,0,0,0,0,0,0,0,0,0,0,0,0,0.986006665,0,0,0,2.460408294,0,0,2.460408294,2.246260305,0,0,1.596915747,0,0,0,0,0,0,1.086090124,0,1.177061902,0.986006665,0,0,0,1.848230176,0,0,0,0,0,0,0,1.705129332,0,0,0,0,0.238792263,0,0,0,0,0,0,2.048900871,0,0,0,0,0,0,0,1.408863516,0,0,0,0,0,0,0,0,2.616278664,1.086090124,0,0,0,1.47555489,0,0,0,0,0,0,0,0,0.986006665,0,1.973393319,0,0,0.986006665,0,0,0,0,0,0
5.795054052,4.913758583,5.90069308,6.019390683,4.93090186,4.08171364,0,5.716436247,6.011089231,5.838657689,4.9290115,5.396528597,0,0,5.354149374,5.340450529,4.844147983,5.733508791,4.480534205,4.045754709,1.10131573,4.291970987,4.693253239,4.441254231,0,5.711257125,3.803551961,3.483274411,4.700413174,0,3.672931779,2.810008601,3.408239225,3.575293309,5.11809037,0,4.428850971,0.910260493,2.360270669,4.170379277,4.733164639,3.666265088,4.419446513,4.154085637,0,3.530341922,3.164318545,3.083815327,3.083815327,3.207568529,2.519698406,3.071766988,2.693209333,0,3.761879265,2.335269367,3.475209851,3.582592612,2.900295447,3.483274411,0,3.083815327,2.008872782,0,0,3.071766988,2.309626936,2.309626936,0,1.521169576,3.288831493,0,2.956254101,1.815969116,1.521169576,3.238821073,3.903357719,3.298540307,3.071766988,0,1.521169576,3.175307667,3.809365931,0,0,2.008872782,0,2.727995449,4.120679608,1.936113428,1.576739427,3.989269107,2.043358958,2.283309628,3.071766988,0,3.071766988,0,3.164318545,3.416859968,0,0,0,2.744945007,1.399808719,0,2.900295447,2.914581405,2.657169396,3.259126339,0,0,0,2.76161206,0,0,0,3.849143903,0,1.521169576,0,3.969708581,0,0,0,0,0.530770872,0,3.034725716,0,0,2.810008601,3.791821622,2.170514134,0,2.431729633,0.673871715,0,0,0,0,0,0,0,0,3.259126339,2.794135252,1.679393581,2.638650349,1.521169576,2.108956241,2.283309628,1.973154699,0,0,0,0,2.560941364,2.283309628,0,3.390771532,1.521169576,0,0,1.184697339,1.772484004,0,1.333117344,0,2.856170642,0,0,0,0,1.897647147,0,3.047225879,0,0,0,0,0,0,2.076695378,1.184697339,0,1.10131573,1.462329076,0.673871715,1.10131573,1.772484004,0,1.62938316,1.857641812,2.560941364,1.333117344,0,0,0,2.825633919,0,1.10131573,0,0,0,0,2.076695378,0,1.62938316,0.163046092,1.462329076,0,0,0,0,0,0,1.10131573,0,0,0,0,0,2.256280955,1.973154699,0,0,0,0,0,0,0,0,0,0,0,1.462329076,2.008872782,0,1.333117344,0,0,0,2.076695378,0,0,1.184697339,0,0,3.186177339,0,0.910260493,0,0,2.693209333,0,0,0,1.72702163,0,1.521169576,0,0,0,1.576739427,0,0,0,0,1.333117344,0,0,1.62938316,0,0,1.462329076,0,0,1.62938316,0,0,0,0,0.673871715,0,0,0,0,0,0,0,0,0,0,0,0,0,2.228501391,0,0,0,2.476681021,0,1.010343952,0,0,0,0,0,0,0,2.675351716,0,0,1.26165838,0,1.184697339,2.170514134,0,0,2.008872782,0,0,1.333117344,0,0,0,0,0,0,1.973154699,0,0.530770872,0,0,0,0,0,0,1.333117344,0,0,0,0,1.897647147,0,0,1.333117344,0,0,0,0,0.799034858,1.72702163,0,0,0,0,0,0,0,0,2.108956241,0,0,0,0,0,0,0,0,0,0,0,0,0,0,0,0,0,0,0,0,0,0,0,0,0.910260493,0,0,0,3.567940335,0,0,0,0,0,0,0,0,0,0
6.400019662,4.701880979,5.290253038,6.672332237,6.113863633,6.115146918,5.220580659,5.44576135,6.186893289,5.571513659,5.601967345,4.857724184,0,0,5.106027695,5.245368915,5.532094141,2.180753066,5.672280537,3.087159038,3.964282036,4.755740149,5.45573028,4.727890247,0,4.274436964,3.859839373,0,4.093326795,0,4.245746472,2.439327054,4.639360622,4.088472416,3.847531525,0,5.102503463,0,4.47510766,4.639360622,4.484976161,2.040171115,0,5.072035156,0,2.849002695,4.497984474,2.488719809,4.093326795,1.114401639,2.865669747,0,0,2.779409403,5.046227272,2.865669747,4.241579799,3.76361134,3.004353135,0,0,0,4.22897459,0,0,3.835070304,0,2.147416646,0,2.558515571,3.383085181,0,3.004353135,3.991457621,2.077212387,2.274571821,3.44051723,0,3.268376233,4.942007303,4.043688813,4.154378615,0,0,2.882063557,0,0,2.79726702,3.554676135,0,2.040171115,2.664999052,0,5.254508354,3.223170796,0,0,0,0,0,2.989860127,0,0,3.257265007,4.190176621,1.680797114,1.437175032,4.093326795,2.001704834,3.941996991,2.929691606,0,0,2.464328356,0,0,0,2.040171115,0,1.566386763,0,2.914066288,1.114401639,3.701090983,0,2.360338643,2.81481133,0,0,0,2.580738708,1.680797114,2.077212387,4.012678577,0,1.9616995,2.077212387,3.234665176,1.831079317,0,0,0,4.176902089,1.783451268,1.733440848,4.048764967,0,2.180753066,0,2.882063557,1.783451268,2.213013928,3.018639092,0,0,0,0,0,0,0,0,3.32215263,0,0,0,0,2.439327054,0,0,1.733440848,0,0,0,0,1.625227263,0,0,0,0,0,0,0,0,0,0,0,1.733440848,0,1.114401639,2.213013928,1.733440848,0,2.147416646,0,3.046612944,1.566386763,1.920026803,0,0,0,0,1.114401639,2.040171115,0,2.001704834,0,0,0,2.664999052,3.199777917,3.211542758,0,0,0,0,0,0,0,0,0,0,0,0,2.64459018,0,0,0,0,1.920026803,0,0,0,2.040171115,2.180753066,0,0,2.077212387,1.114401639,2.303985706,0,0,0,2.040171115,0,2.274571821,0,0,0,0,2.077212387,1.831079317,1.831079317,0,0,0,0,0,0,1.9616995,0,1.920026803,0,0,1.680797114,0.777929403,1.437175032,0,0,0,0,0,0,2.077212387,0,0,0,0,0,0,0,0,0.634828559,0,0,0,0,0,0,2.79726702,0,0,0,2.464328356,0,0,0,0,0,1.437175032,1.733440848,0,1.437175032,0,0,0,0.267103779,0,1.9616995,0,0,0,0,0,0.467774474,0.777929403,0,0,3.73630589,0,0,0,0,1.205373418,2.413684623,0,0,0,0,0,0,0,0,0,0,0,0,0,0,0,2.180753066,0,0,0,0,0,2.360338643,0,1.437175032,0,0,0,0,0,0,0,0,0,0,0,0,0,0,0,0,0,0,0,0,0,0,0,1.625227263,0,0,0,0,0,0,0,0,0,0,0,0,0,0,0,0,0,0,0,0,1.566386763,0,0,0,0,0,0,0,0,0
6.650451856,6.288978318,5.35351767,6.244746219,4.273499757,4.660956827,0,5.069153645,3.844442467,5.004770996,5.764247487,5.090742764,1.523115193,0,4.739826514,4.108641408,3.844442467,5.512599614,3.911133842,4.57277243,0,4.786395775,3.696022462,3.528968378,0,3.795519668,4.290623464,3.536214786,5.474878527,3.421585617,2.86095717,4.049924334,4.317425738,2.740511017,5.829733634,0,3.645538557,0,3.536214786,4.058526538,1.208034146,4.467554172,5.603397377,3.437650219,0,3.996696693,2.740511017,0,3.445586769,2.942635201,0,0,3.795519668,4.245476908,0,3.891083045,2.87504191,3.030191092,0,4.179397828,0,4.08806455,2.306646435,0,2.929477117,2.691320773,2.306646435,2.56615763,0,3.521669075,1.955248548,0,0,2.40083365,3.254531532,3.310359981,2.023071144,3.795519668,2.740511017,0,1.673397396,3.767269202,4.297391679,0,0,3.264055413,0,3.235207259,0,2.832178206,0,3.702157451,0,2.40083365,3.225403259,0,2.772009684,3.854996655,3.235207259,0,2.639585099,1.673397396,2.444796773,0,0,0,2.354848536,1.131073105,2.888931022,3.461273365,0,2.639585099,0,2.146303785,2.756384366,0,0,3.328297682,0,3.461273365,0,0,0,1.467545341,2.546926268,0,0,0,3.292094633,1.575758926,0,2.787394603,3.860232269,3.205502105,0,0,0,0,1.71885977,0.109421857,2.639585099,2.902629867,1.882489193,0,3.018142754,2.331037888,0,1.71885977,0,0,2.639585099,2.023071144,1.762344882,0,2.256002702,0,0,1.989734724,3.292094633,0,1.27949311,1.919530465,0,2.116889899,0,1.882489193,1.27949311,0.956719718,0,0,0,0,0,0,0.856636259,0,1.844022913,0,0,0,0,2.116889899,2.423056786,0,2.023071144,0,2.256002702,0.745410624,1.625769347,2.281645132,0,0,0,1.804017578,0,1.919530465,0,0,0,2.942635201,0,0,1.408704841,0,1.047691496,0,1.762344882,0,1.804017578,0.109421857,1.131073105,0,0,0,2.378105399,0,0,2.055332006,0,0.856636259,0,0,0,3.625930085,0,0,0,0,3.065488874,0,0,0,0,0.956719718,0,0,0,1.523115193,0,1.27949311,0,0,0,1.131073105,0,0,0,3.132553105,0,0,0,1.047691496,0,0,0,0,3.053860836,2.202656721,0,2.055332006,0,0,0,0,1.408704841,0,0,0.620247481,0,0,2.585026114,0,0,0,0,1.762344882,0,0,2.055332006,0,2.444796773,0,0,0,0,0,0,0,0,1.762344882,1.673397396,0,0,0,0,0,0,0,0,0,0,2.639585099,0,0.310092553,0,0,0,0,0,0,0,3.076983254,0,0.477146637,0,0,1.523115193,0,0,0,0,2.229685393,1.047691496,0.956719718,0,0,0,0,0,0,1.408704841,0,0.477146637,0,1.208034146,0,0,0,0,0,0,0,2.423056786,0,1.467545341,0.477146637,0,0,0,0,0,0,1.575758926,0,0,0,0,0,0,0,0,0,0,0,0,1.989734724,0,0,0,0,0,0,0,0,0,0,0,1.131073105,0,0,0,0.856636259,0,1.882489193,0,0,0,0.745410624,0,0,1.673397396,0,0,1.762344882,0,0.310092553,0,0,0,0,0,0
6.414090756,4.878557516,5.545886529,5.594415269,4.048727348,5.375185918,0,5.488747109,4.17846367,4.060205236,5.088907175,4.976781234,2.102817199,3.823055351,3.671012153,4.804110618,4.434274382,3.882722169,4.398306469,3.989274478,1.439522982,4.102110809,4.037116187,4.711846641,0,2.470541979,3.815795791,0,4.518911336,2.286820842,3.67521384,2.749444364,4.504378837,3.666792738,5.306220403,0,4.489632026,1.357844951,3.418493993,3.208140922,3.49163363,4.131762577,3.450496724,3.700059839,4.001451189,2.749444364,3.345427796,3.3037551,3.740145366,2.770387538,1.314359839,0,3.486583114,3.623589475,0,3.450496724,3.671012153,3.402100183,2.122817866,3.823055351,3.187869958,2.018556856,2.840416142,1.171258995,0,3.63238074,0,4.306753211,2.637596064,4.526099148,2.576601551,0,3.094946007,3.194672705,3.601267119,2.780696908,4.527888057,2.660988944,3.025150246,0,3.374165406,3.671012153,2.319881704,1.712389968,0,2.511643655,0,2.850031601,3.279138472,0,0,3.545568269,2.427678275,3.967601803,2.269871284,0,3.064525411,3.214807614,0,2.576601551,3.351241766,3.064525411,1.741803854,0,2.21722755,0,0,0,2.161657699,3.131714855,2.470541979,0,0,2.811002257,0,0,0,2.427678275,0,3.072217756,0,2.470541979,0,2.660988944,2.398046477,0,1.550748617,0,2.470541979,0,0,1.399517647,2.235085168,1.825185463,0,3.124468447,3.531144942,2.868989515,2.511643655,0,0,3.755740224,1.682084619,0,1.515030534,2.850031601,0,1.399517647,1.004204911,2.695083155,2.367509753,2.21722755,2.442171282,0,0,0,0,2.336011086,1.221269416,0,0,2.427678275,0,0,0,0.452136328,2.252629477,0,0,0,0,0,0,0,1.550748617,0,0.726573174,2.252629477,0,0,0,0,2.850031601,0,1.712389968,0.643191565,2.382894672,0.643191565,1.902146504,0,0.874993179,0,1.902146504,1.973605468,2.551122466,0,1.004204911,0,3.017085686,0,0,0,1.650832075,0,0.874993179,0,2.269871284,0,1.550748617,0,2.199045231,0,0,0,2.470541979,0,0,2.199045231,0,0.874993179,0,0,2.790901078,2.252629477,1.585234793,0,0,0,1.221269416,0,0,0,0.726573174,0,0,1.399517647,1.515030534,1.515030534,0,1.439522982,0,0,0,0,0,0,0,0,0,2.018556856,2.082408328,1.650832075,0,0,0,0,2.576601551,0,0,0,1.357844951,1.585234793,0,0,0.340910693,0.21574755,0,0.643191565,3.793695444,0,0,0,0.643191565,0,0,1.221269416,0,0,0.874993179,0,0.552219787,1.357844951,2.367509753,0,0,0,0,0,0.643191565,1.004204911,0,0,0,0,0,0,0,0.941684554,0.941684554,0.552219787,0,1.399517647,0,0.340910693,0,0.452136328,0,0,0,0,0,0,0,0.340910693,1.851502771,0,0,0,0,0,0,0,0.874993179,1.741803854,0,2.319881704,0,0,0,0,1.063045411,1.439522982,0.643191565,0,0.874993179,2.199045231,0,0,0,0.941684554,0,0,0,0,0,0.452136328,1.063045411,0.726573174,0,0,0,0,0.643191565,0,0,0,0,0,0,0,0,0,2.728053174,0,0,0,0,1.477989263,0,0,0,1.063045411,0,0,0,0,0,0.552219787,0,0,0,0,0.803534215,0,0,0,0,0,0,0,1.063045411,0,2.728053174,0,0,0.552219787,1.357844951,0,0,0,0,0
7.678760501,6.605546834,5.233830864,6.494605159,5.881967406,5.51175093,0,6.561963369,6.342437976,5.640088679,4.826381235,6.409737012,0,1.461466358,5.317466208,5.55293322,4.672031886,2.668881507,5.769716531,3.562230669,2.513011136,5.517738972,4.420320001,5.378305334,0,4.752181574,4.338337429,3.72538231,2.689290378,0,4.95797392,3.801280793,5.081660775,4.951684591,4.704866573,0,5.425230833,0,5.618731754,4.492765463,3.175574893,0,4.387589807,4.640955939,0,2.268557798,4.720888277,3.200116002,4.68584426,2.748130878,2.984519656,3.387475353,3.407376507,0,2.268557798,2.64804742,4.581854547,4.361371077,2.356850405,0,0,0,3.890228279,1.59067809,0,4.739261498,3.124608449,2.268557798,0,4.122449048,3.150416333,0,3.367170087,0,3.387475353,1.900833018,1.807742595,0,4.294679702,0,4.274187182,4.496087725,2.78551841,3.377374257,0,0,0,2.356850405,4.078106809,0,5.064900606,1.855370644,2.268557798,5.813300369,3.943495308,0,0,0,0,0,3.983048486,1.705088441,0,1.313046353,3.643246613,0,0,0,1.64951859,4.004967172,0,2.463618381,0,2.025996161,0,0,0,0,0,0,0,0,0,3.464808556,0,2.748130878,3.258956502,0,0,1.138692966,0,0,0,0.802220729,0,0.927383872,2.969367851,3.446028662,1.757732174,0,0,3.270320261,3.346443956,0,1.985990826,3.896288903,0,3.801280793,3.387475353,2.536821785,0,0,3.16307473,0,0,3.57063408,3.807903334,0,0,0,1.390007394,3.346443956,0,0,0,2.384629969,2.384629969,0,0,0,0,0,1.528157733,0,0,0,0,0,0,0,0,0,0,0,0,0,0,2.137221796,0,0,0.927383872,0,1.038609507,0,3.235834085,0.802220729,2.605030035,0,0,0,0,0,2.668881507,0,2.411658642,0,0,0,2.728899516,1.705088441,3.97190631,0.659119886,0,2.356850405,0,0,0,0,0,0,0,0,3.111450365,1.64951859,0,0,0,1.528157733,0,2.536821785,0,0,0,1.229664744,0,0,0.659119886,0,1.390007394,0,0,0,2.748130878,0,0,0,0,0,0,1.855370644,0,1.59067809,0,0,0,0,0,0,0,1.59067809,0,0,0,1.461466358,0,0.492065801,0,0,0,0,0,0,1.59067809,0,0,0,0,0,0,1.705088441,0,0.802220729,0,0,0.659119886,1.705088441,0,0,3.325279145,0,0,0,3.258956502,0,0,0,0,0.492065801,0,1.313046353,0,0.927383872,0,0,0,0,0,2.268557798,0,2.938357615,0,0,0,0,0,0,0,0,0,0,0,0,0,1.94431813,0,1.64951859,0,0,0,0,0,0,1.59067809,0,0,0,0,0,0,2.268557798,0,0,1.528157733,0,0,0.492065801,0,0.927383872,0,0,0,0,0,0,0,0,0,0,0,0,0,0,0,0,0,0,0,0,0,0,0.802220729,1.528157733,0,0,0,0,0,0,0,0,0,0,0.291395105,0,0,0,0,0,0,0,0.492065801,0,0,0,0,0,0,0,0,0,0,0
6.545230617,5.553256799,5.783129023,4.212723215,4.747666204,5.897477008,0,4.830267655,4.766974929,5.907205708,4.714632647,5.093149592,1.523904376,4.140853214,5.162027448,4.340168161,5.259141495,1.836776697,4.146796768,3.291566293,2.359471896,3.365425354,6.14144669,3.89548234,3.940182519,1.975889499,2.725834278,0.576523057,3.181160162,1.922543519,3.887834119,4.237381998,3.531981431,3.782686846,4.269342109,4.776491258,4.428907796,0,2.761982792,1.775218804,2.026533232,2.522433206,0,3.925503356,0,2.491896482,3.116881011,2.164683571,3.434202453,1.922543519,0.999379907,3.378287268,2.925388902,1.56390971,1.24300199,3.365425354,3.422044248,2.304912912,2.80823381,0,0,0,2.476271164,2.552065003,0,2.964802871,0,0,2.60881782,0,2.738029551,0,3.002722106,0,1.675135345,0,1.742957942,2.552065003,2.622516664,4.305382045,2.773747634,1.602375991,0,0,3.621045494,2.164683571,2.773747634,2.552065003,2.983942211,1.187432139,2.580843968,2.026533232,2.074735334,0,1.806471347,0,4.435589335,2.142943584,0,3.100144219,0,1.775218804,2.566558011,2.394258012,0.927920943,3.141472414,2.925388902,0,1.675135345,2.164683571,0,1.806471347,0,2.725834278,3.403525201,0,0,2.120720447,2.863192694,1.894763955,1.639417263,1.24300199,2.675509194,2.925388902,0,2.026533232,2.247204594,6.035660542,0,0,3.580119067,0,1.24300199,0,1.894763955,1.438746567,0.999379907,2.286044428,1.523904376,0,2.993376243,0,2.819469883,2.026533232,0.576523057,0,0,1.709621521,1.482231679,1.975889499,0.999379907,1.836776697,1.56390971,0,0,0,1.56390971,0,1.128591639,1.866190582,1.393284193,1.345656144,0,0,0.197033435,0.197033435,1.438746567,0,0,2.32343196,2.884357506,0,2.688329883,0,1.709621521,0,1.806471347,0,0,0,1.975889499,0,0,0,1.894763955,0,1.482231679,0,1.949572191,0,2.00153193,1.56390971,1.975889499,1.639417263,1.128591639,1.187432139,2.185960969,0,0,2.580843968,2.304912912,1.482231679,0.465297422,0,1.602375991,1.602375991,0,0,0,0,2.566558011,0.576523057,0,0,1.482231679,1.393284193,0,0,0,0,2.713488442,4.757367169,0,1.949572191,0,0.676606515,0,1.709621521,1.24300199,0,0,0.576523057,0,1.295645724,0,1.187432139,1.393284193,1.128591639,0.850959902,1.393284193,2.507281401,0,0.340134279,0,0,0,0.767578293,1.56390971,1.56390971,1.709621521,0,0,1.775218804,0,0,0,0,0,0,2.341614279,0,0,0,0,1.295645724,1.806471347,0,0.576523057,0,2.341614279,0,0,0,0,0,0,0,0,0.999379907,2.304912912,0,0,0,0,0.340134279,0,0,0,0.576523057,0,1.295645724,0,1.709621521,0,0,0,0,0,0,0,0,0,0,0,0,0,0,0.02997935,0,0,0,0,0,0,0,0,0,0.676606515,0,0,0,0,0,0,0,0,0,0,2.688329883,0,0,0,1.187432139,0,0,0,0,0,0,0,0,0,0,0,0,0,1.438746567,0,0,3.725653848,2.830581109,0,0,1.187432139,0,0,2.713488442,0,2.894774266,0,0.465297422,0,0,0,3.716583491,0,0,0,0,0,1.675135345,0,0,0,0,0,0,0,0,0,0,0,0,0.999379907,0,0,0,0,0,0,0,0,0,1.742957942,0,0,0,0,0,0,0,0
6.573548519,5.657531922,7.373143177,5.294769178,5.280218656,5.354659684,0,5.124845822,5.836115727,5.392285482,3.989779418,4.885027044,0,0,5.040448641,3.499721313,4.598333602,3.523159886,3.391281842,5.946013127,0,3.646504434,5.516467167,3.491784764,0,3.980046981,2.477191331,5.080287934,4.435582141,4.708032519,3.382432227,3.68006463,3.855209783,3.442795377,0,0,3.632758513,0,2.283819938,1.816479426,0,0,0,0,4.806878354,4.086629244,0,0,3.546061651,3.855209783,0,2.745455318,0,3.673442089,0,4.634560073,2.561451675,2.711263953,3.611778722,0,5.456861227,0,1.72753194,0,0,2.871606603,4.099729868,3.175817978,0,0,3.308666077,0,2.581452342,0,3.229022014,3.142481557,1.858152123,2.561451675,2.283819938,2.229011702,2.109466551,2.043869269,0,0,0,0,0,3.604686494,0,3.950268105,0.163556402,2.915091715,3.750157007,0,2.229011702,0,0,0,0,2.856680953,0,0,1.72753194,2.601060813,1.858152123,0,0,0,3.035236027,2.229011702,5.979012754,3.269636733,5.342213973,2.043869269,3.131117799,0,0,2.601060813,2.283819938,0,4.447908954,1.462839386,0,2.009383093,0,3.142481557,0,3.459393268,0,0.799545169,0,3.107995381,4.533004254,0,1.97366501,3.756291996,0,0,3.218605253,0,3.269636733,0,2.200438329,2.360780979,0,0,0,1.18520765,0,0.674382026,2.200438329,2.385172432,1.816479426,0,0,4.270780627,0,1.772994314,0,0,0,1.521679886,0,2.171024444,0,0,0.799545169,2.675862026,0,2.200438329,3.499721313,0,0,0,2.432239943,0,0,0,0,0,4.059901595,0,0,0,3.060082025,0,0,0,2.561451675,1.262168691,0,0,0,2.009383093,0,3.590349331,0,2.077205689,0,2.943065567,4.800440563,0,0.531281182,4.571629746,0,0,0,0,0,2.620292175,0,0,3.51540791,1.010854262,0,0,0,0,1.577249737,3.336969853,0,0,0,1.462839386,2.956764411,2.970278131,0,1.858152123,0,0,2.541042803,3.364494526,0,0,0,1.577249737,2.200438329,0,0,2.360780979,0,0,0,2.256791266,0,0,1.333627655,0,2.077205689,2.900805758,0,0,0,0,0,0,0,1.679903891,0.799545169,1.816479426,0,2.283819938,0,2.983611661,0.910770804,1.262168691,4.780874722,1.629893471,0,0,0,0,0,0,0,0,0,0,1.72753194,0.364227097,2.996769746,1.333627655,0,2.385172432,0,0,0,0,0,0,0,0,2.871606603,0,0,0,2.310137247,0,0,1.18520765,0,2.675862026,0,1.262168691,0,0,0,0,0,0,0,3.686643601,1.521679886,1.679903891,0,0,1.400319029,0,1.577249737,0,0,0,0,0,3.706124737,0,0,0,0,0,0,1.72753194,0,0,0,1.936623738,0,0,0,0,0,0,0,0,0.910770804,0,1.772994314,0,0,0,0,0,0,0,2.561451675,0,0,0,0,0,0,0,0,0,0,0,0,0,0,0,0,0,0,0,0,0,0,1.72753194,0,0,0,0,0,0,0,0,0,0,0,0,1.101826041,0,0,0,0,0,0,0,0,0,0,0
6.626533321,6.433913634,6.187385283,5.752631852,6.356110644,5.987462144,0,4.893266266,5.405224393,4.891375906,4.862583131,5.435327,0,3.45363886,5.220523097,3.998923649,4.676945468,0,3.881429255,3.736328411,0,4.753645957,5.307818073,4.643569307,2.102573191,5.259246226,4.674598049,3.788972144,3.855111947,3.9755581,3.932072988,4.232634723,5.165964113,3.641918726,0,0,4.250751161,0,3.760068398,4.483542812,3.970818754,0,4.557549174,3.270520173,4.191584183,3.891765264,2.637716122,3.221490745,3.492706328,0,0,2.997090123,4.15274435,4.272066355,0,3.615161277,3.19087611,2.848166846,0,0,3.621918059,4.445857194,3.009590286,1.689386036,3.628629494,2.803383244,2.582146271,2.637716122,0,1.820006219,3.661527198,4.168461766,2.394094039,0,2.891030551,0,2.190865798,2.13287854,2.102573191,0,3.648497697,3.379224374,3.84976434,2.322635075,0,0,0,3.081477515,2.862659854,3.552203427,4.030744515,2.071320647,2.543306437,0,3.081477515,0,1.362173125,1.424693482,0,0,0,3.231490829,3.046179733,2.543306437,1.778333522,0,0,0,1.539103833,2.655573739,2.41682229,0.972708358,0,1.73484841,3.387771435,0,0,3.680758559,0,0,2.876945811,3.115571726,0,2.245674034,2.582146271,2.637716122,2.673118049,0,2.394094039,1.147061745,0,2.655573739,2.523305771,0,0,2.347026528,0.493135278,2.347026528,2.297633773,0,3.429444131,0,2.740370276,0,0.8726249,2.297633773,0,1.424693482,0,1.820006219,0,2.245674034,1.898477834,0,1.689386036,2.562914909,0,0,2.162292425,2.904919663,4.124630048,2.673118049,0,1.539103833,0.761399265,0,2.102573191,2.394094039,0,2.071320647,0,0,0,0,0.493135278,0.761399265,0,0,0,0,0,0,2.297633773,0,1.689386036,2.723976466,1.295481751,0.761399265,0,0.8726249,0,0,0,2.619533803,1.483533982,1.971237188,0,0,0,0,0,0,1.224022787,0,0.761399265,0,0,0,0,0.761399265,1.063680137,1.591747567,2.562914909,1.778333522,2.740370276,0,0,0,0,0,0,0,0,0,1.224022787,0,0,1.73484841,0,0,4.221605199,0,0,0,0,0,2.005723365,0.636236122,1.820006219,1.539103833,0,0,2.13287854,0,0,0,0,0,0,0,0.8726249,1.063680137,0,0,0,0,0,0,0.636236122,0,0,0,0,0,1.641757987,1.641757987,1.971237188,0,0,0,0,0,2.958623842,0,0,0,0,1.424693482,0,0,0,1.820006219,0,0,0,2.601014755,2.876945811,0,2.904919663,0,0,0,0,0,0,0,0,0,0,1.224022787,0,1.971237188,0,0,0,0,0,0.761399265,0,0,0,0,0,0,0,0,0,0,1.591747567,0,0,0,0,0,0,1.539103833,0,0,0,2.218645362,0,0,1.147061745,0,1.641757987,1.224022787,0,0,0,0,0.8726249,0,0,0,0,0,0,0,0,0,0,0,0,0,0,0,0,0,0,0,0.125410498,0,0,0,0,0,0,0,0,0,1.424693482,0,0,1.063680137,0,0,0,0,0,0,0,0,0,0,0,0,0,0.493135278,0,0,0,0,0,0,0,0,0,0,0,0,0,0
4.489606105,3.883292413,6.844279267,5.205439566,3.51339088,4.726107217,0,5.003841065,2.26204334,4.674237337,5.877233622,4.567594327,3.976643728,4.257618867,4.128499952,3.655736008,2.834308629,6.399820348,2.856408976,5.320610952,0,3.313349511,3.703706836,4.2358493,0,2.566903749,4.355006907,1.821310093,4.325264937,0,2.112830941,0,2.47523656,0,0,6.577946039,2.867278648,0,2.969932802,3.839285312,4.650896959,3.573848849,0,2.715827025,3.530245211,4.062019782,0,3.226652649,2.740673024,4.514897232,0.21187218,0,3.749481417,2.960128802,0,4.4831821,2.157782329,2.776821538,0,3.347366396,3.278134605,4.307497973,1.497070424,3.49046724,2.426046316,1.689974091,0,3.973072296,2.609767453,0,2.221633801,1.689974091,0,0,3.771606214,2.960128802,2.899196251,2.764916635,2.179522316,0,2.391854951,1.310484469,2.845419854,2.157782329,3.951371625,0,0,3.148181033,2.491109909,2.69034794,0,3.843366951,3.455065313,0,1.724460267,0,3.054094594,1.538743121,4.523187435,4.598694987,0,1.654256008,3.063023225,3.694295002,1.408122938,3.524658605,3.270940329,0,2.63735541,0,4.084674472,3.063023225,2.409096758,0,2.300883173,0,0,1.453585313,2.537271951,2.300883173,2.016370675,3.535800781,2.867278648,0,3.008214988,2.356453024,1.881029327,3.089340533,1.757796687,1.202270884,0,2.728327188,2.823072555,0.782417039,0,1.689974091,0,0,2.47523656,0,2.135559192,0,1.310484469,3.940342102,0.865798648,1.689974091,0,0,0.782417039,1.360494889,0,1.881029327,0.942759689,0,2.888669838,0,0,2.300883173,2.26204334,0,2.300883173,0.69144526,0,2.338270705,0,0,0.480136167,1.408122938,0,3.535800781,1.257840735,0,0,0,1.014218653,0,1.080910027,2.200799714,3.29236972,0,0,0,0,0,2.47523656,2.442713368,2.041371977,0,2.179522316,0,0,0,2.26204334,0.865798648,0,2.200799714,0,0,1.654256008,2.800214417,0,1.617214736,0,0,1.014218653,0,1.689974091,2.998780956,0,0,0.942759689,1.538743121,2.179522316,0,0,1.257840735,0,0,4.506537726,3.063023225,0,0,0,0,0,3.299412003,0,2.459107178,0,0,0,2.650869129,0,0,1.964410936,1.310484469,0.591361802,1.757796687,0,2.089574079,0,0,1.143430384,1.9096027,0,2.800214417,1.143430384,0,1.617214736,0,0,0,2.764916635,0,0,0,0,1.453585313,1.453585313,1.453585313,0,0,0.865798648,0,1.257840735,0,0,2.442713368,0,0,2.041371977,0,0,0,0,0,0,0,0.865798648,0,1.821310093,0.354973024,0,0,0,0,0,0,0,0,1.257840735,0,0,0,2.26204334,0,2.179522316,0,1.851615442,0.942759689,0,0.69144526,0,1.143430384,0,0.354973024,0,0,0,0,0,0,0.942759689,1.497070424,0,0,0,0,0.942759689,0,0,0,0,0,0,0,0,0,0,0,0,1.080910027,0.69144526,0,0,0,0,0,0,0,0,0,0,0,1.143430384,0,0,0.354973024,2.112830941,0,0,0,0,0,1.990728245,0,0,0,0,0,0,0,0,1.538743121,0,1.310484469,0,0,0,1.538743121,0,0.591361802,0,0,0,0,0,0,0,0,0,0,0,0,0,0,1.538743121,0,0,0,1.617214736,0,0,0,0,0,0,0,0,0,0,0
6.247631299,7.278977219,5.257201319,5.220407871,5.003068002,5.464122035,0,4.774085277,5.035015164,4.990283737,4.49553031,4.81749487,3.264223659,5.341152005,3.098628896,3.905866151,5.448875103,6.718980841,4.926840637,4.43761304,0,4.222203479,4.998824714,4.593713902,0,1.717062676,3.720580374,2.141219917,1.921158032,4.040190041,3.673696789,5.481766957,3.433746119,3.803554776,0,0,3.17172078,2.037230204,3.89310002,3.511961865,4.310626289,0,0,3.135842492,3.673696789,3.303598824,3.745707325,2.922920495,3.867068182,0.882264978,1.357688675,5.750133821,2.956256915,0,4.913036737,3.875820973,3.069780742,2.709615393,0,0,3.725656527,3.58450121,0.882264978,2.911556736,3.812878853,2.474158581,0,0,3.849329357,2.212678881,3.560901294,3.197809216,3.040075587,0,3.280160251,2.419599597,2.606583167,2.840520963,3.377982544,4.543594481,2.840520963,2.212678881,0,0,3.39221766,0,0,2.790195879,2.790195879,2.790195879,3.231567696,2.037230204,3.079489556,0,3.069780742,0,2.116218615,2.341890613,0,3.214830904,2.790195879,0,1.824308206,1.921158032,0.882264978,2.790195879,1.410332409,3.951328525,1.507970878,2.695530653,0,2.723504505,3.935034886,0,0,0,0,1.596918364,4.076491668,2.637119891,1.302118824,3.214830904,0,2.695530653,3.059976742,2.777208684,0.7912932,0,2.361891279,0,0,0.144666035,1.857644627,1.302118824,3.098628896,1.78982203,1.042607629,2.777208684,2.257630269,0,0,0,2.189422019,2.542561308,0,0,0,1.507970878,0,1.114066593,0,1.980877267,2.00945064,0,2.189422019,0,0,1.638591061,1.596918364,3.849329357,0,2.189422019,0,1.638591061,0,0.7912932,1.754103948,0,0,1.78982203,0,0,0,0,0,0,3.197809216,0,0,0,3.377982544,0,1.951463382,0.691209742,2.064258876,0,1.553433252,0,2.508944697,0,1.596918364,0,0,1.507970878,1.180757967,1.78982203,0,2.709615393,0,2.750717069,0,0,0,0,1.114066593,0,1.754103948,0,0,0.144666035,1.951463382,2.361891279,0,0,0,0,2.5750845,0,0,2.321481741,0,0,0,0,1.507970878,0,0,0,1.180757967,0,0,2.00945064,1.857644627,0,0,0.882264978,1.889905489,1.638591061,0,2.235407132,0,0,0.579984107,2.235407132,0,0,0,0,2.189422019,0,0,1.889905489,0,0,0,0,0,1.302118824,2.491702891,1.638591061,0,0,1.243278324,0,1.302118824,1.357688675,1.553433252,1.507970878,0,0,0.144666035,0,0.579984107,0,0,1.553433252,0,0,0.882264978,0,0,0,1.460342829,0.144666035,2.5750845,0,0,2.16561137,0,0,0,0,0,0,0,0,1.243278324,0,0,0,0,0,0,0.144666035,0,0,0,0,0,0,0,0,0,1.042607629,0,0,0,0,1.357688675,0,0,0,1.507970878,1.180757967,0,0,0,0,1.754103948,0,1.410332409,0,0,0,0,0,0,0,0,0,0,0,0,0,0,0,0.579984107,0,0,0,0,0,0,0,0,0,0,0,0,0,0,0,0,0,0,0,0,0,0,2.064258876,1.114066593,0,0,0,0,0,0,0,0,0,0,0,0,0,0,0.965646587,0,1.507970878,0,0,0,0,0,0.7912932,0,0,0,0,0,0,0,0
6.853158451,7.159236098,6.005511261,6.094939973,4.406414073,5.305923328,0,6.021885187,4.041710444,5.522026772,5.134496059,5.112338579,3.790396015,4.774371574,5.527958573,4.347206752,4.885266485,2.566620584,4.668429156,3.606392372,1.673860349,4.817411004,5.080469418,5.068056535,0,5.841786721,4.87395628,0,2.547389222,2.889393976,4.555147035,5.541664123,5.333837762,4.496069456,3.372245748,2.861420124,3.337610251,0,4.267030274,4.640091958,5.18990796,4.879627372,1.279956064,2.994064599,0,1.131536058,3.606392372,4.618299328,4.245939862,2.331500841,2.087047503,5.653759324,3.779128291,0,0.857099213,2.740973971,4.12125026,3.05432379,0,4.534065885,1.919993419,4.35679149,2.90309282,2.05579496,3.133016059,3.871084927,0,2.445259727,3.337610251,3.63297201,3.960032413,0,3.264518367,2.889393976,2.740973971,2.35531149,2.585489068,2.307109388,3.363698687,1.04815445,3.807063068,3.49239006,0,1.919993419,4.015218828,0,0,2.378568352,3.301731963,2.35531149,1.919993419,1.468008295,2.087047503,0,3.543872015,0,2.175340111,2.507780084,3.346382237,4.990158287,3.195863962,0,1.131536058,2.35531149,2.657592362,2.117352853,1.346647438,0,1.6262323,0,0,1.804480532,0,0,3.906621661,0,0,0,0,1.673860349,1.04815445,1.6262323,2.507780084,2.023534098,1.468008295,2.547389222,0.620710435,1.04815445,1.523578146,0,2.35531149,1.523578146,3.154407249,0,1.919993419,0,3.59963559,3.195863962,0.957182671,0,3.997159647,2.75684732,2.724844589,2.772472638,0.310555506,2.466537125,0,2.75684732,0,3.042558949,1.6262323,2.175340111,2.42351974,0,0,0,0,0,1.57622188,0,0,2.772472638,0,0,0,2.087047503,2.861420124,0,0,1.6262323,0,1.468008295,0,0,0,0,1.57622188,0,0,0,0,0,3.328760636,0,0,0,0,0,1.2084971,1.762807835,1.882952147,1.346647438,0,0,1.409167795,0,1.04815445,0,1.523578146,0,0,1.346647438,0,1.762807835,1.523578146,0,2.087047503,0,1.804480532,0,0,0,0,0.620710435,0,0,1.990197678,0,0,0,0,0,0,0,0,0,0,1.844485866,0,0,0,1.131536058,0,0,0,0,1.919993419,1.57622188,0,0.857099213,0,0,0,0,0,1.346647438,0,1.523578146,0,0,0.957182671,0,0,0,0,0,0,0,0,0.957182671,0,1.279956064,0,0,0.310555506,0,0,1.468008295,0,0,0,0,0,0,0,0,0,0,0,0,0,1.844485866,0,0,0,0,2.05579496,0,0,0,0,0,0,0,0,0,0,0,0.745873578,0,0,0,0,0,0,0,0,0,0,0,0,0,0,1.346647438,0.310555506,0,0,0,2.604008116,0,0,0,1.409167795,1.2084971,0,0,0,0,0,0,0,0,1.804480532,0,1.346647438,0,0,0,0,0,0,0,0,0,0,0,0,1.409167795,0,0,0,0,0,3.245379027,0,0,0,0,0,0,1.2084971,0,0,0,0,0,0,0,0,2.604008116,0,0,0,0,0,0,0,0,0,0,0,0.620710435,0,0,0,0,0,0.857099213,0,0,0,0,0,0,0,0,0,0,0,0,0,0
6.917365905,6.834065343,6.523887391,6.144583717,5.048994862,5.782450698,0,4.899487473,2.890265045,5.209057948,5.493680683,5.026093098,2.254276278,4.955720345,4.145825218,3.838712888,3.975719249,6.06313115,4.497085155,4.031527721,0,4.502313925,3.781405543,4.528055372,0,2.203632545,4.512690153,1.356334685,3.655884874,4.426499553,4.22801431,4.674370021,4.883586078,3.833636735,4.241643141,3.533150391,2.90325224,1.415175185,3.122517312,3.823406467,2.822671754,0,0,3.221119289,0,2.37068663,3.143030852,4.200186427,4.248388529,0.804266103,1.470745036,4.669969574,4.001864529,0,1.57339919,3.491038905,3.888105644,2.622001058,0,0,0,3.984510514,2.688140861,1.751647422,3.153131948,3.743149512,0,0,3.612399762,2.672011479,2.779808049,0,0,0,3.284777141,0,2.587214942,2.434538102,3.48384463,2.90325224,3.293549127,4.09227514,3.173033103,0,4.200186427,4.892451385,0,2.941231489,2.513787474,3.080182949,2.750176252,3.024613097,2.37068663,0,2.750176252,0,2.688140861,1.666489613,3.975719249,5.463226463,3.649787294,0,2.122507001,0,2.325735242,2.953577324,1.621027239,0,2.278667731,0,0,0.424776481,3.533150391,0,2.278667731,0,0,2.150286565,0,2.953577324,1.666489613,2.122507001,0,2.794301057,0,3.173033103,0,0,1.970700988,0,3.163132032,1.52338877,2.454946974,0,0,2.00296185,2.822671754,3.352888567,2.719639528,0,2.278667731,0,3.047212929,1.52338877,1.227122954,0,0,1.867160309,1.57339919,2.822671754,2.064519743,2.47494764,2.122507001,0,0,0,0,0,2.434538102,3.637479447,0,2.90325224,0,0,0,1.470745036,2.890265045,0,2.348463493,0,2.587214942,3.447075782,0,0,0,0,0,0,0,0,1.356334685,0,2.863773429,0,1.867160309,0,1.356334685,0,1.970700988,2.278667731,1.470745036,0,1.470745036,1.52338877,0,1.470745036,1.709974725,0,0,0,0,0,0,0,0.904349561,0,1.470745036,0,0,1.830119037,1.867160309,0,1.970700988,1.293814328,0,0,2.494556112,0,0,0,0,0,0,2.229274976,0,1.52338877,0,1.709974725,1.15566399,1.52338877,0,0,0,2.638950617,0,0,2.47494764,1.293814328,0,0,0,0,0,0,0,0,0,0,0,0,0,0,0,0,0,0,0,0,1.356334685,1.970700988,1.937364567,1.621027239,0,0,0,0,0,1.830119037,0,0,0,0,0,0,0,0.995321339,0,1.937364567,0.057051701,0,1.709974725,0,0,0,2.064519743,0,2.00296185,0,1.227122954,0,0,0,0,0,0,0,0,0,2.30247838,0,0,1.621027239,0,0,0,0,0,0,0,0,0,0,0,0,0,0,0,0,2.093933628,0,0,0,0,1.52338877,0,0,0,0,0,0,0.904349561,0,0.804266103,0,1.293814328,0,0,0,0,0,0,0,0,0,0.995321339,0,0,0,0,0,0,0,0,0,0,0,0,0,2.00296185,0,1.52338877,0,0,3.573559929,0,0,0,0,0,0,0,0,0,0,0,0,0,0,0,0,0,1.415175185,0,0,0,0,0,1.227122954,0,0,0,0,1.356334685,1.470745036,0,2.254276278,0,0,0,0,0,0
4.465709769,3.876985897,6.65632045,5.469402122,4.699877421,5.694889134,0,5.443900885,4.697403703,3.460916236,4.966177485,5.20946695,4.442011978,3.654193901,3.698874873,4.157256607,4.129237532,4.068407972,4.01350158,4.399556622,2.230294393,2.583313026,4.066082389,4.011044577,0,3.534871896,3.643593095,3.136313574,4.135773503,2.215588246,3.810100508,0,3.465171561,3.839732305,3.456642725,4.934444053,4.182441568,0,3.918314092,4.207007799,4.349973817,4.558106049,0,4.133599589,3.124443999,4.67105337,3.024046273,0,2.851577012,3.592580214,0.806821029,0,0,0,0,4.001155745,3.056516658,2.662171601,3.698874873,4.207007799,3.062886106,2.379217669,1.925433984,3.399358343,0,2.874833874,2.215588246,2.055245595,2.138627204,0,2.990486076,0,2.541422084,0,2.912432288,1.798949837,2.379217669,1.885024446,2.811571678,0,1.654118889,3.069215241,2.353738584,2.106104013,0,2.416258941,0,2.593517196,2.64303226,1.864190359,1.353364735,3.188049249,3.07550457,2.552060482,0,0,2.497699273,4.507000038,0,0,3.465171561,3.915611388,2.690210821,1.453448193,3.106371218,3.242558655,1.752964724,0,2.475099441,2.170125871,3.600029038,0,0,2.170125871,2.138627204,0,0,2.019843668,0,1.280605381,3.01075704,1.964273817,0,2.001661349,3.643593095,2.08943696,1.776221586,0,0,0,3.534871896,2.562586895,2.819701804,2.273158097,1.84291296,3.242558655,0,0,2.941525249,0,0,0,1.925433984,2.353738584,2.001661349,2.874833874,2.200662595,0,2.230294393,2.200662595,3.01075704,2.08943696,1.925433984,2.948668136,0,0,0,1.160461069,2.200662595,2.997288823,2.752731178,0.92123138,0,0,0,2.843702956,1.67976132,0,0,2.735263485,0,0,0.865661529,0,2.18551079,3.030625244,0,0,0,0,0,3.947571498,3.643593095,2.122497822,0,1.627801581,2.08943696,0,1.627801581,0,1.160461069,0,1.515006086,1.752964724,2.055245595,0.744300672,2.230294393,1.2421391,0,0,2.314259773,2.2447874,0.606150333,0,1.071513583,0,0,0,0.744300672,1.387850911,1.704762622,1.654118889,2.259073357,2.001661349,0,0,0,1.071513583,0,0,1.905433317,0,0,2.603618292,0.606150333,1.202133765,3.050106379,2.170125871,1.885024446,1.515006086,0,0,0,0,0,1.752964724,1.116975957,1.116975957,0.354835905,0,0,0,1.752964724,0,0,0,1.821172974,1.572993344,0.973875113,0,1.627801581,0,0,0,0,0,0,0,0.92123138,0,0.143526811,0,0,1.387850911,1.729154075,1.484700737,1.2421391,1.544419972,0,0,0,0,2.391717832,0,0,0,0,0,0.529189292,0,2.019843668,1.023885534,0,0,0,0,0.92123138,1.317646652,0.018363668,1.317646652,0,0,0,0,0,2.230294393,2.055245595,0,1.484700737,1.071513583,0,0,0,0.806821029,1.600772908,0,0,0,0,0,0,1.484700737,0.744300672,1.160461069,0,0,1.071513583,0,0,0.606150333,0,1.821172974,0,1.453448193,0,0,0,0,0,0,0,0.806821029,0,0,0.973875113,0,0,0,1.421187331,0,3.08796579,0,0,0,0.865661529,0,0,1.023885534,0,0,0,0,0,1.983142302,2.055245595,0,0,0,0,0,0,0,0,0,0,0,0,0,0,0,0,0.92123138,0,0,0,1.627801581,0,0.254752446,0,0,0,0,0,0,0,0,0,0,0,0.92123138,0,0,0,0,0,0,1.776221586,0,0,0,0,0
6.134338906,3.498252668,0,5.401265797,6.019498435,5.400312508,0,5.034810657,5.338345784,4.127074297,6.696469268,5.17919361,0,0,3.589779924,5.604877289,5.301132188,0,4.484260183,3.472361254,0,4.533107103,4.579678711,4.78995544,0,1.415611123,3.535874659,5.166019767,2.755995783,5.19571316,3.789920397,0,4.023037909,3.566180009,0,0,2.014729354,0,3.735985758,4.290189301,3.491842389,2.547840023,6.096079049,4.150644412,4.910563474,4.707642085,3.485390754,0,3.813506396,4.239733495,3.122687505,0,0,5.82076567,0,2.547840023,3.228513029,4.063784286,3.10390761,2.28464897,4.432904156,0,4.354637369,3.220109618,3.113341643,2.820953679,4.332688614,2.347169327,0,3.228513029,2.014729354,0,3.624167266,0,2.983158094,0,3.293313022,3.578049584,2.893713033,0,3.094383729,0,0,0,0,0,0,3.293313022,4.332688614,4.102935194,4.301700219,2.857994951,4.349195179,0,3.004322905,0,0.796571915,2.547840023,0,0,2.121497329,2.547840023,2.496981605,0,3.746010904,2.580363214,0,0,3.607121399,3.730935242,0,0,2.714894107,2.68652341,0,0,0,0,0,2.53117297,4.617940552,0,0,1.895184203,3.10390761,2.92819921,0,0,0,0,0,3.755936544,3.10390761,3.253307688,2.742482064,2.443397359,0,2.742482064,0.970925302,0,0,2.782487398,3.465782283,0,2.96153563,0,0,3.141121207,0,1.862923341,2.905341071,1.759382662,1.862923341,1.465621544,0,2.870043289,0,1.415611123,2.820953679,2.939435283,2.742482064,2.014729354,0,0,2.146498632,0,0,2.92819921,0,3.465782283,0,0,0,0,0,0,0,2.479437296,0,0,0,2.014729354,0,1.68387511,1.248557038,3.831982672,2.443397359,0,0,0,0,0,1.307397538,2.845799678,2.769329314,1.643869775,0,0,1.047886343,2.461579678,0,1.643869775,0.696488456,0,1.558711967,0,0,0,0,0,1.926436747,2.042508918,2.972405302,0,3.055354385,2.305926369,0,1.956742096,0,2.367169994,0,0,0,0,1.795100745,2.782487398,0,1.68387511,0,3.83654889,3.694848852,0,0,0,0,0,1.862923341,0.585262821,0,1.465621544,0,0,1.68387511,0,0,0,0,0,1.643869775,0,2.042508918,0,0,0,0,0,0,1.36296739,1.513249593,1.895184203,2.262908984,0,0,2.728783219,1.862923341,1.513249593,2.845799678,0,0,0,0,0,0,0,0,0.316998834,0,2.240685847,1.795100745,0,1.643869775,0,0,0,0,0,3.014739666,0,1.602197079,1.307397538,0,0,0,0,0,0,2.893713033,0,0,0,0,0,0,1.895184203,0,0.316998834,0,1.248557038,0,0,0,0,2.014729354,0.585262821,1.307397538,0,2.095854899,0,0,0,0,0,0,0,0,0,0,0,0,0,0,0,2.367169994,0,0,0,0,0,0,0,2.580363214,0,1.862923341,0,0,0,0,1.119345307,0,0,0,0,0,0,0,0,0,0,0,0,0,0,2.642398605,0,0,2.217957596,0,0,0,0,1.248557038,0,0,0,0,0,2.950546508,1.186036681,0,0,0,0,0,0,0,0,0,0,0,0,0,0,0,0.796571915,0,0,0,0,0,0,0,0.585262821
6.565825745,4.975403327,4.727260544,5.639687997,5.561298808,4.665010545,0,5.2384214,5.881835287,4.717150938,5.175122265,5.661659587,2.27776311,0,5.046095213,5.022666274,4.727260544,3.067984139,5.133563524,5.7322098,0.207983479,3.894938005,4.551788901,4.921663064,0,4.984517974,4.351118205,5.614465119,3.69512329,5.890778009,4.437620702,2.796325716,3.274245903,4.054852389,0,0,2.89530755,0,4.051562913,4.267099349,1.404234237,0,5.494306119,4.895088073,5.272038011,4.175368414,4.118466838,0,3.97631375,4.647008258,0.587473101,2.175633615,3.847591884,0,0,3.492358901,3.059134524,3.867592551,3.736603892,0,4.628675939,3.39560676,2.131670491,4.124611251,3.445152497,2.471347859,4.632369387,3.252505917,0,2.352564323,2.487221208,0,3.515151911,0,3.094072575,3.160487018,2.605878752,3.498106044,3.350144386,0,1.960522235,2.487221208,3.690406301,1.686085389,0,0,0,3.343477695,3.823050775,2.90572431,2.772932836,2.258154638,0,0,1.877140626,0,0,2.131670491,0,0,2.748979595,3.641970683,2.994892255,2.012481974,0,2.455218477,0,0,3.503820345,3.237745501,0,0,2.936338946,1.356606188,3.295523302,0,0,0,0,3.302516337,3.059134524,2.660313958,0,0,4.33635779,0,1.933493563,0,1.720571565,0,0,2.807820095,2.196911013,0,2.605878752,2.196911013,0,3.160487018,1.356606188,0,3.666481714,0,2.2177451,0,2.5483089,0,0,2.438824667,0,1.493181723,2.487221208,2.061874729,2.315862956,0,0,0,0,1.686085389,0,0,1.960522235,1.306595768,0,0,1.404234237,0,0.587473101,1.686085389,0,2.2177451,0,0,0,0,0,0.587473101,0,2.748979595,0,0,0,1.356606188,1.404234237,1.139541683,1.077021326,3.498106044,1.404234237,0,0,1.905713999,0,1.847726741,0.938870988,2.196911013,0.351084323,2.10894224,0,1.449696611,1.139541683,2.563015047,0,2.2177451,0.938870988,1.613326035,1.010329951,0,0,0,1.404234237,0,0,2.334382004,1.720571565,0,1.753907986,2.38796625,0,2.673472043,0,0,0,0,0,0,2.91603368,0.687556559,0,1.198382183,3.350144386,3.39560676,4.000876388,0,1.306595768,0,0,0,1.786168848,1.356606188,0.351084323,1.139541683,0,0,0,0,0,0,0,0,0.938870988,0,1.686085389,1.404234237,0,0,2.37042194,0,0,1.753907986,1.077021326,1.253952034,1.753907986,2.175633615,0,1.613326035,2.487221208,1.449696611,2.619767864,0,0,0,0,0,0,0,0,0,0,0,1.404234237,0,2.471347859,0.778528337,0,0,0,0,2.175633615,0,0.687556559,2.686459238,0,0,0,0,0,0,1.720571565,0,1.198382183,1.753907986,0,0,0,1.905713999,0,0,0,0,0,0,0,0,0,0.687556559,0,1.877140626,1.720571565,0,0,0,0,0,0,0,0,0,0,0,0,3.879403712,0,0,0,0,1.720571565,0,0,0,0,0.778528337,1.53485442,1.986839543,0,0,0,0,0,1.010329951,0,0,0,0,0,0,0,0,0,0,0,0,0.040929394,0,0,0,0,0,0,0.587473101,0,0,1.253952034,0,0,0,0,0,0,0.861909946,0,0,0,0,0,0,0,0,0,0,0,0,0,0,0,0.687556559,0,0,0,0,0,0,0,0
6.774935573,5.04671209,5.462926591,4.413403912,5.731239904,5.855308583,0,5.396177382,5.868810898,5.550392092,5.589568477,5.435725594,2.339932538,0,4.828799589,4.862990953,4.568409658,0,5.023559931,4.328458989,0,3.960734209,4.255453608,4.994514985,0,3.558089977,5.495107585,4.524377388,3.399704993,4.482795906,4.191756247,3.46979737,3.162435739,3.87423631,0,0,4.004940301,0,4.391611282,6.173736568,2.104812795,0,4.713286701,4.722120681,4.142741843,4.097790455,3.788530782,0,3.81937023,3.028306439,1.182479749,3.419313464,3.569294576,5.066851223,0,3.815022397,3.047264353,3.857672785,0,1.860359457,3.379704326,3.008982166,2.906328012,2.530159274,3.699687343,3.037830321,3.719058409,3.265702013,0,0,2.742217993,0,3.45741331,0,3.250492595,3.119694191,2.218571681,3.379704326,2.742217993,0,3.154032328,4.047274665,0,2.648816818,0,0,0,3.187230398,3.25812622,2.514285925,2.576321316,3.546758411,0,0,2.104812795,0,1.976431628,2.545784592,0,0,3.506055118,3.093143959,2.218571681,2.174608557,5.42358847,3.203425084,1.349533833,0,3.162435739,3.618217375,0,0,2.218571681,3.288091008,3.018690981,0,0,0,0,1.349533833,3.983081507,1.948652064,0,1.656264101,3.250492595,1.61779782,2.239849079,0,2.448146122,0,0,2.689918493,2.779722388,0.821466403,2.339932538,1.829106914,0,2.66270593,0.981809053,0,0,0,2.395502389,0,2.003460301,2.029777609,0,2.62044612,2.218571681,2.260683166,1.349533833,2.481762733,2.358801022,0,0,0,0,0,2.75487639,0,2.729397304,1.693305373,0,0,1.349533833,0,1.492634677,2.46509568,0,3.162435739,0,0.904848012,0,0,0,0,0,2.498156543,0,0,0,3.211425126,0,1.976431628,1.447172303,1.920078692,2.301092704,0,0,1.729023455,0,1.492634677,0.730494625,2.301092704,2.128623444,1.890664807,0,0,0,2.634732078,0,1.053268017,0,0,0.821466403,0,0,0,1.577792485,0,0,1.61779782,1.656264101,0,0,2.530159274,0,0,0,0,0,0,3.065869541,0,1.796846052,1.2968901,0,0.630411167,2.281092037,1.492634677,4.110841211,0,0,0,0,0,1.119959392,1.447172303,1.492634677,1.890664807,0,0,2.003460301,0,0,0,0,0,0,0,1.61779782,0,0,0,0,0,0,0,2.029777609,0,2.05542004,1.182479749,0,2.66270593,1.656264101,2.301092704,2.576321316,0,0,0,0,0,3.028306439,0,0,0.981809053,0,0,1.536119789,0,0,1.119959392,1.829106914,0,0,0,1.693305373,0,0.630411167,0,0,0,0,0,0,0,2.339932538,0,1.492634677,1.536119789,3.366144796,0,0,0.630411167,0,0.519185531,0,0,0,0,0,1.763509631,0,1.053268017,1.399544254,0,0,0,0,0,0,0,0.730494625,0.394022388,0,0,0,0,0,2.196831694,0,0,0.08386746,0,0.519185531,1.656264101,0,0,0,0,1.349533833,0,1.796846052,0,0,0,0,0,0,0,0,0,0,0,0,0,0,0,0,0,0,0,3.037830321,0,0,0,0,0,0,0,1.948652064,0,0,0,0,0,0,0,0,0,0,0,0,0,0,0,0,0,0,0,0,0,0,1.182479749,0,0,0,0,0,0,0,0
6.909847314,6.498864741,5.833795375,6.610555112,6.423948205,5.780270895,0,5.616335964,6.528865491,5.431729871,5.625130451,5.469093036,5.160874591,0,4.577026764,4.619803143,4.926495786,0,5.179276491,4.059938071,0,4.633664751,4.774665718,3.569838578,0,4.202806194,4.284128195,4.460153824,2.885202087,5.078653075,4.543161093,4.627747574,3.884919625,4.311640247,0,0,3.586788136,1.640877987,4.178302671,5.182689463,4.457811902,2.471226289,4.181398649,4.759174875,4.560237282,3.614414203,4.124149314,0,4.049411658,1.004889221,3.142774358,4.056441564,0,0,0,3.546782802,3.529135285,3.901414844,2.52123671,2.363012705,4.024410356,0,1.004889221,1.999511796,0,3.296301013,3.2503159,3.060910488,0,2.89643816,3.65185173,0,3.2503159,0,3.032062334,2.584249678,2.712998661,2.400400237,3.116224126,0,3.088949708,2.241651848,1.852187081,2.052857776,0,0,0,2.568864759,3.265880416,2.488175848,4.412240468,3.041771148,0,0,3.125152757,0,0,3.116224126,0,4.107647289,3.820519694,2.174960473,2.400400237,2.79045672,4.220797684,1.883439625,3.151470065,0,2.151703611,3.784398386,2.982051913,0,3.060910488,3.581170144,2.488175848,0,0,0,0,2.283763333,3.65185173,2.685786097,0,2.657812245,0,2.802802555,2.151703611,0,1.852187081,0,3.151470065,2.699484941,3.25812844,0,2.343781343,1.999511796,0,2.907549386,1.971732232,0,0,0,2.940160971,0,2.174960473,0,0,2.078500207,2.752477472,2.873838329,1.004889221,2.418582556,2.5048429,0,0,0,0,0,1.679344268,0,2.553239441,2.103501509,3.486704678,0,2.488175848,0,0.753574792,0.653491334,0,3.265880416,0,0,0,0,0,0,1.515714844,0,0,0,0,3.36853457,3.829349774,2.5048429,1.205559916,1.372614001,1.47025247,0,0,0.844546571,0,2.078500207,1.679344268,1.600872653,2.971742544,1.786589799,0,0,0,0,0,0,1.372614001,0,0.753574792,0,0,0,1.559199956,0,1.47025247,0.653491334,2.078500207,0,0,0,0,1.913744974,0,0,0,0,0,0,0.92792818,2.197688724,0,0,3.168637869,2.151703611,3.151470065,0,0,0,0,0,1.143039559,1.515714844,1.913744974,0,0,0,0.844546571,0,2.5048429,0,1.600872653,0,1.971732232,0,0,0,0,0,0,0,0,0,1.004889221,0.542265699,1.819926219,0,0,2.052857776,0,1.422624421,1.883439625,0,0,0,0,0,3.273572762,0,0,0,0,0,1.786589799,0,0,1.264400416,1.422624421,0,0,0,2.52123671,0,2.52123671,0,0,0,0,0,0,0,1.71638554,0,0,1.143039559,0.106947627,0,0,0,0,0.274001712,0,0,0,0,0,0,0,0,0,0,0,0,0,0,0,0,0,1.515714844,0,0,0,0,1.143039559,2.078500207,0,0,0,0,0.844546571,0,0,0,0,0,2.283763333,0,1.913744974,0,0,0,0,1.205559916,0,0,0,0,0,0,0,0,0,0,0,0,0.753574792,0,0,0,0,0,0,0,0,0,0,0,0,0,0,0,0,0,0,0,0,1.372614001,0,0,0,0,0,0,0,0,0.92792818,0,0,0.92792818,0,2.151703611,2.078500207,0,0,0,0,0
7.070480978,6.222817001,0,5.093623279,6.572385692,5.13059247,0,5.814624692,5.880818469,3.686296596,6.008525535,5.79712303,0,0,4.098486679,5.614703381,5.427543771,0,5.711136585,4.195501473,0,4.682692319,5.138204305,4.982630812,0,3.096889185,5.228763882,5.592083369,3.364294065,5.976251657,4.894712954,4.743580689,4.517267563,4.901941901,0,0,2.287782123,0,4.462906353,5.990903934,2.849737093,2.687767765,6.665496193,3.490114238,4.877639368,4.811541617,4.582136717,0,4.124943248,3.857080868,0,0,3.021095345,0,0,3.822355157,2.904296078,3.771619639,3.233154064,0,4.310306302,0,2.904296078,3.749062291,0,3.923111449,4.459175006,2.921840387,0,0,3.167340846,0,4.087704903,0,3.180854565,3.661705192,4.020452676,3.97296601,3.418655274,0,2.939082194,0,0,2.184241444,0,0,0,3.556805612,4.36105715,3.57507096,3.429181687,3.364294065,0,0,2.849737093,0,0,2.184241444,0,4.939637766,0,2.411014764,3.815262928,1.395784084,5.155122002,3.565979989,0,0,2.571357414,3.111382192,0,0,3.397264084,4.238365178,0,0,0,0,0,2.381600878,4.78220618,0,0,0,3.601858276,0,1.395784084,0,3.111382192,1.010121603,0,2.287782123,2.772028109,0,2.068728557,0,0,0,0,0,0,0,2.595748867,0,3.843334947,0,0,3.180854565,0,1.840469905,3.593008661,2.320042985,2.320042985,0,0,0,0,0,3.857080868,0,2.772028109,1.395784084,0,0,0,0,2.184241444,0,0,0,0,0,0,0,0,0,0,0,0,0,0,1.221430697,1.890480326,0,0,3.096889185,2.254445703,0,0,1.221430697,0,0,0,3.036720663,0,1.544204089,0,0,0,2.027055861,0,2.4673677,1.73225632,0,1.544204089,0,0,0,0,0,0,2.254445703,3.258312624,0,3.021095345,2.439588136,0,2.730785151,0,0,0,0,0,0,2.351295529,0,0,0.88495846,2.287782123,4.256841454,4.140487603,0,0,0,0,0,1.221430697,0.741857616,0,1.938108375,0,0,0.574803532,0,0,0,0,0,0,0,0,0,0,0,0,0,0,1.787826172,1.840469905,1.938108375,3.341694233,2.830868609,0,0,1.840469905,2.027055861,0,0,0,0,0,0,0,0,0,0,0,0,1.121347238,0,0,0,0,1.121347238,0,0,0,0,0,1.983570749,0,0,2.027055861,0,0,0,0,0,0,1.938108375,0,2.108733892,0,1.010121603,0,0,0,0,0,0,0,0,0,0,0,0,0,0,0,0,0,0,0,0,0,0,0,0,0,0,0,0,1.610895463,0,0,2.287782123,0,0,0,0,2.219959527,2.772028109,0,0,0,0,0,0,0,0,0,0,0,0,0,0,0,0,0,0,0,0,2.921840387,0,0,2.147200172,0,0,0,0,2.351295529,0,0,0,0,0,0,0,0,0,0,0.574803532,0,0,0,0,0,0,0,0,0,0,0,0,0,0,0,0,1.395784084,0,0,0
6.942538751,5.732228414,2.459302767,6.776790881,0,6.001817953,0,5.675530461,5.24777704,6.417988528,4.801585256,5.028059236,2.12942034,5.453794602,5.493540304,4.870631078,4.825134225,1.55533252,4.98668294,4.751085927,0,3.945778968,4.210297632,4.482436287,0,0.959349088,4.055429335,3.123097736,4.727416183,2.612272112,5.002400355,4.045328239,4.376468422,4.866173418,3.748011635,0,3.441164545,0,4.662021864,4.31379127,4.831321406,0,0,0,0,3.164770432,3.938274243,0,4.531486631,1.595337854,1.806646948,3.024804387,0,0,5.479122754,3.301866891,3.642397986,3.015370355,1.741049665,0,0,2.106163478,3.052583951,0.959349088,4.107643478,3.243242048,2.40844435,2.706937339,3.748011635,3.243242048,3.350487578,0,2.653944808,0,3.123097736,0,4.024814699,2.354860104,3.301866891,0,4.010901431,0,4.729125585,2.769457695,3.363955795,1.774386086,0,0,3.188965161,2.29824121,5.093033064,2.425686156,1.424712337,2.744916587,2.032960074,0,2.626356852,3.855874711,2.976718201,0,4.175257551,1.513659823,2.538709545,3.079612624,0,2.507699308,1.030808052,4.523127125,2.057961376,2.583493147,3.131572363,0,2.626356852,3.363955795,3.627091565,0,0,1.837899491,0,1.670845407,0,2.106163478,3.19690171,3.428703324,0,3.043409575,2.317472572,0,0,0.959349088,0,1.424712337,0,0,1.097499426,1.097499426,0,3.54683461,2.057961376,0,3.123097736,2.568787,2.258632072,0,1.55533252,2.828298196,0,1.670845407,0,2.491825959,0,1.633804135,2.538709545,0,0,0,3.686959815,1.274430134,0,3.483595152,0,2.174371728,0,0,0,0,2.491825959,0,0,2.29824121,0,0,0,0,0,1.377084288,3.024804387,1.633804135,0,0,0,0,2.12942034,0,2.612272112,1.030808052,1.633804135,0.607951201,1.868204841,1.097499426,0.959349088,0,1.706563489,0,0,2.442635715,1.837899491,0,0,1.470174711,0,0,0.959349088,0,1.030808052,0,1.218860283,0,1.097499426,1.670845407,2.523324626,1.274430134,0,1.868204841,2.538709545,0,0,0,0,1.806646948,0,0,0,0,0,0,0,1.274430134,0,0,0,0,1.030808052,0,0,0,2.336341056,0.799006438,1.218860283,1.55533252,0,0,3.043409575,0,0,0,0.959349088,2.057961376,0.959349088,0,0,0,1.513659823,1.926192099,0,0,0,0,1.327073868,1.327073868,0,0,3.139975774,2.336341056,1.706563489,2.007317643,0,2.612272112,3.601048427,0,0,0,0,0,0,0.607951201,0,0,0.799006438,0,0,0.882388046,0,0.708034659,0.799006438,0,2.057961376,2.317472572,0.799006438,0,0,0,2.793410937,0,0,0,1.837899491,0,0.708034659,0,0,0,0,0,0,0,0,0,0,0.799006438,0,0,0,0.228461579,0,0,0.607951201,0,2.152148591,0,0,1.706563489,1.513659823,0,0,1.670845407,0,0,0,0,0,1.274430134,0,0,0.371562423,0,0,0,0,0,0,0,0,0,0.959349088,0,0,0.496725566,1.633804135,0,0,0,0,0,0,0,0,0,0,0,0,1.097499426,0,0,0,0,0,0,0,0,0.959349088,0,0,0,0,0,0,0,0,0,0,0.708034659,0,0,0,0,0,0,0,0,0,0,0,0,0,0,0,0,2.258632072,0,0,0
7.308462203,5.987300497,5.715769926,6.730334454,5.067162127,6.088875054,0,5.491719071,4.291270056,5.883134012,4.58521389,5.599648146,3.448429028,3.400611153,5.630844972,5.110909676,5.261363494,2.626740761,4.949475463,2.94277806,0,4.387036961,4.866320081,4.449003685,0,5.128466821,4.196462263,3.375816495,4.320975211,3.606463208,4.821996834,4.006375831,4.966672791,4.575176164,0,0,3.992922713,0.843791922,4.88128762,4.317717879,3.375816495,4.853037154,0,4.775617555,3.005298417,3.13046156,3.72535305,0,4.314449902,0.297248216,2.073740213,0,0,0,0,2.980757308,3.88831436,3.946725122,2.293802097,0,2.494472793,0,2.759165347,1.118228768,3.988397818,3.46387335,2.474063921,1.562914589,1.906686128,4.07105354,3.558835159,0,3.333074946,4.115959044,2.711537298,2.216841056,2.862197573,2.216841056,3.241687195,1.510270855,3.695410694,3.878238708,4.705075496,0,1.942404211,2.453229834,0,2.431952436,3.260645108,3.456181004,4.45186083,1.942404211,2.72766668,3.172352501,2.72766668,0,4.099862117,1.266648773,2.833826876,0,0,2.774550266,2.268800795,2.431952436,0,3.075502675,1.706015433,0,1.333340147,3.777088725,0,1.706015433,0,3.151626371,3.358938457,0,0,0,4.037079997,1.869644856,0,0,3.765821,3.883289223,0,2.216841056,2.711537298,0,0,0,0,1.118228768,1.562914589,2.216841056,2.243158365,2.189812384,0,3.537707612,2.474063921,0,3.119708768,3.523370449,1.942404211,2.759165347,0.732566287,3.075502675,0,2.678476436,1.195189809,2.993103144,0.94387538,2.387989312,2.268800795,0,0,2.318193551,0,0,0,0,0,3.212558922,0,0,1.333340147,3.162043132,1.510270855,0,0,0,0,0,0,0,0.843791922,2.243158365,0,0,0,0,0,0,0,0,1.195189809,0,1.612925009,0,0,1.034847159,2.342004199,0,1.333340147,0,2.010226807,1.612925009,2.104045562,0,0,0,0,0,1.118228768,0,1.266648773,0,1.749500544,0,1.454701004,3.593085082,0,0,0,0,0,0,0,0,0,0.843791922,2.72766668,0,0,2.590700825,1.034847159,0,0,0,1.454701004,0,0,0,2.318193551,1.612925009,0,0,2.042487669,1.118228768,1.034847159,0.94387538,0,0,2.494472793,0,0,0,0,0,0,0,0,2.243158365,0,0,0,3.097849974,0,0,0,0,0,0,0,0,0,2.268800795,0,0,0,0.94387538,0,0,2.553313293,0,0,0,0,0,0,1.118228768,0,0,1.831178575,1.118228768,0,0,0,0,1.831178575,0,0,0,0,0,0,1.266648773,1.333340147,0,0.843791922,0,0,0,0,0,0,0,0,2.431952436,0,0,0,0,0,0,0,0,0,0,1.333340147,0,0,2.494472793,0,1.869644856,0,0,0,0,0,0,0,0,0.843791922,2.073740213,0,0,0,0,0,1.118228768,0,0,0,0,0,0,0,0,0,0,0,0,1.660553058,0,0,0,0,0,0,0,0,0,0,0,0,0,0,0,0,0,0,0,0,0,0,0,0,0,0,0,0,1.562914589,0,0,0,0,0,0,0,0,0,0,0,0,0,0,0,0,0,0,0,0
6.200280853,4.02286855,6.453124918,4.578963573,5.520978669,5.953361727,0,4.652537911,5.442256129,4.124604561,4.654078743,4.942338016,5.701627308,5.440855078,3.66474538,3.513007247,4.160551948,2.461462469,4.233488274,2.97779017,1.148290373,3.198461532,4.204948882,3.766995474,0,3.243630501,2.994117063,4.111446476,3.605026146,4.393483506,3.950873451,2.328915813,3.328273144,3.71323973,5.28734679,0.317942071,3.25616985,0,2.927146437,2.737002155,1.245928842,2.404709653,0,4.219320387,0,2.590674201,3.137217907,0,2.873800457,3.018118215,0,0,0,3.071977385,2.737002155,3.478690154,2.540974532,2.747418916,2.194258928,0,0,0,1.527779995,3.115940509,3.740478768,3.071977385,2.96952566,0,2.176076609,2.038605618,2.96952566,0,0,0,2.944314241,2.01732822,2.390003505,2.767932455,2.660878459,4.18791684,1.45502064,0,3.322459174,0,1.198300793,3.356846516,0,3.123083396,2.280519272,2.344541131,3.108746233,3.573773602,1.995588233,2.91845073,1.416554359,0,3.960161443,1.995588233,0,0,1.80221684,2.578478927,0,0,0.981236288,1.775188168,0,2.079848577,0,2.41920266,0,2.683225758,1.148290373,2.626392283,0,0,0,3.115940509,0,1.45502064,2.566133092,2.614627442,1.828534149,1.527779995,2.079848577,3.639586821,2.01732822,0,2.059439705,0,0,1.828534149,2.649514701,0,1.995588233,2.788033635,0,2.157557561,3.789177529,0,0,0,0,2.176076609,1.376549025,0,0,0.981236288,0,1.927379983,0,2.328915813,1.747408604,1.198300793,1.995588233,0,1.973365096,1.198300793,2.079848577,2.280519272,0,0.780565593,0,1.80221684,0,2.827062979,0.049678084,0,0,0,0,0,3.573773602,0,3.137217907,2.119457715,0,0,0,0,0,0,2.590674201,0,1.80221684,2.079848577,0,0,0.852024557,2.099849244,2.344541131,0,1.903569334,0.918715931,1.879177881,1.562266171,1.492061912,0,0,0,2.138689077,0,0.703604552,2.229660855,0.780565593,1.148290373,0.918715931,0,0,0.852024557,1.334876328,0,0,0,0,0,1.718835231,2.614627442,0,1.973365096,2.807738706,0,0,0,0.852024557,1.527779995,0,2.138689077,2.01732822,0,0,0,1.747408604,0,2.488675033,1.198300793,0,0,0.529251164,1.747408604,0,0,0.981236288,0,3.033804812,0,1.148290373,2.296913082,2.229660855,0,1.627863453,2.280519272,0,0,2.229660855,4.497744516,0,0.780565593,1.334876328,0.918715931,0.317942071,0,2.515166648,0,0,1.198300793,1.45502064,1.80221684,0,0,0,0,0,3.164901336,4.008291033,0.780565593,0,0,0.981236288,0,2.138689077,0,2.176076609,0,0,0,0,2.747418916,0,0.620222943,0,0,0,0,2.313042464,0.780565593,0,3.164901336,0,0,0,1.376549025,0,0.780565593,0,0,0,0,0,0,0,1.879177881,0,0.317942071,0,0,0,0,0,3.094200522,0,0,1.854176579,0,0,0,0,0,0.703604552,0,0,1.334876328,0.049678084,0.620222943,1.198300793,0,0,0,0,0.192778928,1.291391216,0,0,0,0.780565593,0,0,0.529251164,0,0,0,0,1.879177881,0,0,0,0,0,0,0,0,0,0,0,0,0,1.095646639,0,0,0,0,0.780565593,0,1.416554359,1.376549025,0.981236288,0,1.148290373,0,0,0,0.620222943,0,0,0,0,0,0,0.981236288,0,0,0,1.527779995,0,0,0,0,0,0,0,1.828534149,0
4.612750053,4.458214387,7.147765693,4.703922634,2.561393849,4.730276448,0,5.822020578,3.015554068,5.124499038,4.524267933,5.210240573,4.292466319,4.719264637,5.098317084,4.078033394,3.695303919,5.001916779,3.67191104,4.266686159,0.008349394,3.380936241,2.89443849,4.654956769,0,5.158969571,4.892898042,3.40697938,4.208439013,0,3.990185447,2.406244666,3.755134845,3.884346577,2.303212441,0.998748098,4.36407154,0,4.192159584,5.083042324,4.589384504,1.997276928,0,1.787205458,2.82329739,3.015554068,2.736704861,1.677506541,3.58112709,3.710600585,0.739236902,2.271713773,0,0,0,3.627548927,3.33780287,3.359602099,3.495489205,0,0,2.573298751,0.487922474,3.074611818,1.293547638,2.868350054,2.377873969,3.447287103,3.170247784,2.585063593,2.271713773,0,2.447346342,5.232026102,2.561393849,2.756606015,3.123572645,2.960852933,3.102882252,0,2.573298751,2.116228871,5.638457727,0,3.815011883,3.527899449,0,2.524804401,2.205573971,3.298471958,0,2.377873969,2.596691631,0,0,0,4.246905294,2.188332165,2.54934551,0,2.92819697,0,2.619549769,2.630785842,0.487922474,3.401824729,2.205573971,0,2.392159927,2.619549769,3.375645224,0.939907598,3.619267306,0.998748098,3.490772215,0,0,2.222523529,0,2.512304238,0,2.116228871,3.380936241,1.204600152,2.348674815,3.269400144,1.054317949,0,0,0,0,2.706090225,1.204600152,2.641897067,0.387839015,1.586534763,1.787205458,2.447346342,2.058520553,0,3.275282513,2.152930237,1.293547638,0.998748098,1.862240644,1.975999529,0,1.975999529,1.204600152,2.919863588,2.255584392,1.677506541,2.116228871,0,0,0,3.391435025,1.486451304,2.134747918,3.790789246,1.586534763,2.097360386,0,0,0,0,2.377873969,0,0,1.787205458,0,0,0,0,1.733859477,0,0,0,0,0,0,1.787205458,2.222523529,0,1.335220334,1.054317949,1.450733221,0.578894252,2.447346342,0,1.41369195,0,1.52093748,2.239190582,0.662275861,1.617787306,3.045518857,0,0,0,0,0.578894252,0,1.677506541,0.487922474,0,1.787205458,0,0,1.706079913,1.450733221,1.204600152,0,1.886051293,0,0,2.952788373,0,0,1.41369195,1.76088815,0,0,2.674508653,0,0,0,1.787205458,0,0,0,0,0,0,0,0,1.293547638,0.487922474,0,1.335220334,0,0,0.151450237,0,0,0,0,0,1.648092656,2.919863588,0,0,1.617787306,0,0,1.862240644,0,0,1.706079913,1.106961682,0.877387241,1.204600152,0,0,0.387839015,0,1.375225669,3.427336317,0,0,2.90298555,0,0.739236902,2.573298751,0,0.151450237,0,0,0,0.578894252,0,0.877387241,1.733859477,0.998748098,0,0,0,2.433832623,0,1.375225669,0,0,3.045518857,0,0,0,1.375225669,0,1.586534763,0.998748098,0,0,1.52093748,0,0,0,0,0.662275861,0,0,0,0,0.877387241,0,0.578894252,0,0,0,1.250062526,2.018111015,0,0,0,1.054317949,0,1.41369195,0,0,0,0,0,0,0.487922474,0,0.877387241,1.41369195,0,0,0,0,0,0,0,0,0,0,0.387839015,0.387839015,0,0,0,0,0.387839015,0,0,0,0,0,0,0,0,2.205573971,0,0,0,0,0,0,1.156972103,0,0.810695866,0,0,0.810695866,0,0,0,0,0,0,0,0.662275861,0,0,0,0,0,0,0,0,0,0,0,2.018111015,0,0,0,0,0,0,0,0
6.974160055,6.474670674,0,7.505364363,7.106466225,5.920988003,0,5.43088851,5.946365305,5.280228235,4.981342412,5.407302511,0,2.905548291,5.026588224,4.254755583,5.565875719,0,5.72496038,2.561278743,2.504925807,5.147083914,5.391263675,3.412482859,0,4.689184238,3.288099139,4.679348093,0,0,3.788272199,4.530400766,3.424110897,3.593829281,4.218854291,0,4.303905524,3.015751431,3.668982004,2.588307416,0.978869503,0,0,4.586177304,0,1.489695127,4.831849968,2.202644935,3.603538096,1.881737215,3.686919705,4.545581324,0,0,5.294578257,0,4.154141691,4.029721076,0,0,2.713470559,0,3.458205108,0,3.458205108,3.930301518,3.469316334,0,0,4.998251027,0,0,0,0,3.64145733,3.314244419,3.190800228,2.588307416,3.446969035,1.984391369,3.066609848,0,0,2.781678809,0,0,0,0,0,3.388813115,3.755616236,3.339723505,3.032993237,6.728474781,3.584025281,0,0,0,3.412482859,0,0,0,2.241111216,4.244628914,1.489695127,2.445206572,2.803418795,4.450835956,2.561278743,3.161168431,0,0,0,3.971262876,3.219579193,0,0,1.934380948,0,0,0,2.241111216,0,3.842973334,0,3.543818861,3.301257224,0,0,0,0,1.31534174,0,0,2.962167185,2.614624724,2.032019418,0,1.104032646,0,3.314244419,4.373377897,2.759455672,0,0.668714575,0,0,0,0,2.241111216,0,2.241111216,2.241111216,0,0,4.69244157,0,1.984391369,2.202644935,2.533499179,0,0,0,0,0.668714575,0,1.704806507,0,0,2.561278743,0,0,0,0,0,1.31534174,0,1.566656168,0,0,0,0,1.489695127,0,2.348356746,0,0,0,0,2.845530281,0,3.049942795,1.31534174,0,4.814731148,0.978869503,0,0,0,0,0,0,1.31534174,0,1.489695127,0,0,0,1.984391369,0.46804388,0,0,0,0,0,0,0,0,0,2.120966904,0,0,0,0,0,0,0,0,2.032019418,0,0,0,1.826167364,0,0,1.104032646,2.736727421,0,2.962167185,1.704806507,0,0,4.125891225,0,3.327065108,0,1.104032646,0,0,0,0,1.881737215,2.120966904,1.406313518,0,0,0,0,2.504925807,0,1.881737215,0,0,0,1.489695127,0,0,1.984391369,0,0,0,0,0,0,0,1.489695127,0,0,0.216729451,0,0,0,0,0,0,0,0,0,2.68965991,0,0,0,0,0,0,0,0,0,0,0,0,2.885939819,0,0,0,0.83576866,0,0,0,0.978869503,0,0,0,0.46804388,2.31387057,0,2.077481792,0,0,0,0,0,0,0,0,0,0,0,0,0,0,0,0,0,1.934380948,0,0,0,0,0.978869503,0,0,0,0,1.104032646,0,0,1.489695127,0,0,0,0,0,0,0,0,0,0,0,0,0,1.566656168,0,0,0,0,0,0,0,0,0,0,0,0,0,0,0,0,0,0,0,0,0.83576866,0,0,0,0,0,0,1.489695127,0,0,0,1.638115132,0,1.104032646,0,0,0,0,0,0
5.485293939,4.344215826,6.016694822,4.965142095,4.35641854,4.165937649,0,4.734630655,4.146677795,3.659017327,4.10389052,4.681739864,5.060122296,0.798641819,3.204244259,3.7363392,4.002079945,5.282965772,3.542907677,4.187709191,0,3.564559403,3.718136194,3.83298087,0,2.896529207,3.466165491,3.486634041,3.972253172,3.634355165,3.402119217,2.390911928,3.059961557,3.256592659,4.314307055,4.969093368,3.423926934,0,3.820622319,3.49814496,2.786224665,1.744284763,0,3.350411414,2.621817485,3.094823475,2.701066856,0,2.891293593,0,1.563614734,1.6398421,0,2.94743078,3.073177609,3.734081863,2.719935341,3.21189248,2.880739405,0,2.01739842,2.707395991,2.635469574,2.572511724,4.238104739,2.078392933,2.399532671,1.675882036,0,2.399532671,2.309786383,0,2.408079732,3.77178034,2.565265315,2.101785812,2.416554359,2.190241233,2.481883706,1.658024419,2.281213011,1.965774054,3.690194912,0.991545485,0,3.077544428,0,2.416554359,2.449752428,1.938926804,1.059368082,2.465947114,3.177005221,2.917201778,2.15798037,0,3.200398101,2.090157774,0,3.423926934,3.414638942,1.6398421,1.792681304,1.897254108,0,2.648937791,2.101785812,1.853768996,1.693426346,2.231697946,1.543614068,3.977581782,0.503842279,2.891293593,0,0,0,3.503851109,0,2.146991249,2.675341965,3.215694766,1.481093711,1.367334825,2.373444235,2.146991249,1.543614068,0,2.190241233,0,0,1.621323052,2.29082847,2.662227023,1.760678573,2.135880023,0,1.978932139,2.441555661,0,0,1.808306622,1.459353724,0,0,2.271504197,1.31794207,1.459353724,3.603934568,1.952440524,0,1.523205196,1.543614068,0,3.575211967,0,0.840314516,1.760678573,1.292299639,0,0,0.88031985,0,3.614177935,0,0.755156707,1.211174095,0,0,0,0,0,1.292299639,0,0,1.31794207,0,0,0,0,1.026031662,0.755156707,1.342943372,3.241913496,1.026031662,0,0.798641819,0,1.026031662,0.315790048,1.710668152,0,0.612055864,1.938926804,1.265982331,2.42495777,0.918786131,2.200767646,0,2.408079732,0,1.091628944,0,0,0.382481422,1.897254108,1.437130587,0,0.315790048,1.211174095,1.31794207,1.122881488,0,1.059368082,2.146991249,1.265982331,0.755156707,1.952440524,0,1.563614734,2.7323194,0,2.231697946,0.55941213,2.211184407,0,0,0.55941213,1.459353724,0,0,0,0,2.36459462,0,1.342943372,0,0.612055864,0,0.167370042,0,0,0.955827403,1.437130587,0,0,0.918786131,0.955827403,1.938926804,2.826229999,0,1.481093711,0,0.755156707,1.523205196,3.671124012,0,0.612055864,1.342943372,0,1.182600722,0,0,0,0.382481422,0.55941213,1.122881488,1.776807955,0,0.083988434,0,0,2.078392933,1.367334825,0,0,0,0,1.602454568,0,1.31794207,0,0,0,1.92522796,0,0,2.004740023,0.918786131,0.955827403,0,0,0,0,0,1.727617711,0,0.798641819,0,0,0,1.367334825,0,0.315790048,0,0,0,0,0,0,0,1.502371109,0.083988434,0,0.315790048,0,0.167370042,0,0.918786131,1.6398421,0,0,0.662066284,1.153186837,0,1.523205196,0,0,0,0,0.755156707,0.709694333,0,0,0.445001779,0,0,2.346656919,0.662066284,0,1.675882036,0,0.918786131,0,0.55941213,0,0.955827403,0,0,0,0,0,0,0,0,0,0,0,0,0,0,0,0,0,0,0,0,0,1.744284763,0,0,0.612055864,0,1.391145474,0,1.658024419,0,0.315790048,0,0,0,0,0,0,1.391145474,0,0,0.315790048,0,0,0,0,0,0,0,0,0,0,0,0,0,0
4.989556597,5.029455506,5.879357535,3.961654384,3.757606733,5.235327774,0,4.835330534,1.522462921,6.081209705,4.791094627,4.759719504,4.18707095,5.218202846,4.754011726,4.355676265,4.784453761,3.311804009,3.438959185,4.828977945,1.095018906,2.441648011,3.814851276,4.595558731,6.350312782,2.852876823,4.071681617,2.890475237,2.430019973,4.99406924,3.909762068,2.730774127,3.551754679,3.656543602,0,0.507232241,2.852876823,0,2.905127514,2.98879999,2.995466681,4.407182665,0,2.905127514,3.377401292,3.951489112,2.821745905,3.659968263,2.975331772,3.390915011,0,0,3.492914179,3.108439346,0,3.372855829,2.852876823,0,3.943796767,4.180998057,3.059797539,3.021697693,1.001928483,3.472505307,0.655652246,2.658994444,1.632161838,2.508712241,3.625182147,3.040929055,1.820955909,2.178705544,2.430019973,0,2.912373922,2.621075209,1.754264535,2.406350229,2.730774127,0.784863978,2.686519118,2.318794338,2.178705544,0,0,3.563118437,5.134946391,2.251201046,3.272292697,1.632161838,0,3.33098925,3.177234374,0.507232241,0,0,1.961185251,1.820955909,3.48886559,0,0,3.738826838,1.295689601,2.704456818,1.961185251,2.975331772,2.926711085,0,2.067479909,2.464506149,0,3.794140476,0,1.883476266,0,0,0,3.053547519,0,2.331781533,2.305636253,2.591661324,3.800101746,0.951918062,2.926711085,1.493049036,0.423850632,3.670172434,2.519465033,0,0,2.591661324,0,3.484800544,1.220182049,3.154824473,2.369760781,0,2.067479909,0,0,2.305636253,0,3.015204164,0,2.237116307,0,0.843704478,2.72207842,1.754264535,0,1.657804269,1.60584453,1.36589386,3.209934836,0,3.072181598,1.551036293,2.084146962,0,1.632161838,1.707197024,0,3.215282442,0,0,1.39923028,0,0,1.25864833,0,0,0,0,1.462743686,2.237116307,0,2.033288544,0,2.852876823,2.344602221,2.464506149,2.251201046,2.251201046,0,0,0.843704478,0,1.180176714,0,1.707197024,0,1.462743686,1.942316766,0,2.251201046,0,0,0.784863978,0,1.799215923,2.265090159,0,0,1.522462921,0,1.049556532,0,0.722343621,1.707197024,0.843704478,1.707197024,0,1.997886617,2.508712241,2.222830349,1.632161838,1.60584453,0,0.843704478,1.997886617,0,0,1.883476266,1.754264535,0,0,1.578815857,0,0,0,0,1.36589386,0,2.789614627,0.784863978,0,1.682805571,0,0,0,0,0,1.799215923,0,0,1.462743686,2.265090159,0,0,1.493049036,0,0,0,0,0,0,0,0.507232241,1.632161838,1.295689601,0,0,0,0.843704478,0.232795395,0,1.522462921,0,0,0.12156976,0,0.843704478,0,1.049556532,0,0,0.12156976,1.095018906,0,1.578815857,1.25864833,0,0,1.942316766,0,0,0.843704478,0,2.015744235,3.015204164,0,0.951918062,0,0,0,0,0,0,0.423850632,0,0,2.475742222,1.138504018,2.318794338,0,0,0,0,0,0.507232241,0.507232241,0.899274329,1.095018906,0,0,0.423850632,0,1.462743686,0,0.951918062,0,0,0,0,2.497842569,0,0,0,0,0,0,0.722343621,0,0,0,0,0,0,1.095018906,0,0,0,0,0,0,0.784863978,0,0,0,1.138504018,0,0,1.25864833,0,0,1.295689601,0,0,0,0,0,0,0,0,0,0,0,0,0,0,1.095018906,0,0.12156976,0,0,0,0.332878854,0,0,1.578815857,0,0,0,0,0,0,0,0,0,0.507232241,0,0,1.095018906,0,0,0,0,0,0,0,0
5.207353056,5.756288681,6.156575997,4.573851291,4.495353561,5.051106237,0,4.766463078,4.049282698,3.467531835,3.51659828,4.492581556,4.146065994,5.839419229,2.532694939,3.563369395,3.482887223,0.715996522,3.791771503,4.529370446,0,3.344172351,3.440079131,3.932445161,6.341981242,0.16392794,3.403637851,4.199564901,1.509948402,3.021607336,3.707172979,3.74598382,2.939800737,3.447999964,0,0,2.939800737,0,3.608050366,2.196222703,3.382803764,3.783344487,0,3.549209866,4.266136238,2.54249894,2.561823212,3.074560883,2.799218786,3.902849906,0.438364785,0,2.031673316,2.031673316,4.915246951,4.068555243,2.984680063,1.638329568,3.751823253,3.644357984,3.93001207,2.139469886,1.262540228,3.797350318,3.601304978,2.617651662,3.033619492,1.854217949,4.246803474,2.828960756,2.885915649,3.102811349,1.685397079,1.536977074,2.990930084,2.492488519,2.262914077,2.946336708,2.124763739,0,1.536977074,1.563294382,0,0.830406873,0,2.821607781,5.17981259,2.417985992,2.182333591,0.933061027,0,3.14106738,2.972061599,1.111309259,1.362623687,0,2.599386314,1.189780874,1.910836843,0,1.111309259,3.827489586,3.734201651,3.685633685,0.58678479,2.784009368,0.774837022,4.087463369,0.980689076,1.685397079,0,1.330362825,0,1.39387623,0,0,0,1.892317795,0,2.079301365,0.715996522,3.228302146,3.391189558,1.662140217,3.505487055,2.417985992,1.509948402,0,2.617651662,0,0,0.883050607,1.262540228,0,1.638329568,0.933061027,0.715996522,1.730348467,0,0,0,1.70812533,0.830406873,1.910836843,2.047802698,1.02615145,1.794199939,0.264011398,1.482168837,1.02615145,0,2.482179149,1.563294382,1.563294382,1.39387623,3.424046723,1.588936813,2.661906671,0.980689076,0,1.02615145,0.653476165,0,1.111309259,0,0.354983176,1.362623687,0,0,1.834609477,0,0,0.883050607,0,0,3.624717418,1.752088454,0,0,0.515325826,1.453595465,3.740110088,2.695952512,1.069636562,0.933061027,0,0.774837022,0,0,0,1.964421089,0,2.428975113,0.58678479,0,1.151314593,0,1.02615145,0,0,1.42418158,1.752088454,0,2.768565045,1.39387623,0,0.653476165,0,0.830406873,0.58678479,0,2.124763739,0,1.834609477,0,1.946876779,0,1.453595465,0,0,1.39387623,0,0,0,2.337482773,2.063676047,0,2.300893325,2.670527414,0,0,0,0,0,1.834609477,1.588936813,1.111309259,1.297026404,0,0,0,0,0.354983176,2.079301365,0,0,0.933061027,0.438364785,1.509948402,0,1.613938115,0.438364785,0,0,0,0,0,0,1.069636562,2.124763739,1.226822146,0.653476165,0,0,1.509948402,0,0,0.980689076,0,0,2.015279506,0,0,0,0,0,0,0,0.264011398,0,1.453595465,0,1.910836843,0,1.189780874,0,1.453595465,0,0.052702304,2.094686284,3.213450388,0,0,0,0,0,0,0,0.933061027,0,0,0,0,1.151314593,0,0,0,0,0,0,0,0,1.330362825,1.262540228,1.02615145,0,0.515325826,0,0,0,0,0,0.16392794,0,0,2.361152517,0,0,0,2.153962894,1.873449311,0,0.264011398,1.151314593,0,1.151314593,0,0,0,0,0,0,0.883050607,0,0.980689076,0,1.362623687,0.354983176,2.109838089,0,1.685397079,0.438364785,1.226822146,0,0,0,1.262540228,0,0,0,0,0,0,0,0,0,1.151314593,0,0.264011398,0,0,1.189780874,0,1.362623687,0.715996522,0,0,0,0,0,0,0,0,0,1.453595465,0,0,0,0,0,0,0,1.873449311,0,0,0,0,0,0,0,0.16392794,0
5.505696526,3.615110869,2.056465123,5.430307622,5.847772225,4.411913706,0,5.221337217,5.117182247,4.621414481,3.996918233,5.210827824,3.142297685,4.249447913,4.262119677,4.503356682,5.181971741,1.796953928,4.693479551,4.424481196,5.045028907,3.756874814,5.092790794,3.548834031,0,3.642780618,2.532403488,3.222587704,2.974658805,0,4.498397994,1.977215752,3.096236912,4.348518764,5.633880819,0,4.340789257,0,3.714239582,1.513378637,3.739330504,0,0,4.431592337,3.173945896,2.181628266,4.518086899,2.483909138,2.989753432,2.589890579,3.148707964,0,2.379238516,0,5.535504992,3.12281655,3.263290997,3.148707964,3.473242501,0,2.800667475,1.445556041,2.91189311,1.84515603,5.035390279,3.902291814,2.432942695,3.376314385,2.458750579,4.206010031,2.967025181,3.487004186,2.508450247,0,3.820869709,2.754362907,4.556338575,2.895566217,3.102948347,1.013422686,2.262317178,0,0,1.013422686,0,2.622860598,0,2.935894262,3.296907608,2.307779552,2.91995767,3.459288786,2.63361339,4.646017748,2.471408975,0,3.946416619,3.371212333,0,0,0,2.458750579,3.360929466,4.199328492,0.346943752,2.471408975,0,4.904139231,2.037233761,2.735223567,0,1.013422686,0,2.836226777,0,0,0,2.365349404,0,1.821345381,2.41978461,2.695809598,0,2.483909138,2.24669186,0,2.63361339,5.102799977,0,0,0,0,0.957852835,1.013422686,2.943768318,1.013422686,1.252652375,0,2.075333608,0,0,3.386441054,0,1.013422686,1.11607684,2.198295319,0,0.537998989,0,2.037233761,0,1.209167263,1.91336428,0,0,4.478313637,0,1.956381665,1.891141143,0,0,0.447027211,0,0,1.513378637,0,1.334330406,0,0,0,0,0,0,0,0,1.11607684,0,2.056465123,0,0,1.91336428,0,0,1.066066419,2.198295319,0,0,0.447027211,2.129892592,1.636611278,0,1.11607684,2.725514752,0.537998989,2.818605175,1.066066419,0,0,2.075333608,2.705809681,4.810429096,0,2.695809598,0,1.66518465,0,1.209167263,0,1.891141143,1.513378637,1.5456395,1.868412892,0,2.277702096,1.935104266,1.163704889,0,1.334330406,0,0,2.075333608,0,0,0,2.037233761,1.796953928,0,2.39293736,0,0,0,0,0,0,0.957852835,0,2.147436902,1.91336428,1.480042217,0,0,0,1.719992887,2.665194962,0,0,1.796953928,1.066066419,0,0,0,0,4.050193147,2.39293736,0,0,1.576892043,0,0.447027211,0.899012335,0.836491978,0,1.956381665,0,0.836491978,0,0,3.033716555,3.416219929,0,0,0,0,0,0,1.066066419,0,0,1.209167263,0,0,0,0,0,0,0,0,2.432942695,0,0,0,0,0,0,0,3.307866621,0,0.769800603,0,0,0,0,0,0.235718117,0,0,0,0,0,0.110554974,0,0,0.899012335,1.209167263,1.209167263,0,1.576892043,0,0.698341639,0,0,3.047951671,0.621380598,0,0,0,0,0,0,0,0,0,0.836491978,0,0.899012335,0,0,2.989753432,2.91995767,1.209167263,0,0,0,0,0.447027211,0,0.957852835,0.769800603,1.868412892,0,2.695809598,0,0,0,0,0,0,0,0,0,0,0,0,0,0,1.409837958,0,0,0.447027211,0,0,0.957852835,0,0,0,0,0,0.537998989,0,0,0,0,0.235718117,0,1.252652375,0,0,0.769800603,0,0,0.235718117,0,1.821345381,0,0,0,0,0,0,1.956381665,0,0
5.350019349,4.879746939,5.475150875,4.381742004,3.648892749,5.313343099,0,5.157378676,3.221841391,4.734659011,4.678406964,4.948711136,3.773362591,5.11205269,4.167931971,3.683628513,3.291586425,4.638702178,2.82200376,5.10039275,0.624779183,2.348627446,3.336861647,3.87468375,6.598126046,4.174918899,4.012758273,2.39096181,1.060097254,2.184517426,4.097121999,2.842004427,3.221841391,3.907056519,0,0,3.606781263,0,3.606781263,2.091116251,1.472077043,2.337757774,0,2.209675986,3.566023271,3.230830216,2.018620749,3.506697805,2.234217095,4.07620869,0,2.861612898,3.493022378,2.431576529,0.978419223,3.819113899,2.835381886,2.587857135,3.01159401,2.326768652,3.055197647,2.629529832,1.362378126,3.618995156,2.0335464,3.065807826,1.7029826,3.212771034,3.436370063,3.328780795,2.184517426,2.887173395,2.815246977,5.737679297,3.252955012,3.58189662,1.972458708,3.166142541,2.596331762,1.570922878,2.4414776,1.59417974,0,0,0,1.660871114,5.384359755,2.899712744,2.71552028,3.117233038,0,3.117233038,3.836355705,0,0,0,2.118704208,4.274256089,2.861612898,0,0,2.246265434,1.302658891,3.044473684,1.271406348,1.616907991,3.185055634,0,2.848583398,0,0,1.390951498,0,2.4512816,0,0,0,1.547112229,0,1.682148513,0.683619683,0,2.489563787,0.889471737,3.465097352,2.815246977,0,1.873203749,0,0,0,2.171696738,1.801100456,3.893310598,0.347147446,1.060097254,1.390951498,0,2.0335464,0,0,2.669535166,0,2.246265434,2.868064533,1.907395114,0,1.418731062,0,1.940455977,0,1.060097254,1.135604806,2.41147535,0,2.337757774,0,1.743392138,2.158709543,4.181857348,0.739189534,0.562258826,0,0,0,2.281563216,1.570922878,0,0,2.105005364,0,0,2.171696738,0,2.460990414,0.562258826,1.271406348,2.380545049,0,4.026986155,3.000389411,1.763000609,1.135604806,0.495567451,0.739189534,0.978419223,1.837801822,0,1.445759735,0,1.988084025,0,1.837801822,2.326768652,0,2.460990414,0,0,1.332964241,0,2.132217927,1.135604806,0.172794059,0,1.570922878,0,1.302658891,0,0,0.424108487,0.424108487,1.873203749,0,1.890445556,0,2.553221639,2.553221639,1.801100456,0,2.209675986,1.723391471,0,0,2.293057595,1.271406348,1.362378126,0,1.7029826,0,0,0,0,0,0,0,1.390951498,0,2.018620749,0,0,0,0,0,1.497719474,0,0,1.682148513,1.271406348,1.060097254,0,1.801100456,0,1.362378126,1.205809065,1.956585358,0,0,1.020091919,0,0.562258826,1.472077043,0,0,0.889471737,1.390951498,0,1.171322889,1.362378126,0,0,1.639131128,0,0,0,0,0,0,0,1.171322889,0,0,0,0,0,1.060097254,3.086696314,0,0.424108487,0,1.988084025,3.533500079,0,0,0,0,0,1.497719474,0.889471737,0.495567451,0.841843688,0,0,0,1.205809065,3.308288275,0,0,0,0,0,1.060097254,0,0,1.171322889,0,0,1.570922878,0,1.302658891,0,0,0,0,0.424108487,0,2.40127118,0,0,0,0,2.489563787,1.171322889,0.934934111,0,0.424108487,0,0,0,1.098563535,0,0,0,0.889471737,0,0,0,0,0,0.978419223,0,0.624779183,0,0,0,0,0,1.135604806,0,0,0,0.263765837,0,0,0,0,0,0,0,1.85565944,0,0,0.934934111,0,1.135604806,0.934934111,1.060097254,0,0,0,0,0,0,0,0,0,0,0,0.0727106,0,0,0,0,0.934934111,0,0,0,1.907395114,0,0,1.060097254,0.978419223,0
5.734656029,4.399131836,6.791892309,4.595575791,5.074305701,5.589508067,0,4.702636698,3.69180002,4.707517733,4.033062685,5.052129952,4.711162937,5.533016365,4.279586685,3.607687417,4.175366716,0.522114439,4.23373338,4.150181754,3.867094141,2.84450216,4.211993394,3.074679738,0,2.251998505,1.3105718,5.012546948,2.683135968,3.688433014,4.111173558,2.479388347,4.201953149,3.974004935,5.742037739,4.059007537,3.023550391,0,2.565928803,0,1.346289882,0,0,4.044939309,3.036579891,3.781748257,3.256481949,0,2.754277068,3.875521157,1.06443873,0,0,4.124346087,3.604024409,3.401312897,2.788035548,3.140969062,3.994080892,0,2.96272083,0,1.346289882,3.551281489,2.596543439,3.54351446,3.98659956,0,3.803025655,2.934450396,3.24077482,1.3105718,2.178435938,0,2.479388347,2.251998505,1.346289882,2.468024588,2.501735646,0.011288816,2.012768816,0,0,0,0,2.586442343,0,2.30718492,2.193587743,2.048170743,3.432288825,2.867759022,3.129238722,4.113381065,1.477625884,0,1.647044036,1.273530528,2.293671201,2.54498563,2.645572867,3.664541092,2.279972357,3.625803854,0.966800261,2.35948442,0,2.812626951,2.251998505,2.320518451,0,2.754277068,3.674850462,0.522114439,1.722079222,0.347761052,4.903640949,2.626248594,0,0.966800261,0,1.918359131,0,2.082362108,0,2.012768816,0.966800261,4.553874126,2.555512043,0,0,2.333676536,1.235064247,1.791874984,2.082362108,2.065412549,0,1.835838108,0,0,0,2.131552352,1.380776058,1.565918492,0.799746176,1.697687769,2.565928803,0.966800261,0.914156527,1.507931234,0,0,1.593698056,0,2.163051019,3.186561003,0,1.672686467,1.877949593,1.976067449,1.814098121,1.722079222,0,2.692310344,0.599075481,3.271946175,0,0,0,1.672686467,0,0.247677594,3.287174895,0,0,3.169706671,1.414112479,0,0,0,3.618596616,3.458096709,0,0,0.599075481,0,2.346663731,0,1.346289882,0.858586676,2.35948442,0,1.697687769,1.235064247,1.877949593,2.333676536,2.082362108,0.966800261,0,0,0,2.163051019,0,0,0.799746176,0,0,0,1.195058913,2.279972357,1.994586497,1.346289882,0,2.616444594,0,1.109901104,0.522114439,1.414112479,0,0,2.09902916,0,0,1.235064247,1.477625884,2.012768816,0,1.835838108,0,0,0,0,1.153386216,1.153386216,2.576238173,1.537345119,1.565918492,1.857115506,0.599075481,0,0,0,1.537345119,2.812626951,0,0,0,0,2.065412549,0,1.835838108,0,0,0,2.193587743,0,0,0,0.347761052,1.06443873,0.136451959,0,0,0,1.016810681,0,0,1.620726728,0,0,0,0,1.195058913,0,0,0,0,0,0,0.011288816,1.3105718,0,2.444902171,0,1.153386216,0,1.06443873,1.620726728,1.109901104,1.791874984,2.804496825,0,0,0,0,0,0,0,1.016810681,0,0,1.994586497,1.414112479,1.153386216,0,0,0,0,0,0,2.828691554,0,0.737225819,0.522114439,0.347761052,0,0.858586676,0,0,0,0,0,0.347761052,0.247677594,0,2.955727795,0,0,0,0,0,1.593698056,0,0,1.273530528,0,0,0,0,0,0.136451959,0,0,0,0.43873283,0,0.670534445,0,0,0,2.860066676,0,0.247677594,0,0,0,0,0,0,0,0.136451959,0,0,0,0,0,0,0,0,0,0,1.06443873,0,0,1.235064247,0.737225819,0,0.966800261,0,0,0,0.011288816,0,0,1.507931234,0,0,0,0,0.858586676,0,0,0,0,0,0,0,0,0,0.858586676,0,0
6.930941673,6.115692799,6.175032239,5.648723862,4.17361808,6.533598397,0,5.514117179,2.604758527,6.125426928,4.74585615,5.426902924,2.77630095,3.196436248,4.813611143,4.461604613,2.852166701,1.018443032,4.001234794,4.176051171,2.397568904,4.146455916,2.078215488,4.424391017,4.506254887,4.594793481,4.93900094,3.587778362,3.312419751,4.902066563,3.992513809,4.535516871,4.183315126,3.760204291,5.095980476,0,3.792815876,0,4.092458224,4.16382608,3.51518414,4.502755321,0,2.411854861,3.234536094,3.373891615,2.947891904,4.288555007,3.221996745,2.98854791,0.598589187,4.369849749,4.420592342,4.043734108,0,2.77630095,3.609424228,3.027615378,3.41112996,4.195305677,2.964353181,4.209507099,1.697201475,1.929003089,0,3.570117858,3.042824797,2.972483307,1.832542823,3.38467339,2.947891904,1.929003089,2.493532892,0,2.650480777,2.852166701,1.573968835,2.627880945,3.136418238,0,3.441980736,3.395340158,3.234536094,1.973954477,0,4.225824478,2.715368399,2.154442853,3.240747294,2.72578516,0,2.078215488,1.973954477,0,0,0,2.852166701,2.275279326,3.329563028,3.012171056,2.037805949,3.042824797,1.224295086,1.832542823,2.604758527,1.394920603,1.354915269,0,2.383075897,2.77630095,0,1.857544125,0,0,2.996484459,0,0,2.480374808,0,0,2.805429223,1.905746227,2.307282057,1.126656617,2.397568904,0,1.26975746,0.598589187,1.637482241,0,0,0.598589187,2.397568904,1.074012883,1.313242572,2.766399879,2.467041277,2.627880945,1.074012883,0,2.353444099,2.914133424,0,0,0.507617408,2.746298699,0,0,2.493532892,2.368369749,0,2.225268905,2.242218464,0,0,1.905746227,2.467041277,1.995694464,1.074012883,0,1.354915269,1.606229697,0,1.313242572,0,2.425939601,2.275279326,0,0,0,0,0,0.507617408,0,0,4.16382608,0,2.756399795,0,0,0,1.074012883,0,2.058214821,0.758931837,0,1.506146239,0,0,1.394920603,1.433386884,0,0.959602532,1.540632415,0.598589187,1.313242572,0,0,1.470428156,2.639244703,0,0,0,1.313242572,1.606229697,0,0.897082175,0,0,0.681970796,2.604758527,0,1.470428156,2.135923805,0,0,1.540632415,1.753554412,0,0,1.995694464,0,2.411854861,0,0,0,0,0,1.126656617,0,0,0,0.897082175,0,2.683450796,1.606229697,0.681970796,1.176667037,0,0,0,0,1.995694464,0,1.995694464,0,0.598589187,0,0,0,1.470428156,0,0,2.519340776,0,0,0,0.598589187,0.296308315,0.959602532,0,0,0,0,1.433386884,0,0,1.176667037,0,0,0.598589187,0,0,1.881935578,0,0.507617408,0,0,0.598589187,0,0,1.832542823,0,0,0.507617408,0,0.507617408,0,1.126656617,0.507617408,0,0,0,0,0,0,0,0,0.959602532,0.959602532,0,1.606229697,1.973954477,0.296308315,0,0.296308315,0,0,0,0,0,0,0,0,1.126656617,0,0.681970796,0,0,0,0,0,1.224295086,1.126656617,0,1.126656617,0,0,0,0,0,0,0,0,0.507617408,0,0,0,2.242218464,0.507617408,0,0,0,0,0,0,0,0.028044328,0,0,1.018443032,0,0.40753395,2.242218464,0,0,0,0,0,0,0,0,0,0,0,0,0,0,0,0,0,1.224295086,0,0,0,0,0,0.507617408,0,0,0,0,0,0,0.897082175,0,0,0,0,0,0,0,0,1.074012883,0,0.296308315,0,0,0.296308315,0,0,0
6.70774498,6.05936117,6.069544928,5.538247012,4.402000931,6.240432936,0,4.93031417,5.602612388,5.042491422,2.570138289,5.0064793,4.660744814,4.522868583,3.696311377,3.536643889,3.984478768,1.007492538,3.400179465,3.198347667,3.889896126,3.741860047,3.799533686,4.342753596,0,3.389680681,2.961532813,4.474120899,1.383970109,2.745449301,3.63216113,4.210238981,3.936779712,3.456031543,3.49477731,2.985533965,3.58987153,1.063062389,3.820331663,2.775154455,1.894795733,4.466958827,0,3.389680681,3.522882204,2.693891491,3.301469256,2.372125402,3.272227407,1.595279203,1.165716543,3.145876615,2.88586648,3.324262266,0,2.877094494,3.329880258,2.88586648,2.961532813,0,2.683253093,1.846593631,1.595279203,2.106104826,2.161674678,3.289874923,3.554703071,3.563611816,3.125467743,2.714834665,2.545894677,3.001220561,3.272227407,1.063062389,2.570138289,1.52968192,0.819440306,1.495195744,2.628294209,2.985533965,2.93694141,1.918052595,1.984743969,0,2.006021368,3.806514517,0,1.302292078,2.086873464,2.161674678,1.963003983,2.533548841,2.006021368,1.258806966,2.414989106,0,0,1.007492538,0,0,1.76963259,0.886131681,1.963003983,2.106104826,0.671020301,2.745449301,0.819440306,0,1.742603917,2.482582398,0,3.204717115,0,1.940780846,0,0,0,2.264328832,1.42243639,1.795949898,1.495195744,1.76963259,0,2.006021368,0,2.570138289,2.026855455,0,0,0,3.260286966,2.006021368,0.28535782,1.595279203,2.047264326,0,2.006021368,2.179532295,1.795949898,0,0,1.984743969,2.231267969,0.160194677,0,1.626531746,0,1.115706122,0,2.775154455,0,2.264328832,1.821592329,3.295688893,2.953402687,1.821592329,0,1.76963259,1.76963259,2.161674678,2.93694141,1.714824353,0,2.386618409,0,1.495195744,1.821592329,1.963003983,0,0,0,2.850307178,2.714834665,0,0,0,0,0,0,2.508390282,0,0,2.582043191,0,0.747981342,0.671020301,0.747981342,0,0,1.870985084,1.302292078,0,0.886131681,1.258806966,2.047264326,1.302292078,1.963003983,0,0,0,0,1.115706122,1.343964774,0,1.76963259,0,0,0,0,1.595279203,1.821592329,0,0,1.343964774,0,0,1.821592329,0,0,0.671020301,0,0,0,0,0.396583455,2.006021368,0,0,1.459477661,0,0,0,0,0,1.686250981,0.396583455,0.160194677,0.747981342,0,1.302292078,0,0,0.396583455,2.006021368,0,0,0.671020301,1.115706122,1.063062389,0,1.258806966,2.661630629,0,0,2.047264326,0,1.258806966,0,0.819440306,1.165716543,0,0,0,0,0.396583455,0,1.656837096,0.587638692,0,0,1.894795733,0,2.026855455,2.414989106,0,0.160194677,0,0,0.948652038,1.258806966,0,1.007492538,0,1.063062389,0,0,0,1.595279203,0,0,1.595279203,0,1.656837096,0,0,0,0,0,1.302292078,0,0,0,0,0,0,0,0,0,0,0,0,0,0,0.496666914,0,0,0,0,0,1.258806966,0,2.372125402,1.595279203,0.886131681,0,0,0,0,0,0,0,0.671020301,0,0,0.017093834,0,0,0,2.161674678,1.302292078,0,0,0,0,0.396583455,0,0,0.819440306,0,0,0,0,0,0,0,0,0,0,0,0,1.459477661,0,0,0,0,0,0,0,0,0,0,0,0.819440306,0.886131681,0,0.28535782,2.247935022,0,0,0,0.948652038,0.948652038,0,1.918052595,0,0,0,0,0,0,0.28535782,3.431030241,0,0,0,0,0,0,0,0.496666914,0,0
4.971240381,4.504956532,7.453874982,4.80644236,3.466924064,5.547171732,0,4.866569758,3.723481593,4.878173264,3.353165178,4.454985168,1.835746165,5.646794626,4.419121504,2.713958388,2.713958388,5.063374781,2.984368874,3.959520016,2.03441686,2.512272464,2.328832964,3.096327781,6.457157375,4.393910085,2.381132464,4.156840224,3.475489427,2.534372811,3.343479873,2.169073745,3.376975827,3.262422863,2.834274995,1.131549148,2.406291023,0,3.219289492,3.197004448,2.686178824,5.378455827,0,0,2.89704069,3.185672882,2.984368874,0,2.758608662,3.959520016,0.269325637,0,0,2.873962743,0,3.431909546,2.628191566,2.273646549,2.069818787,5.165986424,2.184699063,0,2.087060593,4.052318383,3.647451898,2.169073745,3.390994748,2.934358453,4.156840224,0,2.137071014,1.615346099,2.758608662,0,3.668767092,2.430832132,1.87876355,3.713448064,1.642374772,0,2.273646549,0.935804571,2.137071014,1.131549148,3.88024355,4.073646206,5.170694161,2.991313346,0,2.597886217,2.545242483,3.133029148,2.66722091,1.529579278,1.131549148,0,0,2.850339597,0,0,0,0,2.686178824,2.200083981,1.835746165,4.199085154,2.72304936,0,2.638092637,0,0,1.468021385,0,1.743727266,2.647896637,0,0,2.749836676,3.251812684,1.857486151,1.529579278,3.246465078,0.543762483,1.216706956,3.64024466,3.618305937,0,0,0,0,3.812570677,1.587566535,1.997715493,1.038458725,0.460380874,1.978847008,0,0,0.988448304,0,0,1.719335813,1.558993163,3.051734406,1.87876355,1.131549148,0,0.369409096,1.038458725,1.978847008,0,2.069818787,1.435760522,0.758873863,0,0,3.031996923,1.813523028,2.052274477,2.73205843,3.031996923,0.758873863,0,0,0,0,0.369409096,1.086086774,0,0,0,1.743727266,2.628191566,0,1.66869208,1.499273928,0,1.835746165,0,0,2.566633673,1.87876355,1.835746165,0,0,3.144969589,2.39379086,0,1.402424102,0.82139422,0,0,1.694334511,1.216706956,0,2.566633673,2.713958388,0,0,0,0,1.216706956,0,2.597886217,1.743727266,0,0,0,0,2.259360591,1.086086774,2.566633673,0,0,0,0,2.873962743,1.295178572,0,1.790794777,0,0,0,0,1.468021385,2.01623454,0,2.215235786,0,0,1.529579278,0,0,0,0,2.454785373,0,2.442880471,0,1.857486151,0,0,0,2.39379086,0,2.749836676,1.959615646,2.01623454,0,0,2.087060593,1.468021385,1.87876355,0,2.342166495,0,1.66869208,0.935804571,0.82139422,0.543762483,0,2.638092637,0,1.038458725,0.620723524,0,1.038458725,1.615346099,0,0,2.03441686,0,1.402424102,2.919598038,1.332219843,0,0,0.158100002,2.200083981,0,0,0,1.402424102,0,0,0,2.087060593,0.988448304,0.158100002,1.402424102,3.404819853,0,0,0,0,0,0,0,1.216706956,0,0,0,4.119473239,1.17503426,0,0,0,0,0,0.935804571,0,0,1.719335813,1.402424102,0.935804571,0,1.790794777,0,0,0,0,1.558993163,0.543762483,0.988448304,0,0,0,0,0,1.499273928,1.038458725,1.66869208,1.402424102,0,0,0,0,0,1.367937926,0.460380874,0,0,0,0,1.615346099,0,0,0.82139422,0,0,0,0,0,0,0,0,3.011862015,0,0,0,0,0,0,0,0,0,0,0.758873863,0,0,0,1.367937926,1.813523028,0,0,0.460380874,0,0,0,0,2.03441686,0,0,0,0,1.402424102,0,0,0,0,0,0,0,0,0,0,0,0,0,0,0,0
6.437564502,6.055413156,5.102175085,5.5455354,5.410852908,7.16327603,0,6.550872386,7.916013755,5.962461502,3.358678493,5.353981397,4.741803279,4.255369109,5.804505067,5.356273662,4.381341886,3.110974177,5.087304923,2.581966234,2.260066204,4.331564893,4.258805538,4.548629398,4.172885099,5.967444383,4.51468358,2.181077793,0,0,5.001314475,3.993176947,4.533105153,4.737561492,2.208106465,2.234423774,5.090296698,1.740765954,5.028691386,4.498618977,3.424007841,3.745690274,0,4.482292084,0,1.109494177,4.275812751,3.375415285,4.191404147,1.78243865,1.740765954,4.191404147,4.019668562,0,0,2.423217845,4.440269094,4.724727091,1.968155796,0,2.124724857,3.680578523,3.020517067,3.55704504,4.289213286,3.492737173,0,3.008612164,2.379254722,3.470348178,2.581966234,1.78243865,3.833417727,1.324605556,2.485738202,2.095310971,1.651818468,1.78243865,4.130894197,0,4.93726563,2.033753078,4.485031812,0,0,3.223337145,3.008612164,1.697280842,3.121726969,0,2.46532933,2.181077793,1.257914182,2.379254722,2.894564658,0,2.033753078,1.860910265,0,3.391876562,0,0,0,0,2.63555048,1.740765954,2.153298229,0,0,3.965964383,0,0,0,3.99764124,4.062318949,0,0,1.860910265,3.242476485,0,1.78243865,2.153298229,0,3.375415285,0,3.173822081,2.505738869,0,0,0,3.032281908,0,0,0,3.610930129,1.651818468,2.881050939,3.391876562,0.93514079,0,2.959522554,2.839378242,1.968155796,0,1.186455218,2.444495244,0,2.234423774,0,0,0,1.78243865,3.078004158,1.257914182,0,3.77949631,0,1.501536265,0,0,0,3.350203866,2.972022717,0,0,0,1.897951537,0,0,0,0,2.959522554,0.723831696,0,1.324605556,1.445966413,0,0,0,0,0.93514079,0,1.697280842,0,0,0,0,0.723831696,2.686408898,2.718932089,1.78243865,0,2.124724857,0,2.618006171,0,2.234423774,0,0,0,0,1.257914182,0,0,2.934043469,0,1.109494177,0,1.501536265,2.485738202,2.765815675,0.598668553,0.93514079,0,0,0,2.124724857,2.001492216,0,0,0,0,0,0,1.109494177,1.604190419,0,0,0,2.001492216,1.324605556,0,0,0,0,0,1.186455218,0,0.93514079,0.93514079,0,0,1.445966413,0,0,0,0.93514079,0,0,0,0,1.651818468,0,0,1.78243865,0,0,0.93514079,1.257914182,1.445966413,0,0,0,1.554179998,0,0,0,0.598668553,0,0,0,0,0,0,0,0,0,1.109494177,1.026112568,0,0,0.93514079,0,0,0,0,0,0,1.324605556,0,0,0,0,0,0,0,0,0,0,0,0,0,0,0,0,0,0,0,0,0,0,0,0,0,0,0,0,0,0,0,0.455567709,0,1.554179998,0,2.208106465,0,0,0,0,0,0,0.835057331,1.324605556,0,0,0,0,0,0,1.822443985,0,0,0,0,0,0,0,0.598668553,0,0,0,0,0,0,0,0,0,0,0,0,0.455567709,0,0,0,0,0,0,0,0,0,0,0,1.604190419,0,0,0,0,0,0,0,1.109494177,1.109494177,0,0,0,0,0,1.445966413,0,0,0,0,1.186455218,0,0,0,0,0,0,0,0,0
5.322631868,3.402341752,5.721093248,5.349975049,4.646734055,5.983868619,0,5.152678219,5.469891945,3.825753503,3.717314032,4.863713721,4.217510681,4.090446057,3.335789131,4.873003152,4.137838934,1.336886452,4.231657689,4.428650146,0.489588592,3.644222148,4.044936653,4.162602104,6.16342083,2.311745538,3.182713143,4.088421765,0,0,3.958790703,0,3.87209384,3.889550643,2.914063502,3.031482173,3.490861046,0,4.23516339,3.043076506,3.675328855,5.230648498,0,3.47974982,2.758272133,2.788463105,3.460952274,0,3.08815456,3.115330145,1.808872243,0,2.516761705,2.099026504,0,3.125996913,2.958942829,2.933544638,2.591914427,0,2.099026504,2.609852128,2.727141215,3.61862075,4.317424511,3.031482173,3.048823648,3.541140935,2.735015271,4.080283368,1.30462559,3.947189644,2.887483865,1.085572024,2.335415282,1.537557148,2.600923497,3.120677752,3.245840895,2.084100854,2.686813169,3.031482173,3.131287931,0,0.561047556,3.402341752,5.138598437,1.86658056,0,1.27128917,0,2.946324365,3.35706653,2.670215278,1.972875219,0,0,3.131287931,1.903281927,2.34704332,3.352847114,1.236802994,2.591914427,0.907323792,0,3.365452323,3.264489454,0,3.217199319,0,0,2.65333724,0,1.456431603,0,0,0,2.197698032,2.211031563,2.392248757,1.903281927,2.900861991,0,1.885099608,3.300774614,2.609852128,1.236802994,0,2.05356413,0,3.578946125,1.921139544,1.704611232,0,2.573649079,2.311745538,0,2.197698032,0,0,0,3.259859816,2.237176843,3.013834656,2.249997531,1.125577359,1.398444345,0.412627551,1.768462704,2.555043891,0,1.682388096,1.612592334,0,1.726351219,0,0,1.398444345,1.511239839,0,1.085572024,1.537557148,0,1.903281927,0,0,1.612592334,1.955925661,0,2.392248757,0,1.847712076,0,0,1.612592334,1.236802994,0.907323792,2.573649079,0,1.537557148,2.403237879,2.037938812,0.804669638,1.612592334,1.336886452,2.995870101,1.42785823,0,1.42785823,1.511239839,0.907323792,0,1.201084911,0,0.238274164,1.938683854,0,1.768462704,1.336886452,0,1.747628617,1.885099608,1.043899327,1.085572024,2.446025154,0,0,0,1.000414216,1.164043639,2.197698032,0.561047556,0,0,1.704611232,0,1.938683854,1.682388096,1.511239839,0,0,0,0,0,1.921139544,3.241123905,0,1.563199578,0,2.965192849,0.907323792,0,0.138190705,0,1.972875219,2.113732652,0,1.125577359,1.612592334,1.043899327,0,0,2.156596356,0,0,1.000414216,0,0,1.612592334,0,1.336886452,0.857313372,0,0,1.86658056,0,0.804669638,1.085572024,0,1.747628617,0,0,0,0,0.749099787,0.489588592,0.412627551,1.000414216,0,0,1.27128917,0,0,1.955925661,2.311745538,0,0,0,2.113732652,0,0,0.804669638,0,0.329245942,0,0,0,1.808872243,0.238274164,0.857313372,2.824963508,0,0,0,0,0,0,0,0.412627551,0,0,0,0,0,0,0.138190705,0,0,0,0,0,0,0.857313372,1.236802994,0,0,0.489588592,0,0,0,0,0,0.489588592,0,1.537557148,0,0,0,0,0,1.000414216,1.085572024,0,0,0.238274164,0,0,0,0,0.749099787,0,0,0,0,1.511239839,0,0,0,0,0,0,0,0,0,0,0,0,0,0,0,2.311745538,0,0,0,0,0,0,0,0,0,0,0.62773893,2.05356413,0.489588592,0,0.749099787,0,1.085572024,0,0,0.857313372,0,0.138190705,0,0,1.125577359,0,0,0,0,0,0,0,0,0,0,0.690259287,0,0,0,0,0
6.277254049,3.663813883,6.093048768,6.574937268,5.994407713,5.525084896,0,5.511686401,5.884961003,1.059176778,2.824268,5.223799934,3.916856174,4.590170515,1.548725003,4.976449139,4.408157077,0,4.798098744,3.709449178,0.311962376,4.815468908,4.162109978,4.123550984,4.695376936,0,3.397941527,3.910795549,0,0,4.805580076,0,4.861149927,4.687020341,0,0,3.74594958,0,4.38572623,3.063497689,4.118624866,5.311424369,0,3.801713155,0,2.432225912,4.681410228,3.132017635,4.221760686,0,1.778299445,0,3.158162915,2.689448777,0,2.824268,4.166826967,2.926922154,2.709857649,0,0,2.729858315,2.787566633,1.875937914,0,3.387737357,0,0,3.170983604,4.717325691,3.387737357,1.875937914,0,0,3.020012577,2.625597305,1.410574664,1.9648854,3.615996009,1.875937914,3.607799242,3.45707205,2.926922154,0,1.548725003,3.74594958,3.105170385,3.091471541,0,0,0,2.319430418,2.289125068,2.085029712,2.729858315,0,3.345846415,0,0,4.684219219,0,1.725655711,1.159260236,0,1.548725003,0,2.580645917,0,1.61124536,2.729858315,3.020012577,2.859669927,0,3.427943778,0,0,0,3.132017635,1.875937914,2.257872525,1.875937914,2.484185651,0,3.952468246,0,2.974550203,1.059176778,0,2.348844303,0,3.447456592,1.61124536,0,0,3.494635152,1.9648854,2.377417676,3.279523772,1.482033628,0,0,4.185475526,3.196142163,0,1.059176778,2.580645917,0,1.61124536,0,2.603374168,0,2.225611663,2.859669927,0,2.377417676,0,0,0,0,2.876911733,0,3.208487999,0,2.122070984,0,0,2.689448777,0,1.67008586,0,0,2.749466787,3.788061066,0,0,0,0,0,0,0,1.828309865,0,2.484185651,0,0,3.170983604,0,0,2.377417676,2.006558097,0,0,1.67008586,0,3.981205855,2.085029712,2.289125068,1.67008586,0,0,2.729858315,0,0,0,2.319430418,0,0,0,0,2.974550203,0,0,2.509186953,0,0,0,0,0,0,0,0,0,0,0,1.159260236,0,0,0,0,2.157789066,0,0,0,0,0,1.482033628,1.333613623,1.059176778,1.250232014,0,0,0,1.9648854,0,0,1.482033628,1.410574664,1.9648854,0,0,0,3.049211732,0,0,1.9648854,0,0,0,0,1.159260236,0,0,0,2.006558097,0,0,0,0,0,0,0,0,0,0,0,0.822788,0,0,1.875937914,0,0,0,0,0,0,0,0,2.192275242,1.9648854,0,2.046563431,0,0,0,0,2.225611663,0,0,0,0,0,0,0,0,0,0,0,0,0,0,0,0,0,0,0,0,1.921400288,0,0,0.679687156,0,0,0,0,0,0,0,0,0,0,0,0,0,0,0.679687156,0,0,0,2.557389055,0,0,0,0,0,1.059176778,0,0,0.822788,0,0,0,0,1.482033628,0,0,0,1.61124536,0,0,0,1.725655711,0,0,0,0,0,0,0,0,0,0,0,2.709857649,0,0,0,0,0,0,0,1.548725003,0.822788,2.729858315,0,0,0,0,0,0,0,0,0,0,0,0,1.9648854,0,0,0,0,0.512633071,0
4.89215453,2.839247712,5.367029583,4.647342075,3.613956665,5.385166415,0,4.915224761,2.254618113,2.459149818,5.831614645,4.786286529,4.73181188,3.490007114,1.794494593,4.910254572,4.761156709,6.459522418,4.061627145,5.107658625,1.959818573,3.514448249,3.829420529,3.697775337,0,0.601695089,4.253795292,5.299140551,3.784367865,5.05302319,3.74998948,0,3.259101557,3.790493459,2.568548412,0.013908424,2.831311162,0,3.160930145,4.959827404,3.576846655,0,0,2.992833579,3.077299346,3.006301797,3.183594005,4.291500041,2.628868202,3.534369227,1.067058339,0,0,0,0,3.817603553,2.638577016,2.282591966,0,0,2.951305121,1.92097874,1.596317664,3.481725493,1.838457716,2.118042578,4.236352989,2.599163048,0,2.547605238,2.676496251,3.338944445,2.578857782,0,2.730808241,0,1.276150137,1.978687058,2.893106882,0,2.676496251,2.470644197,0,0,2.900569603,0,0,2.240332156,3.353230402,2.87037863,1.859735115,2.29629081,4.013942307,0,1.539964728,0,1.838457716,3.058430862,4.333172737,4.100444804,1.978687058,2.568548412,3.006301797,3.469173027,3.211220071,2.862686285,2.893106882,0,2.13417196,2.118042578,2.694929953,2.790655157,4.536421377,0,0,2.033246042,0,0,0,1.649663645,0.969419869,3.787435352,2.196207351,1.313191408,2.893106882,2.619064202,0.250297202,0,0,0,3.447895629,2.309804529,2.578857782,0,1.649663645,2.504355254,1.539964728,0,2.704020925,0,0,0,1.700307378,2.033246042,2.568548412,2.578857782,0,1.771766342,2.648192475,2.211133002,3.924597207,1.5685381,1.724698831,0,2.211133002,0,0,0,2.547605238,2.676496251,0,1.880569202,0,2.101648769,0,0.441352439,1.197678521,0,0,1.700307378,0,0,0,0,2.589061952,0,1.959818573,0,0,2.504355254,2.399608424,0,3.602967543,0,0,1.480245493,1.838457716,0.139071567,0.441352439,1.81671773,2.240332156,0,1.348909491,0,1.313191408,2.240332156,1.313191408,3.30974529,0,1.959818573,1.724698831,0,0,2.685755577,1.197678521,3.408416818,1.383395667,0,0.802365785,0,0,1.724698831,1.900978073,0,2.196207351,1.44899295,0,0,0,1.74850948,2.084981716,0,0,3.759483222,1.276150137,0,0,1.623346337,1.067058339,0,0,2.648192475,2.399608424,0,0,2.309804529,0,0.441352439,0,1.900978073,2.915330018,0,0,1.649663645,0,2.765443737,1.112520713,0,0,0,1.348909491,0,0,2.101648769,0,0,0,2.547605238,1.01943029,0,0,0,1.112520713,2.015388424,0.802365785,1.539964728,1.859735115,0,0,0,0,0,0,0,1.859735115,1.01943029,0,0,2.504355254,0,1.838457716,0.861206285,1.067058339,0,0,0,0,0,0,0,0,0,0,0,0,0,0,0,0,0,2.493244029,0,2.050790351,0.916776136,0,0,2.268702853,0,2.667150389,0,2.13417196,0,0,1.5685381,0.861206285,0,0.673154053,0,0,1.900978073,0,0,0,0,0,0,0,0,3.456460992,0,1.383395667,0,1.197678521,1.348909491,1.416732087,0,0,0,0,0,0,0,0,0,1.313191408,0,0,0,0,0,0,0,0,0,0,0,0,1.959818573,0,0,0.013908424,0,0,0,0,0,0.969419869,0.916776136,0,0,0,0,0,0,0,0.524734048,0,0,0,0,2.782321775,0,0,1.5685381,2.068032158,2.685755577,0,0.601695089,1.92097874,1.416732087,0,0,0,0,0,0,0,0,0,0,0,0
6.785391123,6.256072796,5.409891007,5.550162047,6.51480428,5.699384044,0,5.079867537,6.152279741,5.928937073,4.222694336,5.454609472,3.755975981,3.260579786,5.276439286,5.126845872,6.941894816,3.570734714,5.147359411,4.438866661,1.995782978,4.763061013,6.074468857,4.158521379,0,5.498434952,3.377831048,4.296671717,0,0,4.909422421,4.467896276,4.58137823,4.697030431,0,1.529163446,3.048144249,1.137121359,3.386305675,2.714036079,4.659946228,1.768393135,0,4.349576616,3.260579786,1.925578719,4.697030431,3.549457316,3.850490721,3.149354151,2.287693386,4.638465689,0,0,0,3.49797536,4.875742905,3.351967537,0,0,3.149354151,2.122938153,3.094395266,4.200512281,3.048144249,3.42763387,3.343195551,0,0,0,4.162412434,3.892055146,2.714036079,0,0.862684513,0,1.529163446,2.06138026,3.459509079,2.697369027,3.170518962,2.42910504,0,0,0,0,0,0,3.732376066,1.414753095,3.048144249,1.768393135,1.473593595,2.492956512,3.127731687,0,0,2.645633352,2.961670651,0,3.475073595,0,2.609593416,2.36089679,2.092632804,2.513365384,0,0,0,2.122938153,1.961296802,0,2.83822646,1.925578719,3.49797536,0,0,2.627775735,2.552974522,1.05373975,1.137121359,2.867005424,2.406881903,2.312694688,2.287693386,0,1.352232738,0,0,0,0,2.36089679,0.751458878,0,3.369283987,2.06138026,1.58180718,2.90867812,0,0,2.778057938,0,2.092632804,0.483194891,0.316140806,2.714036079,2.262050956,1.888537447,0,1.724908023,1.995782978,2.262050956,3.05990909,0,0,0,0,0,2.287693386,0,2.591074368,2.208704975,2.867005424,0,0,2.235733647,1.724908023,0,0,1.961296802,0,0,3.260579786,0,0,0,0.962767971,0,0,0,3.071537128,0,2.06138026,0,0,2.663177662,0,0,0,0,0,0,1.352232738,0,2.663177662,0.962767971,0,0,0,1.810065832,0,0,0,4.138835704,2.552974522,0,2.42910504,0,1.724908023,0,2.337086141,0,0,2.406881903,0,0,0,2.533366051,0,0.962767971,1.810065832,0,0,1.05373975,0,0,0,1.768393135,2.697369027,0,2.987149736,2.262050956,2.793442857,0,0,1.888537447,3.127731687,0,0,1.05373975,1.137121359,2.76243262,0.626295735,2.287693386,0,0,0,0,1.137121359,0,0.962767971,1.6318176,0,0,0,0,0,0,0,0,0,0,0,0,2.06138026,0,0,0,0,0,0,0,0,0,0,0.483194891,0,0,0.862684513,0,0,0,0,0,0,0,2.180925411,0,0.316140806,0,0,0,0,0,0,0,0,0,0,0,0,0,0,0.962767971,0,0,0,0,3.941693127,0,2.90867812,0,0,0,0,0,1.05373975,0,0,0,0,0,1.810065832,0,2.730429889,1.352232738,0,0,0,2.492956512,0,0,0,1.850071166,0,0,0,0,0,1.285541364,0,0,0,0,0,0,0,1.679445649,0,0,1.58180718,0,0,0,0,0,0,0,0,0,0,0,0,0,0,0,1.6318176,0,0,0,0,0,0,0,0,0,0,0,0,0,0,0,2.235733647,0,0,0,0,0,0,0,0,0,0,0,0,0,0,0,0,0,0,0
5.419116993,5.448062574,5.471559896,5.736813975,6.235308809,6.182887303,0,4.992129718,4.817133107,5.949716451,0,5.50983336,5.703489631,4.782584216,5.017316235,5.072806999,5.698319752,6.810172396,4.593766116,3.858399317,0,3.934669452,5.423025156,4.3940881,2.215783006,4.250567397,4.001500161,4.845328807,0,0,4.813552082,3.298200609,3.119952377,4.66074579,2.114430512,1.767234312,3.562133501,0,2.787374985,3.110148377,4.855700551,4.939769799,0,4.841847515,3.230664402,3.497385972,3.497385972,3.805755584,3.523790146,3.885987274,1.874479842,3.230664402,2.559116333,1.603604888,0,3.549515037,3.872288429,3.059632587,0,4.754439769,3.090247223,3.167580426,2.450902748,3.435297068,0,3.006428551,3.785903815,0,3.391653778,2.702217177,4.205471189,3.028051015,0,2.059622275,2.469771233,0,0.841464836,2.469771233,3.017298223,0,2.541874527,2.853188204,2.814222235,0,4.244248261,1.015818223,0,2.114430512,2.8658466,1.907816262,2.82738032,0.741381377,3.729187586,0,2.641129485,0,0,0,0,0,1.510514465,0,2.82738032,0,1.940077125,0,1.558142514,0,2.087401839,2.592732944,4.788119285,1.804275583,0.841464836,1.230929603,3.338205943,0,2.031048903,2.5064726,0,0,1.407860311,3.67467818,0,2.716923324,0,3.27340595,1.728768031,0,1.092779264,0,3.872288429,2.239593655,2.087401839,0,3.20411417,3.338205943,1.35229046,0,2.773676141,0,2.984328204,0,2.609126754,1.230929603,0.841464836,1.510514465,0,1.940077125,1.092779264,1.603604888,3.470265665,2.5064726,1.407860311,1.164238228,0,0,0,0,0,0,1.971329668,1.603604888,2.800888704,0,0,2.800888704,1.460504044,0,0,0,0,0,0,0,2.576065891,0,0,0,0,1.015818223,3.158234564,0,0,0,0,0,0,0,1.35229046,0,1.767234312,0,0,0,2.392062248,1.35229046,1.407860311,0,0,1.558142514,3.83002862,1.015818223,0,0,1.558142514,0,0,0,1.558142514,0,1.510514465,1.015818223,2.656754803,0,0,0,0,0,0,0,2.087401839,0,0,2.059622275,0,0,0,0,2.787374985,1.907816262,0,2.307801905,0,0,0,1.558142514,1.971329668,0,0,2.031048903,0,0,0.932436614,1.688762696,0,2.840367515,0,0,1.35229046,0,1.164238228,0,0,1.907816262,2.853188204,0,0,0.932436614,2.059622275,0,0,0,0,0,0.932436614,1.510514465,1.767234312,0,0,1.35229046,0,0,0,0,0,0,0,0,0,0,0,1.35229046,0.504992599,0,0.504992599,0,0,2.191391553,0,0,0,0,0,0,0,2.412062915,0,1.407860311,1.230929603,1.728768031,0,0,0,1.688762696,0,0.630155742,0,0,3.186014128,0,0,0,0,0.630155742,0,0,0,0,0,0,0,0,0.361891756,0,0,0,0,0,0,0,1.728768031,0,0.194837671,0,0,0,0,0,0,0,0,0,0,0,0.194837671,0,0,1.230929603,0,0,0,0,0,2.14074782,1.874479842,0,0,0,0,0,0,1.35229046,0,0,0,0,0,0,0,0,0,0,0,0,0,0,0,0,0,0,1.460504044,0.932436614,0,0,0,1.64709,0,0,0,0,0,0,0,0,0,0,0,0,0,0,0,0
6.753172844,4.977673896,6.040928966,5.74454495,6.401509441,5.663765641,0,4.563485991,6.027702781,3.606972793,0,5.748379311,5.809971475,0,3.241417211,5.38836382,6.53481675,4.162391792,4.654348931,3.626328236,1.015619261,4.285353503,6.402305778,2.571472927,5.221608897,3.639026819,4.017852099,4.034983139,0,0,5.018198079,2.842969675,3.373186488,4.871301932,2.910562967,0,3.903572638,0,4.477270747,0,4.27871998,3.467373704,0,5.805644025,2.800105971,2.6923094,3.706125152,3.941581964,3.553448312,4.808662863,1.641325161,3.089611198,3.511336827,0,0,2.054512315,4.62182574,3.879061607,3.613466322,3.250763073,0,2.884071351,3.021788602,4.66571269,0,3.296225447,3.193331024,0,0,3.348185186,2.870557632,3.780022399,2.607512864,2.55295388,1.88745823,0,0,1.771945343,3.42920113,4.733424138,3.056274778,0,0,0,1.771945343,0,3.941581964,0,4.072487535,0,4.754323541,1.850416959,0,0,2.659248538,0,0,0,0,5.085760222,0,0,1.593697112,2.390984552,0.588175246,2.170584486,0.588175246,0,0,3.17342987,0,0,2.842969675,1.435473107,0,2.495245562,5.378440916,0,0,0,1.641325161,0,0,2.93637085,2.142804922,3.746593102,3.405577984,0,0,0,4.421155044,2.571472927,0,0,3.474836425,3.85901081,3.296225447,2.708438782,2.346033164,0,0,2.55295388,2.856858788,0,1.435473107,0,0,1.990998909,4.452407588,2.322776302,2.785399824,2.739937449,2.973875246,0,0,0,0,0.588175246,0,3.278287747,0,1.990998909,0,0,1.09900087,1.175961911,1.015619261,0,0.278020318,1.31411225,0,0,0,0,2.2745742,0,0,0,0,1.015619261,2.724312132,0,0,4.151113477,0,0,0,0,0,1.641325161,1.435473107,0,2.170584486,0,1.543686691,2.084817664,0,1.376632607,0,1.175961911,0,0,0,3.567100401,3.42138859,0,0,0,1.543686691,0,3.03341664,0,0,1.641325161,0,0,0,1.543686691,0,0,2.571472927,0,0,2.659248538,0,2.223930467,0,2.842969675,3.17342987,1.376632607,0,3.260022399,0,0,0,2.514854033,2.724312132,0,0,0,0,2.93637085,1.593697112,2.6923094,0,0.824564024,0,0,0,0,0,0,0,0,0,0,0,0,1.543686691,0,0,0,0,0,1.771945343,1.593697112,0,0.924647483,0,0,0,0,0,3.348185186,1.923176313,0,0,0,1.593697112,0,0,0,0,0,0,0,0,1.88745823,0.924647483,0,0,0,2.434001937,0,0,0,0,0,0,1.923176313,0,0,0,0.588175246,0,1.175961911,0,0,4.438322848,0,0,0,0.445074403,0.713338389,1.730272647,0,0,0,0,0,0,0,1.641325161,0,3.142815234,0,0,0,0,0,0,0,0,0,0,0,0,0,0,1.543686691,0,0,0,0,1.247420875,0,0,0,0,0,0,4.288653836,0,0,0,0,0,0,0,0,0,0,0,0,0,0,0,0,1.376632607,0,0,0,0,0,0,1.491042958,0,0,0,0,2.434001937,0,0.278020318,0,0,2.454836024,0,0,0,2.023259771,0,0,0,0,0,0,0,0,0,0,0,0
5.579796492,4.362156049,6.370992455,4.760460001,4.511489553,4.779443622,0,5.335695801,4.283726039,5.327188402,4.513243939,5.366782459,3.558083002,4.581009063,4.017495435,4.500898103,6.418785853,3.725487473,4.739712369,4.582645725,0,3.275701965,5.904565084,4.00882486,0,3.311314037,3.340051646,3.895205857,3.744572021,2.991036486,4.665765648,2.615247146,3.411119794,4.520230867,3.416382965,4.438663935,3.71775049,0.769420455,3.88211238,3.624186358,4.309842867,2.924622043,0,4.423440044,0,4.265928017,3.788941591,3.045737622,2.907305593,2.815917841,0.769420455,2.542487792,3.848608409,3.328655512,0,2.579529063,3.955160719,2.853480943,4.29031947,0,2.579529063,2.490863426,1.678276209,3.65773248,0,3.632678978,2.941643731,2.285767945,2.825441723,1.647970859,3.281726079,2.235757524,2.477529895,1.365403887,2.504021511,0,0.907570794,2.164931472,2.871746291,0,2.844221618,1.962219959,3.281726079,0,3.933488044,3.698142019,0,2.504021511,2.9160013,2.048294568,0,2.06870344,3.400509615,2.924622043,1.984443096,0,2.048294568,1.843031442,2.834875755,2.871746291,1.764043031,2.252707082,2.477529895,1.843031442,0.306796933,1.443875503,1.516634857,0,1.868032744,2.393564515,0,1.791071703,3.904914671,2.027460481,1.916234846,3.516216423,0,0,2.464016176,2.146412424,0.970091151,2.108312578,0.769420455,1.916234846,0,1.516634857,1.280246079,0,2.183113791,0,3.426826924,1.764043031,0.038532947,3.961267608,2.408057523,2.966645033,2.12754394,2.006183083,2.529829395,0,0,0,1.551121033,0,1.280246079,2.164931472,0,1.707690094,0,0.18163379,3.257408772,2.006183083,2.164931472,0,1.678276209,0,0,0,0,0,1.365403887,1.791071703,0,1.764043031,0,1.443875503,1.584457454,1.962219959,0,0,0,0,0,0,1.480916775,0,0,0,0,0,0,1.084501502,2.42234348,1.234783705,1.137145236,0,1.405409222,0,1.234783705,0,1.137145236,0,0.907570794,1.616718316,2.591577402,0,0,0.692459414,0,1.647970859,0,0,0,2.235757524,1.137145236,0,1.137145236,0,0,0,0,1.916234846,2.12754394,1.280246079,0,0,1.280246079,0,0,0,1.234783705,0,0,0,1.028931651,1.516634857,0,0.907570794,0,0,0,2.006183083,1.843031442,0,0,1.584457454,2.725857017,1.480916775,0.038532947,0,0,2.301897327,1.280246079,1.584457454,0,0.609077805,0.609077805,0,0,0,1.323731191,0,0,1.280246079,0,0,0,0,0.609077805,0.418022569,0,0,2.649733322,0,0.038532947,0.609077805,0,0.306796933,0,1.323731191,1.280246079,0,0,1.616718316,0,0,0,0,1.443875503,1.028931651,0,1.187155656,0,0.18163379,0,0,2.301897327,1.323731191,0,0,0,0,1.551121033,0,0,0,1.707690094,0,1.516634857,1.551121033,0,0,1.962219959,0,2.9748418,0,0,0,2.815917841,0,0,0,0,0.518106027,0,0,2.393564515,0,0,0,0,2.235757524,0,0,0,0,3.571657872,0,0,1.843031442,0,0,0,0,0,0,0,0,1.868032744,0,0,0,0,0,0.609077805,0,0,0.609077805,0,0,0,0,0.518106027,0,0,0,0,0,0,0,0.038532947,0,0,0,0,0,0,0,0,0,0,0,0,0,0,0,0,0,0,0,1.028931651,0,0,0,0,0,0,0,1.028931651,0,0,3.45751987,0,0,0,0,0,0,0,0,0,0
4.866107983,6.978681797,5.74382644,5.060581912,6.028534592,5.469220618,0,4.889009747,4.928955886,4.780709905,3.632087196,5.808465277,5.464138015,2.334570997,3.879858662,5.367935718,6.736424054,3.366268697,5.157451298,3.802400603,4.705631028,3.928353012,6.065514392,3.797916291,0,3.908432035,2.372670843,4.59653634,0,0,4.968762137,4.964572187,2.590191137,4.896528579,0,0,3.48980218,1.506504498,2.478965502,2.314962525,4.476349001,3.176305561,0,5.325924767,0,1.707175194,4.03666774,2.648601899,3.519924939,2.817835821,1.506504498,3.142259719,2.781246374,0,0,3.828892219,4.131173091,3.338196678,2.920197834,0,0,0,2.40937221,3.225294948,3.678727774,3.184638942,3.693803436,1.933948513,0,3.912448104,4.249492751,3.95559205,2.864627983,0,2.142493265,2.274552987,0.744364446,3.079739362,2.972841567,4.011576818,2.590191137,2.841505565,0,0,4.355282359,0,0,0,3.788886884,0,3.022851988,2.232441502,2.444774137,2.372670843,2.444774137,0,2.875991741,1.363403655,0,0,1.742893276,0,2.40937221,1.707175194,0.644280988,1.363403655,1.461042124,0,1.99030145,2.972841567,2.2537189,0,3.632087196,1.742893276,2.294961859,0,0,0,0,1.310759921,1.591662307,2.864627983,3.433183286,2.512026364,0,2.165750127,2.118682616,0,0,0,3.713557165,1.874229279,0.835336225,0,3.373165276,2.294961859,1.19634957,2.478965502,2.232441502,0,0,3.271996041,2.232441502,2.118682616,0,1.777379453,0,2.495632554,1.133829213,1.067137839,2.853133603,2.391189891,2.73027993,0,0,2.314962525,0,0,0,0,2.444774137,1.99030145,0,0,0,2.294961859,1.413414075,0,2.142493265,1.413414075,0,0,0,0,0,0,1.874229279,2.094291163,0,0,2.495632554,0,3.003146917,0,1.461042124,0,0,0,1.067137839,0,1.506504498,1.707175194,1.461042124,1.631667641,3.33105379,0,0,0,0,0,0,1.54998961,0,0,2.294961859,2.372670843,0,0,1.363403655,0,1.707175194,0,2.314962525,0,0,1.363403655,0,1.461042124,0,0,2.40937221,0,0,2.165750127,0,2.294961859,0,0,2.142493265,0,0,1.742893276,0,0,0,1.591662307,0,0,1.413414075,1.506504498,3.25667007,0,1.777379453,0,0,1.777379453,1.067137839,0,0,0,0,0,0,1.670133922,0,0,0,1.25519007,2.210701515,1.363403655,0,0,2.314962525,0,1.506504498,1.874229279,0,0.995678875,0,2.427229827,1.591662307,0,0,0,2.210701515,0,0,0,0,0,0,1.067137839,0.918717833,0,2.805787483,0,0,0,1.067137839,0,0,0,0,0,0,0,1.54998961,0,0,0,4.047231218,0,1.25519007,0,0,0,2.864627983,0,0,1.631667641,0,0,1.310759921,0,0,0,0,0,0,0,1.842976735,0,0.644280988,0,3.150880462,0,0,0,0,0,0,0,0,0,0.744364446,0,0,0,0,0,0,0,0,0,0,0,0,1.413414075,0,0,0.533055353,3.088913738,1.904534628,0,0,0,0,0,0,0,0,0,0,0,0,0,0,0,0,0,0,0,0,0,1.067137839,0.995678875,0,0,0,0,2.069289861,0.533055353,0,0,1.461042124,0,0,0,0,0,0.835336225,0,0,0,0,0.097737281,0,0,0,0,0,0
7.021158577,2.607828793,2.642314969,5.54856749,6.324818206,5.153704003,0,4.491703551,3.907111777,1.609299963,3.030685644,4.685074944,5.301744483,4.626234444,1.99876473,3.962940227,6.024692291,3.179898042,5.334419502,3.706441082,1.700271741,3.877983504,5.212465899,3.053413895,0,0,0,4.801147115,0,0,4.953338931,0,4.10604107,4.847044272,0,0,3.916635659,0,3.118654417,3.179898042,0,2.061285086,0,5.240600747,3.763274556,3.075637032,4.144507351,0,4.518020859,2.535069439,2.827457402,0,0,2.934225377,0,1.609299963,3.897496318,3.64618189,3.256125407,0,0,0,2.278349592,0,6.213993845,2.707912251,3.998499529,2.175695438,3.470052303,3.470052303,2.535069439,0,0,0,2.855236966,1.932073355,2.175695438,0,2.535069439,0,2.95922668,2.120125587,0,0,0,0,0,2.414925127,0,0,0,1.78365335,3.455126653,3.179898042,2.228339171,0,0,2.414925127,0,4.922619792,0,5.411720665,1.609299963,0,0,2.57211071,0,0,0,0,0,0,3.935415553,4.041241077,0,0,0,0,4.453655483,3.424589929,2.371440015,3.935415553,0,0,0,0,0.762002102,0,0,0,0,2.120125587,4.015815979,0,0,0,0,3.729563499,0,0,0,0,3.408964611,0,2.061285086,0,0,1.99876473,2.607828793,0.962672798,2.675651389,1.609299963,2.061285086,0,0,0,0,0,0,0,0,0,0,0,1.78365335,0,2.175695438,0,0,0,0,0,5.862545808,0,1.609299963,0,1.932073355,0,0,0,0,0,0,0,0,0,0,0,0,2.414925127,0,0,2.120125587,0,2.278349592,2.707912251,0,0,0,0,0,0,1.509216504,0,1.700271741,3.827467714,0,0,0,0,0,1.932073355,2.371440015,0,0,0,0,0,0,0,0,0,0,0,0,0,0,0,1.78365335,0,0,0,0,2.642314969,0,0,2.607828793,0,0,1.397990869,0,0,2.371440015,0,4.074165862,0,0,0,0,0,0,0,2.535069439,1.700271741,2.882265639,0,0,0,0,0,0,0,4.548713806,0,0,1.932073355,0,0,0,2.57211071,0,0,0,0,0,0,0,0.510687674,0,0,0,1.129726882,2.371440015,0,0,0,0,1.99876473,3.199506513,1.609299963,0,0,0,0,0,0,0,0,0,0,0,0,0,0,0,0.510687674,0,0,0,0,2.642314969,0,1.397990869,1.129726882,0,0,0,0,0,0,0,0,0,0,0,1.860614391,0,0,0,0,0,0,0,4.007195236,0.962672798,0,0,0,0,0,0,0,2.228339171,0,1.397990869,0,0,1.509216504,0,0,0,0,1.932073355,0,0,0,0,0,0,0,0,0,0,0,0,0,0,0,0,0,0,0,0,0,0,0,0,0,0,0,0,0,0,0,0,0,0,2.371440015,0,0,0,0,0,0,0,0,0,0,0,0,3.309709653,0
7.205039825,6.100906473,3.773801763,5.772978941,6.621922215,3.893946075,0,4.66277232,6.039546287,5.053552876,4.823978434,4.098041431,0,2.968176599,4.463396542,4.75728706,5.723756407,0,4.808978153,3.893946075,0,5.324828913,5.446447524,3.378918764,0,2.538613939,3.290949991,4.735838516,3.569974001,4.318103316,4.098041431,4.397195905,4.334430209,3.773801763,0,0,3.516389755,1.38999123,3.497870707,3.459770861,0,3.142529986,6.730852185,4.056150489,0,3.420161722,0,0,3.918792073,2.259029077,0,4.49146856,0,4.397195905,3.943035685,3.569974001,2.043917697,2.968176599,2.71686217,0,3.168847294,3.219491027,2.488603518,2.259029077,3.313678242,2.795333786,3.881287678,0,0,3.313678242,2.380389934,0,3.059148377,0,2.380389934,2.756867505,2.120878738,3.357641366,0,0,3.715391001,2.586241988,3.669228959,0,0,0,0,0,3.290949991,3.267693129,4.602694196,0,2.71686217,0,3.715391001,0,0,3.684854277,0,0,0,2.631704362,2.86809314,3.290949991,3.378918764,0,0,3.115501314,1.86956431,0,0,0,1.960536088,2.120878738,0,0,0,0,0,2.435959785,3.24388248,0,0,0,0,0,0,0,2.435959785,0,0,0,2.259029077,0,0,0,0,0,0,0,0,0,3.087721749,0,1.86956431,0,0,2.321549434,0,1.222937145,0,0,0,0,0,0,0,1.533092073,0,0,0,1.658255216,0,0,0,0,0,0,0,0,0,0,0,0,0,0,0,0,0,0,0,0,0,0,0,3.378918764,0,0,0,1.533092073,0,0,2.586241988,0,2.675189474,2.043917697,0,0,2.631704362,0,0,0,1.222937145,0,1.38999123,0,0,0,0,0,0,2.043917697,0,0,0,2.120878738,0,0,0,0,0,0,0,2.675189474,0,0,0,0,0,0,0,0,0,0,0,0,0,0,0,0,0,0,0,0,0,0,0,0,0,0,0,0,0,0,0,0,0,0,0,0,0,0,0,0,0,0,0,0,0,2.968176599,0,0,0,0,0,0,0,2.259029077,2.631704362,0,0,0,0,0,0,0,0,0,0,0,0,0,0,0,0,0,0,0,0,1.658255216,0,2.538613939,0,0,0,0,0,0,0,0,0,0,0,2.043917697,0,0,0,0,0,0,0,0,0,0,0,2.120878738,0,0,0,0,0,0,0,0,0,0,0,0,0,0,0,0,0,0,0,0,0,0,0,0,0,0,0,0,0,0,0,0,0,0,0,0,0,0,0,0,0,0,0,0,0,0,0,0,0,0,0,0,0,0,0,0,0,0,0,0,0,0,0,0,0,0,0,0,0,0,0,0,0,0,0,0
7.232769791,5.661269098,2.382960356,5.845217994,6.596823986,6.043351422,0,5.75110725,6.083804978,6.019571382,4.164378471,6.001854383,3.25120139,0,5.689711382,5.558438857,6.053462093,2.251191078,5.223409622,4.426262851,1.033033639,4.68183487,5.634864924,4.497280338,0,5.294371234,4.546709004,3.448096715,2.357959054,4.74194912,5.313001181,3.619722983,4.325336932,5.074412666,0,0,4.557992622,0,4.769568827,4.73961267,0,3.404611604,5.203015615,4.732570388,3.057415404,0,4.095534089,3.721852478,4.342881242,2.992457507,1.543859263,3.094456675,3.529774746,5.267140144,1.543859263,2.066048645,3.790629577,4.366937385,3.240784629,3.057415404,2.332316623,3.464974753,2.066048645,1.838658803,2.603631718,3.106505014,2.278970642,0,0,2.56322218,3.583222581,0,4.077556077,0,2.251191078,1.485018763,0,2.131645928,3.568241027,0,3.464974753,2.965244944,4.213069631,1.958803115,0,0,0,1.880331499,4.30024601,1.543859263,2.251191078,2.131645928,3.005791038,0,3.25120139,0,2.357959054,0,0,4.769568827,2.407351809,2.661340036,3.175897007,0,1.795173691,0,0,0,2.750685136,0,0,0,0,3.987447763,3.808594132,0,0,0,4.117561411,2.131645928,2.816824939,1.124005417,0,2.099385065,0,0,0,0,0,0,0,2.800695557,2.908492127,0,3.30171718,2.278970642,3.175897007,3.018949123,0,0,2.992457507,2.222617706,2.56322218,0,1.284348067,3.545339263,0.93295018,3.141802796,0,1.702083268,2.031562469,0,2.992457507,3.553031609,0,0,0,0,1.995844387,2.099385065,0,2.031562469,0,0,2.031562469,2.698041403,1.749711317,0,0,2.477147571,0,0,0,0,1.124005417,0,2.099385065,0,0,0,2.56322218,2.73344333,0,0,0,0,0,0,0,1.485018763,0,1.880331499,1.485018763,0,0.553460559,2.099385065,0,0,0,0,0,0,0,0,1.652072847,0,0,0,1.652072847,0.821724545,2.56322218,1.599429114,1.355807031,1.920336834,0,1.355807031,0,0,0,1.920336834,0,0,0,0,0,2.431162458,0,0,0,0,0,1.838658803,0,0,0,1.207387026,0.386406474,0,0,1.422498406,0,0,0.553460559,0,0,0,0,0,2.222617706,0,0,1.599429114,0,0,0,0,0,1.958803115,1.422498406,1.033033639,0,0,0,0,1.422498406,0,0,0,0,0,0,0,0,0,0,0,0,1.749711317,0.821724545,1.995844387,2.477147571,1.702083268,0,0,0,0,0,2.499370708,0.185735779,0,0,0,0,0,0,0,0,0,1.124005417,0,0,1.543859263,0,1.033033639,0,0,0,0,0,0,2.099385065,0,0,0.185735779,0,0,1.124005417,0,1.652072847,0,0,0,0,0,0,1.485018763,0,0,0,0,0,0,0.821724545,0,0,0,0,0,0,0,0,0,0,0,0,0,0,1.422498406,0,0,0,0,0,0,0,0,0,0,0,0,0.386406474,0,0,0,0,0,0,0,0,0,0,0.553460559,0,0,0,0,0,2.066048645,0,0,0,0,0,0,0,0,0,0,0,0,0,0,0,0,0,0.185735779,0,0,0,0,1.838658803,0
6.514785736,5.494367439,4.871470201,5.478845203,6.125360624,4.413312854,0,4.61046897,5.562101657,4.813847172,5.190771971,4.986617558,4.925952948,5.07474795,3.979644437,4.768738436,5.807239761,2.874002243,4.335443341,4.77350035,2.726005428,3.864703244,5.472568211,3.852845398,0,2.993547393,3.256272734,2.649535064,0,3.564500415,3.345988033,3.698363318,4.101505544,3.226966607,3.679627407,0,2.713659593,0,2.70115943,2.622687814,3.352567004,4.242951272,0,5.052235151,3.868624818,0.999551058,3.065977231,3.181331313,3.44638576,3.181331313,1.602547141,3.345988033,0,2.80840496,2.186132119,3.469985675,3.947613229,0,5.089864517,3.965534856,3.165644716,2.905254786,3.173518773,3.665341449,2.945461207,2.186132119,0,0,3.585498562,2.164854721,2.905254786,0,2.595099858,0,2.305084062,2.894945417,1.24317314,2.341785429,2.80840496,0,2.428045773,1.709792672,2.051095835,0,0,2.507452551,0,2.460568965,3.384827867,1.97606065,3.498723285,1.743129092,0,2.581015118,2.492067632,0,1.775389954,2.247375745,0,3.860766231,0,2.460568965,3.211985054,3.277702125,0.767749444,0,2.894945417,1.922714669,2.492067632,3.241727023,0,1.24317314,1.524075526,2.636201534,0,0,0,1.922714669,5.305013124,0.928092094,0,3.645970384,0,2.428045773,0,0,2.051095835,0,1.922714669,0,0,2.675680345,0,2.797041202,3.196775635,2.75024904,0.340305429,2.492067632,0,0,0,0,1.97606065,2.522604356,0,2.566729161,3.41608041,0.676777665,4.170395051,0.0301505,3.133513438,2.32360311,2.305084062,0,0,0,1.836947847,0,0,3.600962788,1.066242432,1.675306496,0,0,0,1.128762789,1.438917717,0,0,1.894935105,0,0,2.830752259,0,1.709792672,0,3.515577616,0,0,0,3.44638576,0,1.922714669,4.066801746,1.128762789,0,0,0,2.341785429,0.999551058,2.206966206,0,1.482402829,1.128762789,2.80840496,2.649535064,0,2.051095835,0,0,0,1.066242432,0,0,1.128762789,0,0,0,1.066242432,0,0,2.649535064,2.341785429,2.286215578,1.836947847,0,0,2.566729161,0,0.999551058,3.021326957,0,0,2.206966206,1.482402829,0,0,1.743129092,1.743129092,0,0,0,0,2.120891597,0,1.97606065,2.051095835,0,0.767749444,0,0,0,0.999551058,3.298681916,0,0,0,0,2.359643046,0,0,0,0,1.949743341,0,0,1.438917717,0,1.709792672,0,0,0,2.726005428,0,1.128762789,0,0,0,0,0,0,0,0,0,0,0,0,0,1.775389954,0,2.305084062,0,0,0,0,0,0,2.120891597,0,1.438917717,0,0,0,0,0,0,0,0,0,1.894935105,0,3.325987366,0,0.576694207,0,0,0,0,0,0.676777665,3.716754641,0,0.851131053,0,0,0,1.295816874,1.743129092,0,0,1.949743341,0,0,0,1.482402829,2.120891597,0,0,0,0,0,0,0,1.128762789,0,0,0,0,0,0,0,0,0,0,0.767749444,0,0,1.187603289,0,0,2.120891597,0,0.676777665,0,0,0,0,0,0,0,0,0,0,0,0,0,0,0,0,0,0,0,0,1.482402829,0,0,0,0.767749444,0,0,0,1.675306496,1.743129092,0,0,0,0,0,0,0,0,0,0,0.767749444,0,0,0,0,0,0,2.266984216,0
6.671097526,3.976641417,0,5.085329358,5.922551566,2.932229585,0,4.859466993,4.957154164,4.616494636,4.544541063,4.902506422,0,5.371129962,3.207241805,4.230203669,5.89170079,0,4.503539712,5.123038744,1.847903254,4.345144862,5.111711762,3.691487791,0,2.202448271,2.725143471,5.954582774,0,5.085329358,4.238031497,0,4.122439043,4.234125242,0,0,3.976641417,0,3.228864269,2.946515542,0,4.506524789,6.096702401,4.264956201,5.019732075,4.616494636,3.490817095,0,2.960600282,3.207241805,0,0,2.231862157,5.762900555,0,3.847080432,3.028193573,3.320765631,0,4.214361753,4.570038195,0,2.508615159,3.103701126,2.793546198,2.707285853,4.98339747,3.971565264,3.718067429,3.750328291,1.365051482,0,2.841942738,0,3.015035489,3.431477656,2.04080692,2.872952975,2.670584486,0,2.612876169,2.974489394,2.551632544,1.553103714,0,0,0,3.280959381,3.041180769,3.482552586,3.621773158,2.809940007,4.173622922,0,2.88810478,0,0,1.553103714,0,0,0,4.878139734,3.395918354,4.109222992,1.929581285,0,1.293592518,0,2.74268778,2.725143471,0,1.608673565,2.140890378,2.367203504,0,0,0,0,4.725187377,2.63248464,3.793813403,1.711327719,0,0,2.689103534,3.431477656,0,0,3.340089904,0,0,3.015035489,2.508615159,0,3.091505853,3.996692214,0,0,2.04080692,0,0,3.270755211,2.872952975,0,1.133249868,2.04080692,0,1.553103714,3.718067429,1.133249868,2.74268778,1.968047566,1.661317298,0,0,0,3.054001457,0,2.88810478,0,1.661317298,1.216631477,0,0,1.04227809,1.04227809,0.830968996,2.231862157,0,0,0,0,0,0,0,0,0,0,0,0,0.830968996,1.608673565,0,3.531145141,0,0,2.367203504,0,0,0,0,0,1.365051482,2.793546198,1.847903254,2.759929587,0,0,1.661317298,0,0,0,1.293592518,0,1.04227809,0,0,0,0,0,0,2.392204807,1.494263213,1.365051482,3.196252683,2.315243766,0,0,0,0,0,0,0,0,2.612876169,0,0,2.172142922,0,3.684731008,0,1.494263213,0,0,0,0,1.88957595,1.04227809,0,1.968047566,0,0,0,0,0,0,1.968047566,0,0,0,1.847903254,0,0,0,0,0,1.88957595,0,0,1.88957595,2.288215093,0,0,2.005088837,1.133249868,0.830968996,0,0,0,2.04080692,0,0,0,0,0,0.194980229,0,2.392204807,1.968047566,0,0,0,0,0,0,0,0,2.946515542,0,0,0,0,0,0,0,0,0,0,0,0,0,3.196252683,0,1.431742857,0,0,0,0,0,0,1.711327719,0,1.804418142,0.562705009,0,0,0,0,0,0,0,0,0,0,0,2.90303043,0,0,1.494263213,0,0.830968996,0,0,0,0.705805853,0,0,0,0,0.830968996,1.847903254,0,0,0,0,0,0,0,0,0,0,0,0,0,0,0,0,0,0,0,1.431742857,0,0,0,0,2.075293096,0,0,0,0,0,0,0,1.494263213,0,0,0,0,0,0,0,0,0.562705009,0,0,0,0,0,0,0,0,0,0,1.661317298,0,0,0,0,0,2.172142922,0,0
7.120802546,7.288521896,6.978604455,6.918792059,3.697265721,7.189166969,0,5.941799892,1.289846567,6.297318969,5.183812788,4.939821047,0,4.54996535,5.930688666,4.601157629,3.52155732,0,3.618407146,2.662895701,0,5.411020951,3.451353061,5.370945902,1.779394792,5.936764634,5.205022491,4.667972827,3.894483672,4.354220773,4.293442577,5.329197553,6.502204634,4.123059911,4.553997614,0,1.841915149,1.841915149,3.954879383,4.359122744,4.434452463,4.604989052,0,0,4.245304941,4.052517852,0,4.011834276,4.383278507,1.564283412,0,0,3.932656246,4.90360539,0,3.838469031,4.217525377,2.635867029,0,4.256204232,3.426811952,4.720432407,2.519794857,3.294167478,0,4.228729976,3.487071144,0,3.205219992,2.27723322,2.689213009,0,2.899284479,0,2.980136576,0,0,3.054937789,2.999367938,0,4.713594774,2.856267094,0,0,0,2.878007081,0,0,0,2.058979654,0,2.315699501,0,0,3.821871139,0,2.152070077,0,0,0,3.205219992,4.314115147,3.335840174,1.289846567,1.9563255,0,0,0,2.519794857,0,3.854795924,2.940527438,0,0,3.969425094,0,0,0,0,0,2.195555189,0,2.106607703,3.189594674,1.480901803,2.811315706,1.841915149,0,2.960528104,0,2.237227886,0,2.608087465,3.41431179,1.841915149,0,1.053457789,3.279881521,0,0,3.487071144,0,1.9563255,0,0.74330286,0,1.779394792,1.712703417,0,3.220604911,2.878007081,2.27723322,2.788058844,0,0,0,2.899284479,2.315699501,0,0,0,3.388832704,0,0,0,3.543904619,3.072795406,0,0,2.008969234,0,0,0,0,0,3.107581522,0,0,0,0,0,0,0,0,0,0,0,0,3.157591943,1.779394792,0,0,0,0,0,1.712703417,2.058979654,0,0,0,0,0,0,0,0.74330286,0,0,0,0,1.289846567,2.008969234,0,0,2.106607703,0,0,2.352740773,0,1.289846567,2.195555189,0,0,0,3.141198133,0,0,0,0,0,0,0,0,0,0,0,0,1.900755649,1.841915149,0,0,0,0,0,0,0,0,0,0,0,0,0,0,0,0,0,0,0,0,1.641244454,0,0,1.480901803,0,0,1.289846567,0,0,0,2.27723322,0,0,0,0,0,0,0,0,2.195555189,0,0,0,2.519794857,0,0,0,0,0,0,0,0,0,0,0,0,0,0,2.008969234,0,2.388458855,0,0,0,2.834043957,0,0,0,0,0,0,0,0,0,0,0,0,0,0,0,0,0,0,1.712703417,1.053457789,0,0,0,0,0,0,0,0,1.841915149,1.389930025,0,0,0,0,0,0,1.641244454,0,0,0,0,0,0,0.910356945,0,0,0,0,0,0,0,2.27723322,0,0,0,0,0,0,0,0,0,0,0,0,0,0,0,0,0,0,0,3.576516204,0,0,0,0,0,0,0,0,0,0,0,0,0,0,0,0,0,0,0,0,0,0,0,0,0,0,0
5.790019617,5.441185834,7.019235701,4.624155101,3.898604497,6.270767786,0,5.285397735,3.207451335,4.792694519,6.214474211,4.500922461,4.962006649,5.384102736,4.340009442,4.073915509,2.616472329,0,3.559734178,4.070559801,0.246947753,4.032884112,2.763402761,4.196711087,5.602444901,4.039840662,5.168051014,4.489933339,3.005008375,4.562382478,3.640423089,3.496128928,4.562382478,3.402310172,0,0,2.738244201,0,3.926165296,4.231649138,3.874360885,4.842067603,0,1.532145997,3.421791308,4.202619523,2.444172331,0,3.542784619,3.705445989,0,2.954997954,2.277118246,5.185839142,0,3.614243583,3.719869316,2.494182751,2.699278233,4.641396908,2.83528999,4.262637533,0.817492612,3.614243583,0,2.934271824,3.150058537,0,3.849514887,1.443198511,2.494182751,2.630758286,2.494182751,4.357821617,3.368973752,0,2.965202124,3.421791308,2.510312133,0,4.029387605,0,0,0,0,2.616472329,4.190767533,2.750902598,0,3.298769493,0,3.761931591,4.129304258,0,0,0,1.825133122,2.124649652,4.489933339,0,2.373346278,3.886556158,3.261728222,4.02587883,2.409386214,3.246518803,3.715084618,0,0,0,0,2.630758286,0,0.51521174,2.572347524,0,0,2.572347524,0,0,1.689331581,2.391528597,0,2.100839004,0,2.934271824,0.626437375,0,0,0,3.199451292,2.277118246,2.672430983,3.570876354,1.049294226,0,0,0,3.238826457,0,0,0,0,2.124649652,0.817492612,0,0,1.652290309,2.84678437,2.335958746,1.652290309,2.444172331,1.972457837,1.178505957,2.124649652,0,4.82007143,0,3.071070126,2.923745411,0,1.79287226,0,1.532145997,0,2.587273174,2.672430983,0,0,0,0,0.726520833,0,0,2.494182751,1.689331581,0,0,0,0,0,0,0,2.391528597,2.051446248,1.395570462,1.75953584,0,3.355321663,1.488660885,2.297118913,0,1.443198511,2.630758286,0,2.494182751,0,0,0,0,0,0,0,0,1.443198511,3.052636424,0.817492612,0,0.390048597,0.900874221,1.689331581,2.35482723,2.391528597,2.391528597,0,1.345560042,3.158461948,0,0,2.526185482,2.235875287,0,2.526185482,0,2.07644755,0,0,0,0,0,0,0,1.652290309,0,0,1.395570462,0,1.613824028,0,1.725049664,0,0,0,0,0,0,0,2.100839004,0,0,1.75953584,1.972457837,1.613824028,0,2.557195719,0,1.395570462,1.79287226,1.395570462,1.652290309,0,0,0,1.488660885,0.079893669,0,0,0,0,0,1.573818694,0,2.051446248,0,0,1.178505957,0,0,1.178505957,0,1.532145997,1.178505957,0,0,0,0,0,2.557195719,0,1.178505957,0,0,1.613824028,0,0,0,1.488660885,0,2.256709374,0,0,0,3.341480611,0.51521174,0,0,0,0,0,0,0,0,1.886691015,1.049294226,0,0,1.345560042,0,0,0,0,0,0,0,0,0.51521174,0,0,0,0,0,0,0,0,0,1.049294226,0,0,0,0,0,0,0,0,0.900874221,0,0,0,0,0,0,0,0,0,0,0,1.1159856,0,0,2.051446248,0,0,0,0,0,0,0,0,0,0,0,0,0,0,0,0,0,0.626437375,0,0,0,0.626437375,0,2.051446248,0,0,0,0,0,0,1.613824028,0,0,1.488660885,0,0,0,0,0,0,0,0
6.09775712,5.742613439,7.747103141,5.173688903,5.100181351,6.499161551,0,4.970612915,4.490700161,5.64781316,0,4.76912429,5.491978821,4.890999352,4.658851238,4.134534684,4.071466502,3.240905434,4.200239757,3.312936562,1.367026413,3.793979421,4.038375248,3.898145906,3.098442753,4.85696041,4.345034978,4.717404547,3.172208903,0,3.639430889,3.964698527,4.559613758,3.273561397,0,0,1.799159768,0,2.837512866,3.495901413,3.923624992,4.897353623,0,4.174473437,3.449840639,1.990215005,3.422535189,0,3.029108059,2.786546422,1.866982365,3.836041696,0,0,0,4.626161912,3.43628111,3.273561397,4.019506763,4.709792711,3.240905434,3.605433281,1.833645945,3.80348068,2.568292856,3.14518023,3.968714596,0,3.328262533,1.763441686,4.030870522,4.564043444,2.849858701,4.174473437,3.273561397,2.330819479,1.252616062,2.932258233,2.825012703,0,2.837512866,1.56277099,0,0,0,3.14518023,0,2.371229017,0,3.521299603,2.428937335,2.568292856,0,0,2.018788378,0,0,0,0,0,0,3.463218765,2.997855516,0,0,2.825012703,1.799159768,0,3.257366711,2.849858701,0,3.449840639,0,0,2.920894475,0,2.551899046,3.463218765,4.228454795,2.198759757,2.222016619,3.611180423,0,2.447456383,2.676089426,2.954605532,1.96080112,0,0,0,2.483496319,1.899243227,0.974984325,0,2.125556353,0,0,0,0,0,2.518282435,0,1.647928799,0,1.419670147,0,2.676089426,1.726400414,2.584422238,1.899243227,2.897772057,3.06931448,1.647928799,0,2.447456383,3.107966634,0,1.866982365,2.099913922,2.676089426,0,0.70054748,0,2.535231994,0.589321845,2.897772057,0,0,0,2.718953131,0,3.622576558,1.687934133,0,1.763441686,1.930495771,0,0,0,0,2.732842243,0,0,2.073596614,2.018788378,0,0.800630938,0,1.311456562,1.687934133,0,0,1.990215005,0,1.311456562,1.687934133,2.920894475,0,0,0,2.351228351,0,0,3.343357159,0.800630938,0,0,0,0,2.046567942,2.150557655,0,2.812354306,3.01879869,0,0,0,1.763441686,0,1.190095705,1.833645945,0,0,0,0,0,0,2.954605532,3.207146954,0,0,0,0,0,0,1.517308616,0,2.24474487,0,1.687934133,0,0,0.70054748,0,0,0,1.56277099,1.833645945,1.96080112,0,0,2.920894475,0,0,0,0,1.123404331,1.866982365,0.891602717,0,0,0,0,0,0,0,0,1.96080112,0,0,2.351228351,0,0,2.390837489,0,0,0,0,0.974984325,0,2.125556353,0,0,0,0,0,0,0,0,1.606256102,0,0,2.046567942,0,1.930495771,0,0,0.800630938,1.367026413,0,0,0,0,0.464158702,0,0,0,0,0,0,1.517308616,0,2.018788378,1.123404331,0,0,0,0,0,0,0,0,0,1.899243227,0,0,0,0,0,0,0,1.990215005,0,0,1.647928799,0,0,0,0,0,0,0,0,0,0,1.367026413,0,1.469680567,0,0,0,0,0,0,2.330819479,0,0,0,0,0,1.799159768,0,0,0,0,0,0,0,1.311456562,0,0,0,1.123404331,1.367026413,0,0,0,0,0,0,0,0.800630938,0,0,0,0,0,0.321057858,0.70054748,0,0,0,0,0,0,0,0,0,0,0,0,0
5.959866392,6.900140508,6.273212706,5.700643726,4.408069579,5.524439343,0,5.311548747,3.661169445,6.033224907,4.643862631,4.895425322,4.201408954,4.602807835,5.684198563,4.35580805,3.189373165,0,3.69058333,3.899128082,0,3.7792841,0,4.151487715,5.387660441,5.795424198,4.476402166,4.303808568,3.088785928,0,3.865632127,5.033183217,4.055628939,3.71350697,3.067394738,0,3.513465601,0,3.884909833,3.884909833,4.055628939,4.419321456,0,3.189373165,3.217676941,2.10971879,0,0,3.554149178,2.574426732,1.142875779,3.170048892,0,0,1.924576357,3.140343738,3.702110835,2.976937628,3.936083788,4.047548087,2.556569114,3.356427249,2.081145417,2.538386795,3.757835557,2.823772655,3.011824887,0,3.056525066,2.928443278,2.89046403,2.081145417,3.217676941,3.655181403,3.217676941,2.46215943,2.809883543,2.519867747,3.07814753,0,3.150343821,0,3.208331079,0,0,3.456510708,4.194428122,1.990173639,2.46215943,1.56061098,3.805463606,2.737388041,3.527211522,0,0,0,2.722236236,0,3.150343821,0,3.179757706,2.591971041,1.510600559,2.051731532,0,1.890090181,1.890090181,1.697186515,1.343546474,0,0,2.519867747,0,0,3.69058333,0,2.190844335,2.379638406,0,1.890090181,2.988702469,3.011824887,3.940608683,2.137498354,2.265879521,2.659223268,1.817330826,0,0,0,3.034424719,0,1.56061098,3.441750292,1.281026117,1.510600559,3.140343738,0,0,0,3.52036218,0,0,0,1.214334743,2.357898419,1.778864546,2.137498354,0,3.056525066,2.442158763,2.164527026,2.357898419,0,1.778864546,0,0,1.738859211,1.817330826,0,1.457956825,1.281026117,0,1.854372098,0,1.457956825,1.778864546,0,0,0,0,1.343546474,0,0,0,1.065914738,0,0,0,0,0,0,0,1.56061098,0,2.051731532,1.142875779,0,0,1.738859211,2.289690169,0,1.778864546,0,1.608239029,0.891561351,0,0,0,0,0,0,0,2.10971879,1.778864546,2.626162406,0.791477892,0,0,0,2.659223268,0.982533129,0.555089114,0,0,0,2.021426183,0,0,0,0,0,0,2.574426732,1.281026117,0,0,1.854372098,1.510600559,0,0,0,0,0,0,0.680252257,1.142875779,0.891561351,0,1.457956825,0,0,0,0,0,0,0,0,1.065914738,0,0,1.890090181,0,0,0,0,1.56061098,1.214334743,0.680252257,2.137498354,0,0,0,1.457956825,1.281026117,0,0,1.065914738,0,0,1.817330826,0,0,0,0,0,0,0,0.244934186,0,0,0,2.500999263,0,0,0,0,0,0.04426349,0.982533129,0,0,0,0,0,2.556569114,0,0,2.10971879,1.142875779,0,0,0,0,0,0,0,0,0,0,1.510600559,0,0.891561351,0.41198827,0,0,0,0,0,0,0,0,0.791477892,1.281026117,0,0,0,0,0,0,0,1.065914738,0,0,1.957912777,0,0,0,2.137498354,1.065914738,0,0,0,0,0,0.41198827,0,0.982533129,0,0,1.281026117,0,0,0,0,0,2.357898419,0,0,0,0.982533129,0,0,0,0,0,0,0,0,0,0,1.065914738,0,0.982533129,0,0,0,0.982533129,0,0,0,0,0,0,2.051731532,0,0,0,0,0,0,0,0,0,0,1.281026117,0,0,0,0,0,0
6.537235067,5.748603816,0,4.924313589,6.424627703,5.853820849,0,5.051143185,6.194221158,5.54803939,6.093782998,4.768889834,0,5.121607916,3.741560786,4.087142397,4.366604379,2.718326633,4.799005034,6.099859992,2.993555245,4.711206742,4.343481962,4.620877389,0,2.898996662,3.893166287,5.83732742,5.330868615,0,4.056449451,3.636595605,3.748653014,3.762688332,3.365896305,0,4.087142397,0.501101389,3.464498282,3.355479545,4.605996162,0,0,4.796529785,0,2.146257384,3.519306519,0,3.727223623,2.993555245,1.864406232,0,0,0,5.976042292,4.295568606,3.492277846,2.214079981,4.315812212,0,3.093638703,3.066050747,1.909868606,2.591842486,0,3.344953132,4.868245093,0,3.344953132,1.322081941,2.591842486,0,3.184610482,0,4.649991527,3.290591922,4.351248991,2.545857373,3.159451922,0,3.323561942,3.312692269,2.848138245,0,0,0,0,3.093638703,0,4.675488659,0,2.677917095,2.545857373,2.812736318,2.830593935,0,4.488400516,3.20915159,3.952530897,0,0,0,2.18074356,4.425771356,2.657083008,3.244869673,0,4.922130182,0,1.816778183,0,0,0,3.426216096,0,0,0,2.88232961,0,2.88232961,0,0,5.148111234,3.159451922,0,3.396510941,2.393665558,0,0,0,0,2.18074356,1.953353718,2.07349803,2.657083008,0,0,2.993555245,3.416412096,0,0,0,2.614065623,2.812736318,1.537193321,0,0,0,0,2.07349803,0,2.393665558,2.214079981,0,0,2.737935105,5.34242109,0,0,4.024784536,1.766767763,1.470501947,0,0,0,0,2.522046724,2.472653969,0,0,0,0,0,0,0,0,0,0,0,0,0,0,0,0,3.093638703,0,1.995026415,0,4.478230936,2.146257384,2.365885994,0,2.035031749,2.307898736,1.399042983,0,0,0,0,0,2.472653969,0,0,0,1.714124029,0,0,0,0,0,0,0.501101389,0,0,0,0,1.864406232,0,0,0,0,0,3.20915159,0,2.88232961,0,0,0,1.470501947,2.898996662,0,0,2.737935105,0,0,0,1.238700332,2.718326633,0,2.472653969,0,0,0,2.931519854,2.657083008,0,0,3.221199929,0,0,0,1.147728554,4.847265303,0,0,0,1.537193321,0,2.545857373,0,0,0,0,0,1.238700332,0,0,0,0,0,0,0,0,0,0,2.42069423,0,0,2.246340843,0,0,1.909868606,1.470501947,2.110539302,0,0,0,0,0.811256318,0,0,0,0,0,0,0,0,0,0,1.238700332,0,0,0,0.936419461,0,0,0,0,0,0,0,0,1.909868606,1.399042983,0,0,1.599713678,3.790181473,0,0,1.599713678,0,0,0,0,0,0,0,2.277593386,0,0,2.337312621,0,0,0,0,0,0,0,0,0,0,0,0,0,0,0,0.936419461,0,0,2.07349803,0,0,0,0,0,0,0,0,0,0,0,0,0,0,0,0,0,0,0,0,0,0,0,3.386409845,0,0,0,0,0,0,0,0,0,0,0,0,0,0,0,0,0,0,0,0,0,0,0,0,0,0,0
5.964723997,5.344186802,6.725291104,5.111148744,4.334107266,6.338475615,0,5.15428482,5.139447752,5.806599778,5.445275111,4.96694332,2.469525337,4.500131749,5.073546403,4.182739777,4.167053181,1.426871702,3.646518743,2.688342998,1.825510845,3.472587609,4.093249206,4.295466095,3.731495531,5.180449103,3.943580195,4.893245156,2.942223175,0,3.46197743,3.755641574,3.969597922,3.242161668,2.55233124,0,3.274844316,0,3.533987966,3.378595821,1.904499256,3.771420994,0,3.467296591,0,2.226399286,0,0,3.689909498,3.180498301,1.578102671,3.445848048,0,1.904499256,0,3.144523199,3.318876586,2.711201136,0,3.361051511,2.244581605,3.372781851,1.385199005,2.04591091,3.378595821,3.194533619,3.672778458,0,2.942223175,2.497896034,2.628801604,0,3.274844316,0,2.711201136,2.088928295,1.878856825,2.628801604,3.558498997,0,3.228783542,2.942223175,0,0,0,3.577684237,0,2.425400532,2.828356228,3.107205436,1.953892011,2.109762382,0,2.023687773,1.825510845,0,3.857616644,0,3.689909498,3.423929362,0,2.733548435,2.067650897,1.709438673,2.244581605,2.905689432,2.088928295,0,2.483811294,2.455032329,0,3.731495531,0,2.226399286,3.378595821,0,0,2.297225338,3.90323859,0,3.281254594,1.578102671,2.76616002,2.776798419,2.808050962,2.688342998,1.031558965,0,2.942223175,0,3.107205436,0,1.578102671,3.412787185,2.226399286,2.15017192,0,2.905689432,2.511785146,0,2.67671496,0,1.878856825,2.994636918,1.645925268,2.616455769,0,1.67818613,1.645925268,2.628801604,1.578102671,1.797731281,2.109762382,2.877385656,3.52401282,0,0,0,2.000959522,2.347235759,0,2.297225338,0,3.318876586,0.243101605,0,2.297225338,0,0,0,0,2.640996878,0,0,1.878856825,0,0,0,0,0,0,0,0,0,2.53899771,0,0,0,2.297225338,2.226399286,0,0,2.297225338,1.19861305,1.67818613,0,1.797731281,0,0,0,1.709438673,0.902347234,0.902347234,0,1.797731281,2.896343569,1.24862347,0,0,2.483811294,2.55233124,0,2.578476521,2.425400532,0,0,2.578476521,1.542384589,0,1.426871702,0,0,0,2.914948757,0,0,0,0,0,0,0,0,2.109762382,0,0,1.19861305,1.542384589,2.023687773,0,1.090399465,0,0,0.479490383,1.97770266,0,0,0,0,0,0,0,2.425400532,1.578102671,0,0,0,0,1.505343317,0,1.612588848,0.67054562,0,0,0,0,1.578102671,0,0,0,0,1.929500558,0,0,0,0,1.505343317,0,0,1.612588848,0.753927228,0,1.645925268,0,0,0,0,0,0,0.67054562,1.145969316,0,0,1.505343317,0,0,0,1.341713893,0.479490383,0.902347234,0,1.296251519,0,3.228783542,0,2.565489325,0,0,0.579573841,0,0,1.797731281,0,1.739744023,0,0,0,0,0,0,0,0,0,1.825510845,0.83088827,0,0.100000761,0,2.848257383,0,0,1.578102671,0,0,0,0.753927228,0,0,0,0,1.24862347,0,0,0,0,0.67054562,0,0,0.67054562,0,0,0,0.243101605,0,0,2.262439222,0,2.688342998,0,0,0,0.902347234,0,0,0,0,0,0,0,0,0,0,1.031558965,0,0,0,0,0,0,0,0,0,1.709438673,0,2.130171254,0,0,0,0,0,0,1.709438673,0,0,2.15017192,0,0,1.542384589,0,0,0,0,0.368264748
5.365365471,5.776230116,6.65187298,4.461721701,4.144688265,5.096019314,0,4.664674758,5.089651893,3.344992974,6.027115797,4.147969646,3.195402266,4.59278146,2.429615902,3.567039032,4.598017074,4.083704088,4.016892242,4.370293861,2.474266176,2.860627102,3.71384214,4.341016986,0,1.384349594,3.680420006,2.260899997,3.612826715,3.868173406,2.983343547,4.18652864,2.678898841,2.811985295,0,0,3.054259328,1.868857909,2.456644574,0,0,0,5.046578351,3.598741975,4.195940474,3.412156019,2.747654437,3.623953394,2.573933661,2.811985295,0.651462085,3.284711073,3.503573629,0,4.978275947,3.855087069,2.912661961,2.456644574,1.409992024,0,3.468649445,0,1.94581895,3.265102601,1.214931442,2.786747362,1.594421064,2.500129686,2.978080377,1.655664689,2.134294373,2.303234361,2.382878424,1.94581895,3.531267706,3.009251732,0.801744288,3.092633341,2.474266176,0,1.750074373,3.634957632,0,0,0,1.884731258,0,3.156436297,2.083969289,3.484675429,1.331003613,2.720716781,1.915741495,2.642662993,1.573143665,0,3.284711073,3.296294214,3.558215445,0,2.392402305,0,2.109448374,1.767931991,0.93236447,3.245101935,2.429615902,4.403823759,2.121948537,2.134294373,3.19963956,3.366693645,0,2.918279954,0,4.022478849,0,2.333848997,3.160841591,2.912661961,1.655664689,2.866544279,1.358032285,1.7854763,2.146489646,1.767931991,0.407840002,0,2.517007724,0,2.872426649,1.731892054,0,3.363109412,1.409992024,3.092633341,3.380903476,1.868857909,1.975018105,0,0,0,0,3.994228383,0,1.529180542,0,1.594421064,0,1.960525098,0.890691774,2.083969289,1.409992024,0,2.872426649,0,3.019429937,1.655664689,1.802718107,0,1.047877357,1.434993327,0,2.872426649,0.704105818,0,1.214931442,0,0,1.358032285,0,2.158537984,0,0,1.836334718,0,2.533605615,2.158537984,0,0,2.193835766,0,0,0,1.635664022,1.529180542,1.594421064,0,2.650015967,0.537051733,1.694504522,0,2.465494189,1.384349594,1.45938478,1.884731258,1.767931991,0,0,1.836334718,2.805735275,2.557997068,0,0,0.336381038,0,1.61525515,0,0,2.121948537,0.407840002,1.434993327,2.057824009,2.158537984,0,0.595892233,0.704105818,1.900356576,0.08506661,0,0,0,2.373262965,2.146489646,1.868857909,1.61525515,0,1.274650677,0,2.2928176,0,0,0.847206662,0,0,0.93236447,0,1.61525515,0,1.694504522,0,0,0.847206662,0.93236447,0,2.465494189,0,1.434993327,2.205330146,0,1.183678898,0.336381038,0,1.118081616,0,0,1.884731258,0,0,2.070982093,1.358032285,1.635664022,0,0,0,1.45938478,0.474531376,0,0,0,1.010836086,0,0,0,0,1.010836086,0,0,0.407840002,0,1.989304062,0.474531376,1.9308933,1.183678898,0,1.694504522,2.044490478,1.183678898,0,0,0,0,1.713373006,0,0,0,0,0,1.529180542,0,0,0,0,0,2.68599107,0,0,0,0,0,2.951340816,0,1.214931442,0,0.890691774,0,0.704105818,2.799445946,0.93236447,0,0.754116239,0,0,0.259419997,0,0,0,0,0,0,1.358032285,1.409992024,1.118081616,0,0,1.183678898,0,0,0,0,0,0,0.259419997,0,0.407840002,0,0.651462085,0,0,0,0,0,0,0,0,0,0,0,0,0,0.407840002,0,0,0.972369805,0,0,0,0,0.754116239,0,0.537051733,1.047877357,0.407840002,1.358032285,0,0.651462085,0,0,0,0,0,0.537051733,0,0,0,0,1.852728527,0,0,0,1.915741495,0,0,0,0,0,0,0,0,1.010836086,0,0
4.948726109,5.344098823,5.889548153,4.310612464,4.256313412,5.487661378,0,5.001671234,6.023545453,5.9539612,5.959324581,5.594092902,3.439861371,4.906709426,4.938386282,4.488520028,4.651446325,2.681510996,4.594462446,4.467342766,4.418612053,3.426483245,4.536256364,5.319047413,0,5.189205661,3.93326028,2.528541652,2.307462085,4.569010383,4.094053584,3.654329526,3.406074373,3.741564291,5.059874398,0,4.090593373,0.130646379,3.497942209,3.62715394,3.765837328,0,0,4.438390201,3.64354775,3.281827191,3.342222901,3.91276776,3.433194679,4.018749201,1.028587972,2.953106931,3.794208025,0,3.446483912,3.62715394,3.857434497,2.874414663,2.953106931,0,3.036056014,0,0.951626931,3.026055931,2.40557994,3.576295523,0,1.995430983,3.055761085,2.221387476,2.151591714,2.681510996,3.363962888,3.616073494,2.826501307,2.286627998,0,2.862649821,3.242139443,0,1.84362497,4.044485915,0,0,0,2.736697412,0,2.89753708,2.814155471,2.175402362,0,1.740084291,2.102198958,1.582898708,0,1.229258667,3.412923715,3.784840275,0,0,0,4.083636823,1.343669019,0,2.424098988,2.347871623,0,2.477683234,0,3.18378956,0,3.453062883,0,3.780123285,3.11264846,3.96126211,0,2.102198958,2.386711456,2.367480094,0,1.81028855,0.677190085,1.16673831,2.886042701,0,1.028587972,0,0,0,1.84362497,2.102198958,1.582898708,3.18378956,2.265350599,2.05023922,1.100046936,2.307462085,1.582898708,0,2.776176223,0,0,0,1.775802374,3.546881638,0,2.528541652,2.023210547,1.907138376,2.494925041,1.582898708,2.736697412,0,3.103389134,0,2.243610613,1.396312752,0,0,2.561064843,1.664576739,0,2.862649821,1.70304302,1.875885832,1.582898708,0,0,0,0,0,0,0,1.539413596,0,0,0,0,0,1.100046936,0,0,1.84362497,0,0,1.84362497,0,1.100046936,0.777273544,1.995430983,0,1.493951222,0,0,1.493951222,1.446323173,0,0,0,0,1.624571404,0.868245322,2.862649821,0.56596445,0,1.624571404,0,1.875885832,0,1.664576739,1.028587972,1.582898708,0.677190085,0,0,0,1.582898708,0,1.84362497,0,0,2.607948429,2.995441295,0.440801307,0,0,0,1.229258667,0,0,2.424098988,2.528541652,0,0,1.664576739,1.740084291,0.868245322,0,0,4.927938426,0,0,1.664576739,0,2.544935461,1.396312752,1.539413596,0,0,0,0,0,1.582898708,0,0,0,0,0,0,0.951626931,0,0,0,1.288099167,0.677190085,0,0,0.951626931,0,0,0,0,0,0,0,0,0,2.221387476,0,0,1.84362497,0,0,0.130646379,0,0,0,0,0,1.775802374,0,0,0,0,0.868245322,0,1.028587972,0.56596445,1.582898708,0,0,0,0.868245322,0,0,0,0,0,0,0,0,0,0,0,0,0,2.127200261,2.776176223,0,0,1.539413596,0,0,0,0,0,0,0,0,0,1.775802374,0,0,0.56596445,0,0,0,0,0,0,0,0,0,0,0,0,0.440801307,0,0,0,0,0.677190085,0,0,0,0,0,0,0,0.677190085,0,0,0,0,0,0,0,0,0,0,0,2.442281307,0,0,0,0,0,0,0,0,0.777273544,0,0,0,0,0,1.028587972,0,0,0,0,0,0,0,0,1.539413596,0,0,0,0,0
5.862158533,3.722895352,5.742336468,4.551642933,3.73452339,6.238987067,0,4.59331563,5.539363282,4.797837897,3.801587621,4.804469221,3.054773539,5.315030434,3.997332198,4.109337256,3.948764231,3.135108687,3.466555788,4.090620132,3.819445238,3.404197926,3.757381528,3.501212721,5.642851999,4.292761957,2.155448341,1.745299384,2.326806593,3.703209677,4.071545984,1.948527626,2.647405481,4.096003725,2.210007326,4.870947366,4.342234411,0,1.773078948,0,0.916606711,3.61601755,0,3.620346561,3.099390605,2.755619065,2.326806593,2.372968635,2.775924332,2.795825486,1.41444514,0,1.948527626,0,1.625754233,3.491432692,2.459353249,2.499899344,0,3.420155712,2.402600433,0,1.525670775,2.942205021,2.551523709,2.925037217,0,2.077739357,3.61601755,1.901460115,2.898719909,0,2.473052094,5.012562877,2.486565813,2.057330485,1.093537419,3.24781061,2.734892935,0,2.588564981,1.243819623,0,1.243819623,0,1.925270763,0,2.785924415,0,3.290761997,0,2.513057428,1.993479013,1.41444514,2.192149708,0,3.456429119,3.162792116,1.925270763,0,1.948527626,0,1.45291142,2.41709344,1.196191574,0.979127068,3.515705729,1.093537419,2.057330485,1.971255877,0,2.227551635,0,2.097740024,2.342431911,3.628948765,0,1.657006777,2.41709344,2.805629486,1.332767109,1.625754233,1.037967568,2.097740024,2.41709344,0,1.525670775,0,2.431379397,0,2.670005313,2.35781683,0.778456373,2.724366522,2.036496398,1.657006777,0.916606711,0,0,0,2.077739357,0,1.852067359,0.190669708,2.588564981,1.289281997,0,2.155448341,0,2.526044624,3.092091302,2.015219,1.525670775,0,0,0,4.168480454,1.773078948,2.294803862,0,1.41444514,1.037967568,0,0,0.190669708,2.261743,1.037967568,0,0,0,0,0,4.003240634,0,2.036496398,0,0,0,0,0,1.657006777,0,0,0,1.489952692,0,1.716726011,0,0,0.701495332,3.228822697,0,2.612518222,0,0,1.657006777,2.155448341,1.852067359,0,2.588564981,1.625754233,1.625754233,0,0,0.979127068,1.41444514,2.117348495,0,1.877068662,2.077739357,2.210007326,1.45291142,2.459353249,0.979127068,2.734892935,1.037967568,1.80010762,0,0,0,0,0,0,2.86251686,0,0,0,0,0,2.765823236,0,0,1.687312126,3.016008996,0,1.289281997,0.527141945,1.593493371,0,1.625754233,0,0,0.916606711,0,2.724366522,2.670005313,0,0,1.625754233,0,1.243819623,0.701495332,0,1.243819623,0,0,0.979127068,0,1.657006777,1.877068662,0,0,0,0,0,0,0,0.047568864,0,1.716726011,2.077739357,0,0.047568864,0,0,0.427058486,0,0,2.192149708,0,1.901460115,1.196191574,0,0,1.41444514,0,0,0,0.527141945,0,2.402600433,0,0,0,0,2.41709344,0,0,0,0,1.971255877,0,0,0.047568864,0,0,0,0,0,3.24781061,2.210007326,0,0,0,0,0,0,0,0.701495332,0,1.971255877,0,0,1.657006777,0,0,0,0,0,0,0,0,0,0,0.527141945,0,0,2.526044624,0,0.849915337,0,0,0,0,1.196191574,0,0,0,0,0,0,0,0,1.826424929,0,0,0,0,0,1.993479013,0.190669708,0,1.687312126,0.849915337,0,0,0,1.332767109,1.45291142,2.261743,0,0,0,1.093537419,0,0,0,0,0,0,0,0,0,1.41444514,0,0,0,0,0,0,0,0,0,1.45291142,0,0,0,0,0,1.037967568,0,0
5.385707811,4.573174157,6.544185452,5.51760367,5.689725858,6.27545084,0,4.93876361,5.919542761,4.16510601,4.806090709,4.810656927,4.556866282,5.169016101,4.037391106,3.740784829,4.106054867,4.145807166,4.5627211,2.948602079,2.550441605,3.337309771,4.037391106,4.166842122,0,3.582864326,2.924862091,2.258383158,3.325309627,3.038298021,4.251610453,3.228186941,3.735458585,4.154625565,4.988030805,0,3.918002636,0.484015431,3.205764477,0,3.140167194,1.69143058,0,4.375835729,3.844151326,2.688873634,3.567190024,3.325309627,3.075144294,3.360886502,2.449438395,3.280034405,3.271577695,0,3.548050683,2.609781045,2.942719709,2.856512514,2.315216633,1.808067484,3.100655882,1.58262772,2.468577735,2.410024426,4.104209848,3.059518977,0,1.976532006,3.660631447,2.079564232,3.120606669,3.417505396,2.86929224,3.874814106,3.048964789,2.776201817,0,2.315216633,3.080298945,0,2.246618316,1.486167454,0,1.649319095,0,2.42992558,0,2.912777352,2.270011196,2.65010909,0,2.246618316,2.665795686,2.036700527,1.259854328,0,3.250117644,1.460525023,0,0,0,3.402717696,0,0,0.161242039,2.326205754,1.159770869,2.881910704,1.895843095,1.928903957,2.270011196,3.421168404,0,3.173503615,2.107152188,4.093067672,0,1.649319095,0,3.442869075,2.02199438,2.496616955,0,2.133999438,2.505791331,2.37940979,0,0,0,0,3.325309627,2.270011196,2.337075426,2.420024509,1.895843095,0.672067663,1.486167454,2.258383158,0,0,1.991916925,0,1.259854328,2.160144718,1.991916925,0,1.75144859,1.945033339,2.601516535,2.42992558,1.434207715,2.673547663,1.86165173,1.912510147,3.00004199,3.17817652,0,2.304105407,2.093453344,0,1.434207715,1.291106871,0,2.740737108,1.0085399,2.270011196,1.259854328,0,0,2.449438395,0,0.412556467,3.839349396,0,1.912510147,0,0,0,0,0,0,0,0.830291668,0,1.511168756,0,0.727637514,0,0,1.159770869,2.593183153,0,2.00706873,0.877919717,1.460525023,0.613227163,1.379399478,0,0,0,2.755074271,1.350826106,0.335595426,0,0.672067663,0,0,0,1.259854328,0.550706806,1.649319095,0.252213817,1.86165173,0,0,1.486167454,0.830291668,2.496616955,2.496616955,0.830291668,0,0,0,3.732784787,0,0,0,1.878893536,0.923382091,0,0,1.58262772,1.945033339,2.478011767,0,1.58262772,0,1.58262772,0,1.826249803,0,0,2.185623804,1.486167454,0,1.976532006,0,0,1.627579108,0,0.672067663,2.948602079,0,1.159770869,0,0,0.613227163,0,0,1.605355971,0.252213817,0,0,1.048545234,0.877919717,1.048545234,0,0,0,0,0,0,1.605355971,1.928903957,1.991916925,0,0,0,0.830291668,0,2.133999438,1.0085399,0,0,1.259854328,0,0,0,1.670596493,0,0,0,0,0,0,2.358466616,0,1.770679952,0,0.252213817,0,0,0,0.484015431,0,0,0,0,0,0,0,0,0,0,0.672067663,0,0.061158581,2.258383158,1.460525023,0,0.923382091,0,1.407179043,1.259854328,0,0,0,0,0,0,0.672067663,1.58262772,0,0.484015431,0.484015431,0,0,1.84410742,0,0.780281248,0,0,0,0,0,0,0,0.727637514,0,0,0,0,0.923382091,0,0.923382091,0,0,0,0,0,1.379399478,0,0,1.159770869,0,0,0,0,0,0,0,1.649319095,0.484015431,0.966867203,0,1.259854328,0,0,0,0,0,0.061158581,0,0,0,0,0,0.923382091,0,0,0,0,1.321412221,0,0,0,0,0,0,1.259854328,0,0
6.373282267,6.410302966,6.346527374,5.905275511,4.450117319,6.253210171,0,5.747756724,5.178133325,6.398237007,5.066174418,5.4792758,2.625568027,5.694178946,5.670090464,3.640798706,3.428466071,2.814534126,3.669372079,4.126975195,2.216094897,4.394399991,0,5.011758704,5.682207235,4.903040419,4.9289528,2.285890659,2.840679406,4.587351525,4.064454838,4.462938007,4.731651499,3.881753702,2.524642108,1.352602351,3.858711208,0.50530449,3.477426898,3.213354692,5.112472679,5.113802467,0,2.45121464,4.001812052,2.927153004,2.470083124,5.037903984,3.877187484,2.216094897,0,2.938917846,5.033593632,0,0,3.282051223,3.442701187,3.391965669,2.717235215,4.873063153,3.477426898,3.574906613,1.804587475,2.973404022,2.559428224,3.54345748,1.647401891,0,4.192515888,1.016130114,2.801200595,2.470083124,2.059934166,2.166702142,2.506784491,2.866158492,2.059934166,3.421271796,2.308113796,0,3.524102037,1.647401891,0,1.729079922,0,4.098040084,4.358284955,2.687603418,0,2.285890659,0,2.576377783,2.524642108,2.371965268,2.76009892,0,2.878658654,2.524642108,0,0,3.786215706,1.940389016,1.729079922,2.470083124,2.773988032,2.657066694,3.346330374,0,1.689074588,0,2.717235215,2.45121464,0,2.114742403,3.939291695,2.866158492,0,2.191703444,0,2.74601418,2.141059711,1.840305557,0,1.908128154,0,0,2.329853783,0,0,0,3.421271796,1.971641559,2.308113796,3.195416991,0,2.657066694,4.434512321,2.76009892,0,0,3.599372665,0,0,3.463680978,0.741693269,0,1.729079922,1.093091155,0,2.853500095,2.431983278,2.559428224,2.114742403,0,1.971641559,0,0,2.308113796,0,0,2.141059711,2.371965268,0,2.059934166,0,2.412374806,2.031360794,1.016130114,0,0,0,0,0,0,0,0,1.510826356,0,0,0,0,0,0,0,0,3.724180315,0.932748505,0,1.510826356,0.362203647,0,0,1.971641559,0,0,1.231241494,2.087713731,0,0,0,1.940389016,1.603916779,0.50530449,0,1.647401891,0,0,0,0,1.804587475,1.603916779,0.630467633,0,0,0,1.293761851,1.940389016,0,0,0,0,0,0,3.239672,1.164550119,0,0,1.558454405,0,2.059934166,0,2.059934166,1.689074588,1.016130114,0,1.408172202,0,0,0,0,0,0,0.932748505,0,0,1.016130114,1.164550119,1.558454405,0,0,0,0,0.741693269,0,0,0,0,0,1.804587475,1.940389016,0,0,0,0,1.231241494,0,1.293761851,1.293761851,0,0,0,0,0,0,0,0,0,0,0,0,0,1.293761851,0.932748505,0,2.840679406,0,0,0,0,0,1.729079922,0,0,0,0,0,2.059934166,0,0,0,0,0,0,0,0,0,0,0,0,0,2.45121464,0,0,0,0,0,0,0,0,0,0,0,1.231241494,0,0,0,0,0,0,0,0,1.647401891,0,0,0.841776727,0,0,0,0,1.016130114,0,0,0,0,0.841776727,0,0,0.841776727,0,0,0,0,0,0,0,0,0,0,0,0,0,0,0,0,0,0,0,0.50530449,0,0,0,1.016130114,0,0,0,0,0,0,0,0,0,1.908128154,0,1.293761851,0,0,0,0,0,0,0,0,1.293761851,0,0,0,0,0,0,0,0,0
8.06483073,5.614172834,0,6.781927126,8.336086227,0,7.172388096,0,6.132487126,5.362091093,0,0,0,0,5.085288029,6.248581198,5.761203307,0,5.847731756,0,5.991965503,5.600659115,5.515501307,3.466696735,0,4.434510619,4.069692818,0,3.008121801,0,0,3.991221203,4.727636364,4.304093524,0,0,2.497296177,1.945227595,4.443206326,4.130687331,0,0,0,5.627506365,0,0,4.727636364,0,5.674086584,0,0,0,4.283992345,0,6.446790114,0,4.210274769,0,0,0,0,4.094538817,4.867256673,0,0,2.43477582,0,3.615909133,0,0,0,0,3.692136498,0,0,3.949548506,0,0,4.16557459,0,0,0,0,0,0,0,0,3.234895121,3.796579162,0,3.443439872,0,0,0,0,0,2.556136677,0,0,0,0,0,0,0,0,0,0,5.454413615,0,0,0,0,0,5.597934318,3.370236468,0,0,3.466696735,0,0,0,0,0,4.714521421,0,0,3.511648122,0,0,2.932614249,0,2.892608914,0,0,5.432119698,0,0,4.660270832,0,0,3.263468493,0,0,0,1.198013193,0,0,0,0,0,0,3.692136498,1.945227595,5.90151928,0,0,0,3.234895121,0,0,0,0,0,0,4.526241555,0,0,0,0,0,0,0,0,0,2.971080529,4.927714642,0,0,0,0,0,0,0,0,0,0,0,0,0,0,0,5.988278863,0,0,0,0,0,3.008121801,0,0,0,0,3.370236468,0,0,0,0,0,3.692136498,0,0,0,0,0,0,0,0,0,0,0,0,0,0,0,0,0,0,0,0,0,0,0,0,0,0,0,0,0,3.891137744,0,0,0,0,0,0,0,0,0,0,0,0,2.368084446,0,0,0,0,0,0,0,3.419629224,1.398683889,0,0,0,0,0,0,0,0,0,0,0,0,0,0,0,0,0,0,0,0,0,0,0,0,0,0,0,0,0,0,0,3.443439872,2.932614249,0,0,0,0,0,1.198013193,0.610226528,0,0,0,0,0,0,0,0,0,0,0,0,0,0,0,0,0,0,0,0,0,0,0,0,0,0,0,0,0,0,0,3.11166248,0,0,0,0,0,0,0,0,0,0,0,0,3.615909133,0,0,0,0,0,0,0,0,0,0,0,0,0,0,0,0,0,0,0,0,0,0,0,0,0,0,0,0,0,0,0,1.83400196,0,0,0,0,0,0,0,0,2.850936218,0,0,0,0,0,0,0,3.963633246,0,0,0,0,0,0,0
8.185490904,7.200427612,0,0,8.967092615,0,4.933544791,0,0,6.642237662,0,0,0,0,6.684381617,6.259350391,5.583754214,0,7.126250316,0,9.112559021,0,5.667861732,4.038760264,0,6.552215314,5.568510016,0,0,0,4.441858507,5.795639469,6.386413643,3.980349502,0,0,0,8.778498539,0,5.440886091,0,0,0,5.294558137,0,0,5.986694706,0,0,0,3.200874238,0,5.334167275,0,0,0,0,5.011578794,0,0,0,3.685120224,3.53265163,0,0,0,0,4.591258585,0,4.728355043,0,0,5.625241645,0,0,4.266150107,0,0,0,0,0,0,5.282362863,3.949812778,0,0,0,0,4.23166393,0,0,0,0,0,0,0,5.465025194,0,0,0,0,0,0,0,0,0,0,0,0,4.995362222,0,0,0,6.036014365,4.558060515,0,0,0,0,0,0,0,0,0,0,0,5.179045249,0,0,0,0,0,0,0,4.728355043,0,0,0,0,7.054503738,4.441858507,4.052845004,0,0,0,0,0,7.408498694,0,0,0,4.927730821,0,0,0,0,0,0,0,0,0,0,4.910083304,0,5.689870873,0,0,0,0,0,0,0,0,0,4.583061817,0,0,0,0,0,0,0,0,0,0,0,0,0,0,0,0,2.981820672,0,0,0,0,0,0,3.53265163,0,0,0,6.010671878,0,0,0,0,0,3.88579092,0,0,0,0,0,0,0,0,0,0,0,0,0,0,0,0,0,0,0,0,0,0,0,0,0,0,0,0,0,0,0,0,0,0,0,0,0,0,0,0,0,0,0,0,0,0,0,0,0,4.254786348,0,0,0,0,0,0,0,0,0,0,0,0,0,0,0,0,0,7.053808327,0,0,0,0,0,0,0,0,0,0,0,0,0,0,0,0,4.532418085,0,0,0,0,0,0,5.083961801,0,0,0,0,0,0,0,0,0,0,0,0,0,0,0,0,0,0,0,0,0,0,0,0,0,0,0,0,0,0,0,0,0,0,0,0,0,0,0,0,0,0,0,0,0,0,0,0,0,0,0,0,0,0,0,0,0,0,0,0,0,0,0,0,0,0,0,0,0,0,0,0,0,0,0,0,0,0,0,0,1.287224951,1.487895647,0,0,0,0,0,0,0,0,0,0,0,4.823341651,0.188612663,0,0,0,0,0,0
8.126029376,7.401279225,0,7.648380747,8.59601687,0,2.726316487,0,0,6.261878248,0,2.60495563,0,0,6.034771817,6.721103768,4.227214231,0,7.292151668,0,7.788730672,0,0,0,0,6.265203271,4.787739523,0,0,0,0,5.330063814,5.723476313,3.915900554,0,0,0,8.94576997,2.538264256,3.724845317,0,0,0,5.391558596,0,0,6.099506244,0,5.12421176,0,7.667346477,0,0,0,0,0,0,4.960928596,0,0,0,3.966758971,0,0,0,0,0,2.932168541,0,4.871411999,0,0,4.484174405,0,0,4.604690429,0,0,0,0,0,0,0,7.432753105,0,0,0,4.578140197,5.453235172,0,0,0,0,0,0,0,3.724845317,0,0,0,0,0,0,0,0,0,0,0,0,0,0,0,0,4.985098957,4.264718626,0,0,0,0,0,0,0,0,0,0,0,4.312631982,0,0,0,0,0,0,2.00418177,4.979110916,0,0,0,0,7.376460039,3.703567919,3.824928776,0,0,0,0,0,0,0,0,0,3.703567919,0,0,0,0,0,0,0,0,0,0,3.950091919,0,5.518357635,2.466805292,0,0,0,0,0,0,0,0,5.586065385,0,0,0,0,0,0,0,0,0,0,0,0,0,0,0,0,0,0,0,0,0,0,0,0,0,0,0,3.745679404,0,0,0,0,0,4.105442359,0,0,0,0,0,0,0,0,0,0,0,0,0,0,0,0,0,0,0,0,0,0,0,0,0,0,0,0,0,0,0,0,0,0,0,0,0,0,0,0,0,0,0,0,0,0,0,0,0,3.488456539,3.021116027,0,0,0,0,1.368193003,0,0,0,0,0,0,0,0,0,0,0,5.881491535,0,0,0,0,0,0,0,0,0,0,0,0,0,0,0,0,5.84931054,0,0,0,0,0,0,0,0,0,0,0,0,0,0,0,0,0,0,0,0,0,0,0,0,0,0,0,0,0,0,0,0,0,0,0,0,0,0,0,0,0,0,0,0,0,0,0,0,0,0,0,4.837395114,0,0,0,0,0,0,0,0,0,0,0,0,0,0,0,0,0,0,0,0,0,0,0,0,0,0,0,0,0,0,0,0,0,0,0,1.879018627,0,0,0,0,0,0,0,0,0,0,0,0,4.647431977,1.735917783,0,0,0,0,0,0
7.629677934,6.953653185,0,6.155703021,7.584208575,0,7.174254387,5.115668903,6.35911214,7.201352518,0,5.447358984,0,0,5.928452688,6.23750962,5.389808859,0,5.372738743,0,6.940577219,4.25090335,5.190704089,3.802687075,0,5.842563016,4.49238002,0,0,0,3.553341151,5.478816362,4.224116034,0,0,0,5.65574707,1.770392311,3.000340602,4.910452745,0,0,0,4.905886527,0,0,4.109157061,3.358552825,4.615913503,0,4.109157061,0,3.774713223,0,2.539525399,0,3.967616889,4.937420672,0,0,0,4.233125104,3.498782167,0,0,3.65426707,0,0,0,6.3771402,0,0,4.597394455,0,0,4.420664712,0,0,0,0,0,2.436871245,0,4.119258157,0,0,0,3.195401185,4.205850686,0,0,0,0,0,0,0,6.143829531,3.745934258,0,0,0,0,0,0,3.379830224,0,0,0,0,3.685765737,0,0,0,5.620539913,4.177811466,0,0,4.736749976,0,0,2.936827196,0,0,2.833286517,0,0,2.322460894,0,0,0,0,0,0,0,4.259675336,0,1.02317791,3.588127267,0,0,3.731228111,5.675019615,0,0,0,3.670140419,0,0,0,0,0,3.291861451,2.8690046,6.08647593,0,0,0,3.143441446,0,0,0,2.121790198,0,0,5.211147731,0,0,0,0,0,0,2.259940537,0,0,0,4.382781394,0,0,0,0,0,0,0,0,0,0,0,0,0,0,0,4.12925824,0,0,0,0,0,0,0,0,0,0,3.621743878,0,0,0,0,0,2.936827196,0,0,0,0,0,0,0,0,0,0,0,0,0,0,0,0,0,0,0,0,0,0,0,0,0,0,0,0,0,2.587153448,0,0,0,0,0,0,0,0,3.314589702,0,0,0,0,0,1.659166676,0,0,0,0,1.770392311,2.587153448,2.044829157,0,0,0,0,0,0,0,0,0,0,0,0,0,0,0,0,0,0,0,0,0,0,0,0,0,0,0,0,0,0,0,4.405683158,2.259940537,0,0,0,0,0,0,3.931898806,0,0,0,0,0,0,0,0,0,0,0,0,0,0,0,0,0,4.499276599,0,0,0,0,0,0,0,0,0,0,0,0,0,2.193249162,0,0,0,0,0,0,0,0,0,0,0,0,3.731228111,0,0,0,0,0,0,0,0,0,0,0,0,0,1.770392311,0,0,0,0,0,0,0,0,0,0,0,0,0,0,0,0,0,0,0,0,0,0,3.638137688,0,0,0,0,0,0,0,0,0,0,0,4.382781394,3.570885461,0,0,0,0,0,0
6.816031266,3.925933218,2.462874841,5.459670379,6.608707714,0,5.416232497,5.047273758,6.440366786,5.780536424,0,4.236744746,0,0,4.980914426,5.747618091,5.741223185,0,4.96709728,0,5.794319184,0,4.565970574,3.207847089,0,3.718672713,3.532708165,5.05367378,5.405071667,0,4.153990784,2.817419859,2.817419859,3.955061491,0,0,4.544972427,0,3.822213392,2.223645152,0,0,0,4.555526614,3.766018834,0,3.589460982,3.487924563,3.885726798,0,3.788876972,0,0,0,7.59252173,0,3.472539644,4.207438619,0,0,4.938876712,3.007176394,3.424911595,0,0,3.078635358,4.019899011,3.007176394,0,4.05514495,0,0,4.414845615,0,0,4.96709728,4.028827642,3.187438218,3.57557187,0,0,0,0,2.419389729,0,0,0,4.286050507,4.161803324,0,3.357659368,3.833083064,0,0,0,0,4.813236413,3.589460982,0,0,0,0,0,0,1.010622512,0,0,6.840369947,0,3.007176394,4.352520152,0,0,3.955061491,0,6.783195818,0,3.656152356,0,0,3.266687589,0,0,1.831603064,0,3.822213392,1.445940583,0,0,0,0,3.101363609,0,2.723601104,4.26521642,0,0.809951817,0,2.373927355,0,0,0,0,0,3.078635358,2.723601104,0,0,0,1.32077744,0,2.373927355,1.010622512,0,0,0,0,3.875417428,0,0,0,1.177676597,0,0,3.166604131,0,0,0,0,0,0,0,0,0,4.161803324,5.634703662,0,0,0,0,0,0,0,0,0,0,2.419389729,0,0,0,0,3.007176394,3.487924563,0,0,0,3.408517785,4.697226652,2.875407116,0,3.007176394,0,0,0,0,0,1.177676597,0,1.831603064,0,2.504547537,0,0,0,0,0,0,0,0,0,0,0,0,0,1.831603064,0,0,3.391850732,0,0,0,0,0,0,0,0,1.557166219,0,0,0,0,0,0,0,0,0,0,0,0,0,0,0,0,0,0,0,0,0,2.620060425,3.123586746,2.90318668,0,0,0,1.010622512,0,0,0,0,0,0,0,0,0,0,0,0,0,1.557166219,1.831603064,0,0,0,0,0,3.374901174,0,0,0,0,0,0,3.718672713,3.207847089,0,0,0,0,0,0,0,0,0,0,0,0,0,0,0,0,0,0,0,0,0,0,0,0,2.046714444,0,0,0,0,1.980023069,0,0,0,0,0,0,0,0,1.32077744,0,0,0,0,3.916032147,0,0,0,5.037596263,0,0,0,0,0,1.908564105,0,0,0,0,0,0,0,0,0,0,0,0,0,0,0,3.408517785,0,0,0,0,0,0,0,0,0,0,0,0,0,0,0,0,0,0,0,0,0,0,0,0,0,0,0,0,0,0,0,2.620060425,0,0,0,0,0,0
8.060594624,6.278610403,0,5.960642935,7.606093742,0,5.772959435,5.148374926,7.171391813,7.828264085,0,3.474972051,0,0,7.282857035,5.541718674,4.301077066,0,6.874639211,4.694420813,6.988569334,0,4.370872828,2.280131731,0,6.612060528,4.243209683,0,4.309077108,0,4.57968192,4.632948949,2.217611374,4.597754701,0,0,4.57358434,1.828146607,0,3.493154371,0,0,0,5.731561238,0,0,5.78395863,3.87737437,5.098982171,0,4.096830148,0,3.865028534,0,6.72206972,0,4.555065292,0,0,0,0,3.852528371,4.699826232,0,0,2.988316789,0,3.226275426,0,1.728063148,0,0,5.286414215,0,0,0,3.827049286,0,4.567449352,0,0,0,0,3.595808525,0,0,0,3.398744686,3.993110322,0,3.378744019,4.014732786,0,0,0,0,4.555065292,0,0,0,0,0,0,0,2.280131731,0,0,5.877859015,0,0,0,0,0,5.141466436,5.571469152,0,0,2.958011439,0,0,0,0,0,5.012135173,0,0,0.980848747,0,0,0,0,2.633771771,0,0,4.638696091,0,2.002499994,4.056623728,0,0,5.426110971,0,0,0,0,2.988316789,0,0,2.079461035,1.828146607,0,3.7464688,3.418353157,6.391005595,0,0,0,0,3.017730674,0,0,0,0,0,4.934226938,0,0,0,0,0,0,0,0,0,3.249532288,2.894498033,0,0,0,0,0,0,0,0,0,0,2.002499994,0,0,0,0,3.294483676,0,0,0,0,0,0,0,0,0,0,3.73238406,0,0,0,0,0,0,0,2.280131731,0,0,0,0,0,0,0,0,0,0,0,0,0,0,0,0,0,0,0,0,0,0,2.002499994,0,0,2.150919999,0,0,0,0,0,4.106634148,0,0,0,0,0,0,0,0,0,0,2.079461035,0,0,0,0,2.590286659,2.675444467,2.826675437,0,0,0,1.616837513,0,2.497196236,0,0,0,0,0,0,0,0,0,0,0,0,2.753916083,0,0,0,0,0,0,0,0,0,0,0,0,0,2.497196236,0,0,0,0,0,0,0,0,0,0,0,0,0,1.919118385,0,0,0,0,0,0,0,0,0,0,4.106634148,0,0,2.753916083,0,0,0,0,0,0,0,0,0,0,1.49167437,0,0,0,0,3.7464688,0,0,0,0,0,0,0,0,0,2.150919999,0,0,0,0,0,0,0,0,0,0,0,2.280131731,0,0,0,0,0,0,0,0,0,0,0,0,0,0,0,0,0,0,0,0,0,2.394542082,0,0,0,0,0,0,0,0,0,0,0,0,0,0,0,0,0,0,0,0
7.273721999,5.684504712,0,5.832743053,7.194709043,0,7.396331213,3.041047903,8.509732947,5.567270253,0,6.240979991,0,0,5.16131144,6.150439495,5.744147599,0,5.224460106,0,6.98538272,4.131395682,5.776697259,2.20194681,0,5.805112746,4.81411524,0,4.131395682,0,3.909288938,4.292045646,4.179988237,3.988933001,0,0,5.064963685,3.20047564,0,3.581072682,0,4.997484465,0,3.536947877,0,0,4.24871757,5.241012208,4.179988237,0,5.286474583,0,4.584134954,0,0,0,3.702844554,4.263369846,0,4.52433453,0,0,5.547329413,0,0,3.521796072,0,3.261719266,0,6.386828273,0,6.83222764,4.353709013,0,0,4.788636154,0,0,4.164051645,6.383342431,0,0,0,4.430423931,0,5.327453427,0,2.453261238,4.650485816,0,3.67703667,3.811384723,0,0,0,6.146022039,3.690023866,0,0,0,0,0,0,0,3.373986567,0,0,0,0,3.241718599,3.065439357,0,0,4.490143166,3.157458255,0,0,0,0,0,0,0,0,1.942435615,0,3.458783104,2.453261238,0,0,0,2.789733475,0,0,3.135235118,3.776497464,0,0.843823326,0,0,0,0,5.551349519,0,0,1.211548106,0,0,1.782092965,0,1.782092965,0,2.360170815,2.20194681,0,0,0,0,0,3.623332491,0,0,0,3.856084902,0,2.990404171,0,0,0,2.909278626,0,0,0,0,0,2.578424381,0,0,0,0,0,0,0,0,0,0,0,0,0,0,0,0,2.407798864,0,0,0,0,0,3.391530877,2.49674635,0,0,0,1.942435615,0,0,0,0,0,3.566579675,0,2.578424381,0,0,0,0,0,0,0,0,0,0,0,0,0,0,0,0,0,0,0,0,0,0,0,0,0,0,0,0,0,0,5.677456225,0,0,0,0,0,0,0,0,0,2.360170815,0,3.442389294,0,0,3.319427583,0,2.616890662,0,2.453261238,0,2.964086862,0,1.691121186,0,3.551873527,0,0,0,0,0,0,0,0,0,0,0,0,2.689650017,0,0,0,0,0,0,0,0,0.592508898,0,0,0,0,2.990404171,0,0,0,0,0,0,2.20194681,0,0,0,0,0,0,0,0,0,0,0,0,0,0,0,0,0,0,0,0,0,0,0,3.112506867,0,0,0,0,0,0,0,0,0,0,0,0,0,0,0,0,0,0,0,0.592508898,2.080585953,0,1.591037728,0,0,0,0,0,0,0,0,0,0,0,0,0,0,0,0,0,0,0,0,0,0,0,0,0,0,0,0,0,0,0,0,0,0,2.757472613,0,0,0,0,0,0,0,0,0,0,0,0,3.065439357,0,0,2.990404171,2.538419047,0,0
7.589180135,6.830870588,0,0,8.062864916,0,6.587425053,0,0,7.057183714,0,1.199658807,0,0,6.239390475,7.460877826,6.257722794,0,5.267463814,0,8.187149054,0,5.164545302,0,0,5.973968813,4.696166368,0,0,0,0,5.148151492,0,0,0,0,0,7.23342996,3.868869174,0,0,0,0,5.329094689,0,0,0,4.755006868,4.516438846,0,7.30093822,4.516438846,4.452245689,0,0,0,0,5.638943057,0,0,0,0,6.689186677,0,0,0,0,0,0,0,0,0,5.462338684,0,0,0,0,0,0,0,0,0,4.244181244,7.910877689,0,0,0,2.621044488,5.655665854,0,0,0,0,0,0,8.117788655,0,0,0,0,0,0,0,0,2.298271095,0,0,0,0,4.484857274,0,0,0,0,4.516438846,0,0,0,0,0,0,0,0,0,0,0,6.628377673,0,0,0,0,0,0,4.59608291,5.061891148,0,0,0,0,6.100691797,3.94509654,0,0,0,0,0,0,0,0,0,0,3.62319651,0,0,0,0,0,0,0,0,0,0,4.144097786,0,4.738545591,0,0,0,0,0,0,0,0,0,4.395412214,0,0,0,0,0,0,0,0,0,0,0,0,0,0,0,0,0,0,0,0,0,0,0,0,0,0,0,5.252685219,0,0,0,0,0,3.296799925,0,0,0,0,0,0,0,0,0,0,0,0,0,0,0,0,0,0,0,0,0,2.86466657,0,0,0,0,0,0,0,0,0,0,0,0,0,0,0,0,0,0,0,0,0,0,0,0,0,0,0,0,0,0,0,0,0,0,0,0,0,0,0,0,0,0,0,0,0,3.571236771,0,0,0,0,0,0,0,0,0,0,0,0,0,0,0,0,5.550857977,0,0,0,0,0,0,0,0,0,0,0,0,0,0,0,0,0,0,0,0,0,0,0,0,0,0,0,0,0,0,0,0,0,0,0,0,0,0,0,0,0,0,0,0,0,0,0,0,0,0,0,4.82590269,0,0,0,0,0,0,0,0,0,0,0,0,0,0,0,0,0,0,0,0,0,0,0,0,0,0,0,0,0,0,0,0,0,0,0,2.750256219,0,0,0,0,0,0,0,0,0,0,0,0,0,0,0,0,0,0,0,0
8.132139685,7.917203518,0,0,7.895517244,0,7.082677338,0,0,6.88934765,0,3.774883124,0,0,6.105282905,7.430523936,6.902168338,0,6.405972284,0,8.992555749,3.56658608,6.544797332,3.685538023,0,6.142807699,5.424527456,0,0,0,5.593348326,6.291338131,0,5.533330316,0,0,0,7.27242615,4.912606542,0,0,0,0,5.9663934,0,0,5.225315285,5.872324092,5.491218831,0,8.064874126,5.747300849,5.268459231,0,0,0,0,6.492008827,0,0,0,0,8.055695431,0,0,0,0,0,0,2.983001102,0,0,5.915451926,0,0,5.22931529,0,0,0,0,0,0,0,7.566619963,0,0,0,0,6.161840787,0,0,0,0,0,0,7.994516512,0,0,0,0,0,0,0,0,3.666669539,0,0,0,0,5.205071678,0,0,0,4.765281828,4.118654663,0,0,0,0,0,0,0,0,0,0,0,7.160286925,0,0,0,0,0,0,0,4.016655495,0,1.209933766,4.577229596,0,5.802806424,4.489172741,0,0,0,0,0,0,3.647438177,0,0,0,3.123583053,0,0,0,0,0,0,0,0,0,0,4.154372745,0,5.604382921,0,0,0,0,0,0,0,0,0,3.501345558,0,0,0,0,0,0,0,0,0,0,0,0,0,0,0,0,0,0,0,0,0,0,0,0,0,0,0,5.22931529,0,0,0,0,0,3.903058317,0,0,0,0,0,0,0,0,0,0,0,0,0,0,0,0,0,0,0,0,0,5.294975936,0,0,0,0,0,0,0,0,0,0,0,0,0,0,0,0,0,0,0,0,0,0,0,0,0,0,0,3.56658608,0,0,0,0,0,0,0,0,0,0,0,0,0,0,0,0,0,3.523568695,0,0,0,0,0,0,0,0,0,0,0,0,0,0,0,0,5.252985034,0,0,0,0,0,0,3.246815693,0,0,0,0,0,0,0,0,0,0,0,0,0,0,0,0,0,0,0,0,0,0,0,0,0,0,0,0,0,0,0,0,0,0,0,0,0,0,0,0,0,0,0,0,5.472613643,0,0,0,0,0,0,0,0,0,0,0,0,0,0,0,0,0,3.961469079,0,0,0,0,0,0,0,0,0,0,0,0,0,0,0,0,0,1.845922533,0,0,0,0,0,0,0,0,0,0,0,0,4.80876694,0,0,0,0,0,0,0
7.950523062,5.372626212,0,0,8.619529112,0,4.583227232,0,0,6.59224075,0,0,0,0,5.745406067,6.93287388,6.645027022,0,5.175608965,0,7.763653031,0,6.736915522,0,0,5.377321056,3.58321692,0,0,0,0,4.047924861,0,0,0,0,0,6.802092745,2.875885104,0,0,0,0,5.613956322,0,0,0,0,4.754259046,0,6.788479375,4.269296933,0,0,0,0,0,5.944602271,0,0,0,0,6.819960333,0,0,0,0,0,0,2.456031259,0,0,4.540892868,0,0,0,0,0,0,0,0,0,0,8.208879912,0,0,0,4.047924861,4.96598394,0,0,0,0,0,0,7.503934413,0,0,0,0,0,0,0,0,3.431410907,0,0,0,0,5.034269848,0,0,0,0,3.974497393,0,0,0,0,0,0,0,0,0,0,0,6.517223614,0,0,0,0,0,0,5.140619973,5.04738479,0,0,0,0,5.225898891,4.132721398,0,0,0,0,0,0,4.853926531,0,0,0,3.58321692,0,0,0,0,0,0,0,0,0,0,0,0,4.297270785,0,0,0,0,0,0,0,0,0,3.786445161,0,0,0,0,0,0,0,0,0,0,0,0,0,0,0,0,0,0,0,0,0,0,0,0,0,0,0,5.504685934,0,0,0,0,0,4.099660536,0,0,0,0,0,0,0,0,0,0,0,0,0,0,0,0,0,0,0,0,0,0,0,0,0,0,0,0,0,0,0,0,0,0,0,0,0,0,0,0,0,0,0,0,0,0,0,0,0,2.36505948,0,0,0,0,0,0.929974955,0,0,0,0,0,0,0,0,0,0,0,4.047924861,0,0,0,0,0,0,0,0,0,0,0,0,0,0,0,0,3.93565756,0,0,0,0,0,0,0,0,0,0,0,0,0,0,0,0,0,0,0,0,0,0,0,0,0,0,0,0,0,0,0,0,0,0,0,0,0,0,0,0,0,0,0,0,0,0,0,0,0,0,0,4.583227232,0,0,0,0,0,0,0,0,0,0,0,0,0,0,0,0,0,0,0,0,0,0,0,0,0,0,0,0,0,0,0,0,0,0,0,0,0,0,0,0,0,0,0,0,0,0,0,0,0,0,0,0,0,0,0,0
7.64432277,6.75910646,0,0,8.59543753,0,6.729128196,0,0,6.489569457,0,0,0,0,5.905488215,6.818722965,5.943588061,0,5.839561769,0,8.324591868,4.638055057,5.94625473,0,0,5.427407672,3.959578066,0,0,0,0,4.970295975,0,3.038421144,0,0,0,7.911008474,3.642337191,0,0,0,0,5.219251912,0,0,4.676707211,0,4.215198206,0,8.381222086,0,0,0,0,0,0,5.871634489,0,0,0,0,6.876035945,0,0,0,0,0,0,0,0,0,5.257094265,0,0,0,0,0,0,0,0,0,0,7.295589468,0,0,0,0,5.288428421,0,0,0,0,0,0,7.903137369,0,0,0,0,0,0,0,0,2.692144908,0,0,0,0,4.89700311,0,0,0,2.369371515,4.200046401,0,0,0,0,0,0,0,0,0,0,0,6.817609379,0,0,0,0,0,0,0,5.13897961,0,0,0,0,6.337864867,3.899560056,0,0,0,0,0,0,3.038421144,0,0,0,0,0,0,0,0,0,0,0,0,0,0,4.103972571,0,0,0,0,0,0,0,0,0,0,0,3.857448571,0,0,0,0,0,0,0,0,0,0,0,0,0,0,0,0,0,0,0,0,0,0,0,0,0,0,0,3.402386522,0,0,0,0,0,3.790757196,0,0,0,0,0,0,0,0,0,0,0,0,0,0,0,0,0,0,0,0,0,0,0,0,0,0,0,0,0,0,0,0,0,0,0,0,0,0,0,0,0,0,0,0,0,0,0,0,0,0,0,0,0,0,0,0,0,0,0,0,0,0,0,0,0,0,0,4.44284289,0,0,0,0,0,0,0,0,0,0,0,0,0,0,0,0,5.919262537,0,0,0,0,0,2.369371515,0,0,0,0,0,0,0,0,0,0,0,0,0,0,0,0,0,0,0,0,0,0,0,0,0,0,0,0,0,0,0,0,0,0,0,0,0,0,0,0,0,0,0,0,0,4.184661482,0,0,0,0,0,0,0,0,0,0,0,0,0,0,0,0,0,0,0,0,0,0,0,0,0,0,0,0,0,0,0,0,0,0,0,0,0,0,0,0,0,0,0,0,0,0,0,0,0,0,0,0,0,0,0,0
5.699860275,0,0,7.623837316,7.408672714,7.002863809,8.262704738,6.787273669,5.04031088,5.635574823,5.476147086,3.244136392,0,0,4.294400897,6.032637659,5.664307845,0,6.353118334,0,7.191458203,6.718408764,5.140813801,0,0,4.737338744,3.261680702,6.30620314,2.487040487,4.118867394,6.303715576,0,3.585652776,6.074221475,0,0,6.455907391,0,0,2.691135843,0,0,0,0,0,0,6.260451832,3.493482316,3.859082825,0,4.791510595,0,3.091459552,0,0,0,4.126220369,5.019538619,0,0,4.14076608,3.02760808,4.354479021,0,0,5.013523564,5.346542311,0,0,0,0,0,4.155103243,0,0,0,1.081697931,3.820053482,3.53402841,0,4.568837742,2.013256135,0,0,0,0,0,0,4.459547949,2.18031022,5.506083839,4.183175262,0,5.184976822,5.151381931,0,0,0,4.050138062,0,0,0,3.278922508,0,1.081697931,3.465508464,0,0,0,4.905309979,0,0,4.96087983,0,0,0,0,0,0,2.23032064,0,0,0,3.914911275,0,2.366896175,2.18031022,0,0,4.081268981,0,0,3.189577408,4.111459953,4.050138062,0,1.081697931,0,4.411151408,0,0,0.713973151,5.234553268,0,0,0,5.653231782,0,0,3.13186909,0,2.627622438,2.935589181,0,0,0,1.950735778,0,0,0,0,2.935589181,0,0,0,0,0,4.91866577,0,0,0,0,0,0,0,0,0,0,0,0,0,0,0,0,2.072096635,0,1.652242789,0,0,4.422110422,0,4.592094605,0,0,0,0,0,0,0,0,0,0,4.438326993,0,2.487040487,0,0,0,3.049348067,0,0,0,0,0,2.23032064,2.366896175,0,0,0,0,0,0,0,0,0,0,0,0,0,0,0,0,0,0,0,0,3.465508464,0,5.236968729,0,0,0,3.547186495,4.096478399,0,0,2.594286017,0,4.772498615,4.475173266,1.561271011,0,0,0,0,0,0,0,0,0,0,0,0,0,0,0,0,0,0,0,0,3.451222507,0,0,0,0,0,0,0,2.721441193,0,0,0,4.306708744,0,0,0,0,3.905820303,0,0,0,0,0,0,0,0,2.072096635,0,0,0,0,0,0,0,3.585652776,0,0,0,0,0,2.750855078,2.77942845,0,3.049348067,0,0,0,0,0,0,0,0,0,0,0,0,0,0,0,0,0,0,0,0,0,0,0,0,2.911197728,0,0,0,0,0,0,0,0,0,0,0,0,0,0,0,0,0,0,0,2.487040487,0,0,0,0,0,0,0,2.487040487,0,0,0,0,0,3.547186495,0,0,0,0,0,0,0,0,0,0,0,0,0,0,0,0,0,0,0,0,0,0,0,0,2.95939983,0,0,4.578205492
5.779172755,0,0,8.035221704,7.412704187,5.641398675,7.92386039,7.119330077,0,4.531056047,3.048861361,3.147707196,0,0,3.925411764,6.394427047,6.116612227,5.932718438,5.888167641,0,5.664454451,5.633593757,6.060697042,0,0,3.846719496,4.97981796,3.988259668,0,0,5.512990883,0,4.599458773,5.378353907,0,0,5.103650874,0,2.675347853,5.568859331,0,0,0,0,0,0,5.52179182,0,4.392031296,0,5.120152898,0,0,0,0,0,4.588378328,4.028065918,0,0,0,0,3.432443758,0,0,4.463957713,0,0,0,5.62177096,2.848190666,5.37582226,0,0,2.675347853,0,3.667900569,0,4.130005957,0,4.214444276,1.538269283,0,0,0,0,0,2.782593383,5.055941656,0,3.786460304,3.881205672,0,5.639453149,4.047390191,0,0,0,0,5.282917297,0,0,4.138777943,0,4.893320062,0,0,0,0,4.047390191,0,0,4.30717476,0,0,0,0,5.385910618,0,0,0,0,0,3.377884774,0,0,2.315973852,0,4.130005957,0,0,0,0,0,4.047390191,5.875944418,0,0,0,0,0,4.771164029,4.972256488,0,0,2.815929803,3.811001413,0,0,3.484179432,0,3.099505094,3.048861361,0,0,0,0,0,0,0,0,2.368617585,0,0,0,0,0,3.869841913,0,0,0,1.649494918,0,0,0,0,1.840550155,0,0,0,0,0,0,0,0,0,2.879443209,0,0,4.008360847,0,4.45125913,0,0,0,0,0,0,0,0,0,0,3.90355297,0,2.967735816,0,0,0,3.022544053,0,2.909748559,3.681789682,0,0,0,0,0,0,0,0,0,0,0,0,0,0,0,0,0,0,0,0,0,0,0,0,3.79880614,0,3.773960141,0,0,0,0,0,0,3.170964058,3.099505094,0,0,4.52513887,0,0,0,0,0,0,0,0,0,0,0,0,0,0,0,3.258932831,0,0,0,3.517240295,0,0,0,0,0,1.538269283,0,0,0,0,0,0,0,3.858347534,0,0,0,0,2.748107207,0,0,0,0,0,0,0,0,1.923931764,0,0,0,0,0,0,0,1.41310614,0,0,0,0,0,0,0,0,1.923931764,0,0,0,0,0,0,0,0,0,0,0,0,0,0,0,0,0,0,0,0,0,0,0,0,2.139043144,0,0,0,0,0,0,0,0,0,0,0,0,0,0,0,0,0,0,0,0,0,0,0,0,0,0,2.418628006,0,0,0,0,0,0,0,0,0,0,0,0,0,0,1.41310614,2.260404001,0,0,0,2.848190666,0,0,0,0,0,0,0,0,1.102951212,0,0,0,2.712389124,0,2.139043144
6.108163922,0,0,7.456081283,7.327696955,5.995421471,8.041685662,6.718692149,6.828265731,5.101990282,0,4.757221267,0,0,3.542325676,5.137793629,5.609407918,3.1164219,6.231705556,0,6.319599935,5.564523795,5.285728413,0,0,1.885541643,2.96374506,0,0,0,5.680008859,0,4.249820305,5.463150897,0,0,5.801798098,0,0,1.684870947,0,0,0,0,3.133966209,3.042994431,5.789654658,3.023763069,3.598520234,0,4.577298204,0,1.999951994,0,0,3.67223781,3.945862143,3.848619595,0,0,0,0,6.168501049,0,0,4.249820305,0,0,0,0,3.248846485,6.331751622,3.457938283,0,0,2.942910973,0,3.233221168,3.379466668,0,3.201218436,0,0,0,0,0,0,0,0,0,0,4.215034188,0,4.482603851,3.906486978,0,0,0,0,0,0,0,4.640937964,0,0,4.504926207,0,0,0,0,0,0,5.633975627,4.605640182,0,0,0,0,0,3.67223781,0,0,0,4.377995498,0,2.623140586,0,0,4.102766887,3.201218436,0,0,2.758481934,0,2.432085349,4.14160672,2.5937267,0,4.266769863,0,0,0,4.609624251,0,0,0,4.746876348,0,0,2.359325995,0,2.532168807,2.679493522,0,0,5.04189711,0,2.563421351,0,0,0,1.944382143,0,0,1.433556519,0,3.553820055,0,0,2.899893588,0,0,0,0,0,0,3.598520234,2.466571525,0,0,2.783483236,0,0,0,3.813984099,0,3.576419887,0,0,2.679493522,1.684870947,3.796205853,0,0,0,3.061862916,0,0,0,0,0,0,4.543892175,0,2.732839503,0,0,0,2.651713958,0,3.1164219,0,0,4.283436915,0,0,0,0,0,0,0,0,0,0,0,0,0,0,0,0,0,0,0,0,0,0,2.239181683,0,4.055460769,0,0,0,4.005805179,2.921633574,3.184824627,1.222247425,3.379466668,0,4.232578498,2.8549422,0,0,0,0,0,0,0,0,0,0,0,0,0,2.499907945,0,2.563421351,0,0,0,6.172674677,0,0,0,0,4.906705354,0,0,0,0,3.882095524,2.623140586,0,4.160475204,1.823021286,0,0,2.706522195,0,3.609389906,0,0,0,0,0,2.150234197,0,3.201218436,3.692338989,0,0,0,0,0,0,0,0,0,0,0,2.563421351,0,0,1.944382143,0,2.102606148,3.432459198,0,0,0,0,0,0,0,0,0,0,0,1.607909906,0,0,0,0,0,0,0,0,0,0,0,2.651713958,2.052595727,0,0,0,0,0,0,0,0,0,0,0,0,0,0,0,0,0,0,0,0,0,0,0,0,0,2.5937267,3.004154598,0,0,0,1.756329911,0,3.392980387,0,0,0,0,0,0,0,0,0,0,2.831685338,0,0,0,0,0,2.195696571,0,0,0,0,0,3.432459198,0,0,0,0,0
6.397057573,0,8.090167961,7.568498449,7.902684156,5.671684188,7.815493657,6.752674875,8.087675942,6.398747476,0,3.618956859,0,0,4.910791019,6.10782391,5.826707849,3.161123765,7.021740283,0,5.82221009,6.206669744,5.166664096,0,0,0,4.472068689,6.23789081,0,0,5.42534799,0,2.062511476,5.094668996,0,0,5.29420799,0,0,0,2.389724388,0,0,5.017085677,0,2.125031833,6.200512721,4.731082866,4.008421625,0,5.29675252,0,4.266878941,0,0,0,4.185352334,0,0,0,0,4.273971169,3.577284162,0,0,4.860972288,5.384293194,0,0,0,4.145977168,0,3.838010425,0,0,0,3.139383778,4.322256411,3.5188734,0,3.921829097,0,0,0,0,0,0,3.117160642,0,0,5.273615241,3.838010425,0,4.717569147,5.281387301,0,0,0,0,0,0,0,2.802911542,0,1.026419545,0,0,0,0,3.658962193,0,0,5.790146275,4.245295369,3.09443239,0,0,3.488336676,0,3.911728001,0,3.390698207,0,4.586948965,0,0,3.970858524,0,4.259736054,0,0,0,2.239442184,0,3.93182918,0,3.139383778,0,5.553136668,0,3.709928637,0,5.233822193,0,0,0,0,2.125031833,0,2.67157554,0,3.488336676,3.022973426,0,0,4.89572482,0,3.071175528,0,0,0,0,0,0,0,0,0,0,0,2.67157554,0,0,0,0,0,0,0,0,0,0,0,2.891204149,0,0,4.361865549,0,0,0,0,1.572963251,0,3.734469746,0,0,0,1.193473629,0,0,0,0,0,0,4.137912608,0,1.67304671,0,0,0,2.918983713,0,2.342096339,3.684770077,0,0,0,0,0,0,0,0,0,0,0,0,0,0,0,0,0,0,0,0,0,0,0,0,3.658962193,0,2.891204149,0,0,6.010648638,1.572963251,0,0,0,0,0,0,0,0,0,0,0,0,0,0,0,0,0,0,0,0,0,0,0,0,0,0,0,0,0,0,0,0,0,0,1.193473629,0,2.771658998,3.319872154,0,0,1.924361138,0,0,0,0,2.52034457,2.062511476,0,0,0,0,0,0,0,0,0,0,0,0,0,0,0,2.997972124,0,0,0,0,0,0,4.308696881,0,0,0,0,0,2.862630776,0,0,0,0,0,0,0,0,0,0,0,0,0,0,0,0,0,0,0,0,0,0,0,0,0,0,0,0,0,0,0,0,0,0,0,0,0,0,0,0,0,0,0,0,0,0,0,3.53379905,2.478671874,0,0,0,0,0,0,0,0,0,0,0,0,0,1.572963251,0,0,0,0,0,0,0,2.292085918,0,0,0,0,0,0,0,0,0,3.804674004,0,0
6.794982775,0,2.725255691,7.99269125,7.777945008,6.551399317,7.737092449,7.03484383,0,5.721807301,0,2.421044317,0,0,4.657014661,5.980194664,5.315112937,3.189092806,6.526804949,0,7.193046341,6.757899233,5.166889714,0,0,3.103018197,4.739065218,7.215364544,0,3.801767633,5.857894802,0,2.657433095,5.519132597,0,0,6.40134883,0,3.39350532,0,0,0,0,0,0,0,5.700283292,5.292723942,2.421044317,0,5.780647801,0,0,0,0,0,4.209093207,4.846829844,0,0,4.186535859,4.647468049,3.474194232,0,3.39350532,4.347723104,6.126999372,0,0,0,3.305729709,2.421044317,4.139834766,0,0,2.788769097,0,3.14698132,3.410172373,0,3.985019855,2.375581943,0,0,0,0,0,2.691919271,4.194111653,0,0,3.917686735,0,3.834737652,5.238447055,0,0,0,0,3.39350532,0,0,2.877061704,0,2.819074447,4.469453749,0,0,0,4.730273953,3.189092806,0,4.360585018,4.519743675,0,0,0,0,0,2.169729889,0,0,0,4.155645372,0,0,2.277943473,0,3.426566183,0,0,0,2.621715012,0,3.59111557,3.695786192,1.179331185,0,4.341229575,0,0,0,4.703426703,0,0,3.534362753,4.123770164,0,0,1.658904265,0,2.98382968,2.757516554,0,0,0,0,0,0,0,0,2.584673741,0,0,3.103018197,0,2.958187249,5.208795287,0,0,0,0,0,0,0,0,0,0,0,0,0,0,3.359313956,0,3.008830982,0,0,0,0,5.954568663,0,4.786082425,0,0,0,0,0,0,0,0,2.464529429,0,4.341229575,0,2.22529974,0,0,0,3.657806944,0,0,0,0,0,0,0,0,0,0,0,0,0,0,0,0,0,0,0,0,0,0,0,0,0,0,0,0,0,4.334693604,0,0,0,0,0,0,0,0,0,3.359313956,3.801767633,2.788769097,0,0,0,0,0,2.327953894,0,0,2.375581943,0,0,3.756045384,0,0,0,0,0,0,0,0,2.877061704,0,0,0,2.421044317,0,0,0,0,0,0,0,4.583089387,0,0,3.323912029,0,3.670627633,0,0,0,0,0,0,0,0,0,0,0,0,0,0,0,0,0,0,0,0,0,0,0,0,0,3.008830982,0,0,0,0,0,0,0,0,0,0,0,0,2.22529974,0,0,0,0,0,0,0,0,0,0,0,1.658904265,0,0,0,0,0,0,0,0,0,0,0,0,0,0,0,0,0,0,0,0,0,0,0,0,0,0,2.464529429,0,0,0,0,0,0,0,0,0,0,0,0,0,0,0,0,0,0,0,0,0,0,1.981677657,0,0,0,0,0,0,0,0,0,0,0,0
7.000569521,0,2.391069101,7.873200621,7.920423313,6.315468038,8.130133726,7.031278556,7.132055803,5.493199088,5.282488528,4.714196467,0,0,5.250570925,5.91130659,6.711571535,2.839617796,6.081362649,0,7.384577431,6.22828723,6.304223542,0,0,5.126416283,4.764657622,6.711069779,0,4.424664255,5.941011744,0,3.845727205,5.739979647,0,0,6.855240732,0,3.888837329,4.185968291,0,0,0,0,0,2.711236629,5.349315006,4.613139677,2.428110373,0,4.97613408,0,3.562440744,0,0,2.391069101,4.523335782,5.058035219,0,0,3.39751093,0,4.347703214,0,0,5.099119302,5.71854547,0,0,0,4.932522517,5.086460906,4.661053033,0,0,2.134349254,1.917284749,3.074737538,3.753495981,0,4.100949797,2.79022504,0,0,0,0,0,0,4.468149367,0,5.9442585,3.199900681,0,5.858572309,4.657146778,0,0,0,0,0,0,0,4.463410021,0,1.365216167,2.909413558,0,0,0,4.97042793,0,0,5.364864396,0,2.886685306,0,0,0,0,0,0,3.035897705,0,4.911500722,0,3.818939889,3.782069353,0,0,2.625469807,0,0,3.662524203,0,2.654883692,0,4.761136492,0,4.961807187,0,0,0,4.956018459,0,0,0,5.760964023,0,0,2.683457065,0,3.093606022,3.76311144,0,0,0,0,0,0,0,0,2.839617796,0,0,1.976125249,0,0,3.280589592,0,3.863194898,0,0,0,0,0,0,0,0,0,0,0,0,0,0,3.514527389,0,1.976125249,0,0,3.477022993,0,5.111619465,0,0,0,0,0,0,0,0,0,0,3.791415216,0,2.625469807,0,0,0,3.311126316,0,2.953376681,3.526722662,0,0,0,0,0,0,0,0,0,0,0,0,0,0,0,0,0,0,0,0,0,0,0,0,1.976125249,0,4.347703214,0,0,5.85148427,0,0,2.391069101,0,1.917284749,0,0,0,1.556271404,0,0,0,0,0,2.683457065,0,0,0,0,0,0,1.716614054,0,3.015897038,0,0,0,0,0,2.931636694,0,0,0,0,0,0,0,4.617221316,0,0,0,4.1605701,0,0,0,0,1.716614054,0,0,0,0,0,0,0,0,1.556271404,0,0,0,0,0,0,0,0,0,0,0,0,0,2.625469807,0,0,1.788073018,0,0,0,0,0,0,0,0,0,0,0,0,0,0,0,0,0,0,0,0,0,0,0,0,2.463828456,0,0,0,5.215363769,0,0,0,0,0,0,0,0,0,0,0,0,0,0,0,0,0,0,0,0,0,0,2.181977303,0,0,0,0,0,0,0,0,0,0,0,0,0,0,1.639653013,0,0,0,0,0,0,0,0,0,0,0,0,0,0,0,0,2.084338834,0,0,4.20460237
4.911349945,0,2.59002267,6.177288334,7.826895822,5.257626181,0,7.623635197,7.792096989,4.810987234,0,5.570778489,0,0,0,4.862427146,4.672836896,0,3.421756014,0,7.955872382,7.726297941,4.496557654,0,0,0,3.467741127,0,0,0,5.175548885,0,2.534452819,4.805104865,0,0,3.724036886,0,2.785767247,0,5.312384385,0,0,0,0,0,0,3.724036886,3.983051063,0,7.790905981,0,0,0,0,0,4.520368302,4.705952505,0,0,0,0,3.927864648,0,0,4.879002111,0,0,0,2.986437942,4.775162508,5.400727025,4.072854958,0,0,0,0,3.34855261,0,3.969537344,4.072854958,0,3.823291844,0,0,0,0,0,0,0,4.652428024,3.941949387,0,3.706492576,6.199478594,0,0,0,0,0,0,0,2.197980582,0,2.197980582,0,0,0,0,4.638586973,0,0,4.330962891,0,0,0,0,0,0,3.791289113,0,0,0,6.013492687,0,0,0,0,0,0,0,0,0,0,2.785767247,0,0.077717046,0,3.706492576,0,0,0,0,0,0,0,0,1.812318101,0,2.91093039,0,3.241784634,3.056642201,0,0,6.447047089,0,0,0,0,0,2.59002267,0,0,4.504557696,0,1.812318101,0,6.006419271,3.022156025,0,0,0,0,0,5.629383806,0,0,0,0,0,0,0,0,0,0,0,0,0,4.386276529,0,5.403973781,0,0,0,0,0,0,0,0,0,0,4.659277366,0,2.346400587,0,0,0,0,0,0,0,0,0,0,0,0,0,0,0,0,0,0,0,0,0,0,0,0,0,0,0,0,0,0,0,0,0,5.502667063,0,0,0,0,0,0,0,0,0,0,0,0,0,0,0,0,0,0,0,0,0,0,0,0,0,0,0,0,0,0,4.282409665,0,0,0,0,0,0,0,1.687154958,0,4.272409582,0,0,0,0,0,0,0,0,0,0,0,0,0,0,0,0,0,0,0,0,0,0,0,0,0,0,0,0,0,0,0,0,0,0,3.153492027,0,0,0,0,0,0,0,0,0,0,0,0,0,0,0,0,0,0,0,0,3.34855261,0,0,0,3.774895303,0,0,0,5.798028822,0,0,0,0,0,0,0,0,0,0,0,4.520368302,0,0,0,0,0,0,0,0,0,0,2.023627195,0,0,0,0,0,0,0,0,0,0,0,4.430143211,0,0,0,3.445012876,0,0,0,0,0,0,0,0,0,0,0,0,0,0,0,0,0,0,0
6.357355064,0,7.725723809,6.118175587,7.383418302,2.725788835,0,6.831472376,5.601432786,3.713175489,0,5.659085638,0,0,3.101578175,5.424438262,5.615185459,0,0,0,6.832050411,6.007227546,5.436175486,0,0,2.690070752,3.336697917,4.247257974,0,0,4.490880057,0,1.08063284,4.422530479,0,0,2.489400057,0,0,0,0,0,0,0,0,0,3.277857417,0,4.549205624,0,6.475499288,0,0,0,0,3.317466555,3.55793489,4.891327593,0,0,0,0,4.490880057,0,0,3.410125386,3.494921922,0,0,0,4.277448947,3.881234598,3.645582197,0,0,0,2.116724772,3.65947131,2.887430187,6.16766785,0,2.825872294,0,0,0,0,0,2.857124837,4.150797708,3.588012346,5.718886061,1.818231783,0,4.389847832,4.734826736,0,0,0,0,0,0,0,3.573086695,0,2.489400057,3.80073138,0,0,3.870123373,4.416078844,0,0,5.879424138,0,0,0,0,2.916844072,0,3.700017404,0,4.593534211,0,5.358560789,0,0,0,0,0,2.29365548,0,4.820464621,3.903093392,0,2.916844072,0,0,3.870123373,4.335226747,0,0,0,0,0,0,0,5.356035535,1.08063284,0,0,0,3.427669695,1.978574433,0,0,0,0,2.489400057,0,0,0,0,0,0,1.901613392,0,0,0,5.651587945,3.026542989,0,0,0,0,0,6.12170916,0,0,0,0,0,0,0,0,3.427669695,0,1.818231783,0,0,4.125155278,0,4.81613561,0,0,4.335226747,0,0,0,0,0,0,0,3.700017404,0,1.390787768,0,0,0,1.515950911,0,0,0,0,0,0,0,0,0,0,0,0,0,0,0,0,0,0,0,0,0,0,0,0,0,0,0,0,0,4.349164255,0,0,0,0,3.726162684,2.116724772,0,2.887430187,0,2.574557865,0,0,0,0,0,0,0,0,0,0,0,0,0,0,2.574557865,0,3.125388824,0,0,0,1.901613392,0,1.627176546,0,0,0,1.727260005,0,2.346299213,0,0.628647716,0,0,0,5.571310027,0,0,0,0,1.390787768,0,0,0,0,0,0,0,0,0,0,0,0,0,0,0,0,0,0,0,0,0,0,2.973197008,0,0,5.290738192,0,0,0,0,0,0,0,0,0,0,0,0,0,0,0,0,0,0,0,0,3.171373937,0,0,0,2.725788835,0,0,0,0,0,0,0,0,0,0,0,0,0,0,0,4.034595701,0,0,0,0,0,0,0,0,0,0,2.973197008,0,0,0,0,0,0,0,0,0,0,0,3.776487768,0,0,1.515950911,0,0,0,0,3.80073138,0,0,2.443937683,0,0,0,0,0,0,0,0,0,0,0,2.916844072
7.006784924,1.863890977,7.664099436,7.076822439,7.854170611,4.751334475,1.752665341,7.288377172,7.416238379,5.793650493,0,6.085717972,0,0,3.534572514,6.278919636,5.567140371,4.139807822,0,0,7.774402314,6.364285271,5.238420111,0,0,0,4.585878686,0,0,3.809801126,4.856988202,0,1.627502199,4.813854832,0,0,0,0,0,4.626562262,0,0,0,0,0,2.138327822,0,0,4.222756905,0,6.568668317,0,0,0,0,0,3.763639084,3.715242543,0,0,0,4.697104321,3.646839816,0,0,3.824726776,0,0,0,0,4.232657976,0,0,0,0,0,0,0,3.362103254,5.871224162,2.962503265,2.996989441,4.678353771,0,0,0,0,0,4.913413425,0,4.721570373,2.889743911,0,0,4.70327718,0,0,0,0,0,0,0,2.962503265,0,0,3.062586724,0,0,0,0,0,0,5.321369194,0,0,0,0,0,0,4.117949029,0,0,0,5.082766801,0,0,0,0,0,0,0,0,2.726114487,0,0,0,0,0,0,0,0,0,0,0,0,4.271310131,3.936731834,0,0,1.116676575,2.215288863,3.430311504,2.138327822,0,0,0,0,0,0,0,0,2.353439202,0,0,3.962877114,3.494162976,0,4.499181823,5.535517183,3.385360116,0,0,0,0,0,0,0,0,0,0,0,0,4.721570373,0,3.514571848,0,2.353439202,0,0,2.353439202,0,5.175202039,0,0,2.215288863,2.215288863,0,0,0,0,0,0,3.923398303,0,1.484401355,0,0,0,0,0,2.215288863,0,0,0,0,0,0,0,0,0,0,0,0,0,0,0,0,0,0,0,0,0,0,0,0,0,0,0,3.592280832,0,0,0,0,3.263257419,0,0,0,0,3.062586724,0,0,0,0,0,0,0,0,0,0,0,0,0,4.117949029,0,0,0,0,0,0,3.153558502,0,0,0,0,0,0,0,0,0,3.062586724,0,0,0,4.061115554,0,0,0,0,1.752665341,0,0,0,0,0,0,0,0,0,0,0,0,0,0,0,0,0,0,0,0,0,0,0,0,0,3.681625932,0,0,0,0,0,0,0,0,0,0,0,0,0,0,0,0,0,0,0,0,0,0,0,0,2.962503265,0,0,0,0,0,3.124144617,0,0,0,0,0,0,0,0,0,0,0,0,0,0,0,0,0,0,0,0,3.313901152,2.415959559,0,0,0,0,0,0,0,0,0,0,3.28889985,0,0,0,0,0,0,0,2.215288863,0,0,0,0,0,0,0,0,0,0,0,0,0,0,0
6.630511249,0,4.83984647,6.019679026,7.426771075,4.353517749,0,7.16600277,8.134872569,3.732442916,4.331934177,4.604041038,0,0,2.977842957,5.972870757,4.848561123,2.919855699,3.745601001,0,4.776619998,7.525771875,4.668406414,2.758214347,0,2.211670641,0,0,0,0,5.393505194,0,3.845061794,5.37060343,0,0,3.269039971,0,3.31028293,0,2.565310681,0,0,0,4.018467988,2.606983378,3.821108553,2.149150284,4.442010827,0,7.23535178,0,0,0,0,0,3.590360403,5.051988811,0,0,3.574975484,0,5.719137216,0,0,4.631365142,0,0,0,0,4.709124507,3.005622521,3.821108553,0,0,0,2.858297806,3.330283596,3.203799449,5.341880829,3.856826636,0,0,0,0,0,0,0,4.140113097,0,6.851095852,4.038173059,0,4.967066963,5.929667494,0,0,0,3.032651193,0,0,0,3.758588196,0,0,3.758588196,0,0,0,4.294892906,0,0,3.36912343,0,0,0,0,0,0,3.424693281,0,2.858297806,0,5.722763693,0,0,0,0,0,0,0,0,0,0,3.157814336,2.476363195,0,0,0,0,0,0,2.858297806,0,0,0,5.507507507,0,0,0,0,2.606983378,3.084610932,0,0,4.454955992,0,0,0,0,0,3.134003687,0,0,4.408895218,0,1.850657295,4.131263482,5.809397925,3.784067282,0,0,0,0,0,3.084610932,0,0,0,0,0,0,0,0,2.521825569,0,0,0,0,3.935518905,0,4.757795913,0,0,0,0,0,0,0,0,0,0,4.498988262,0,1.759685517,0,0,0,2.149150284,0,2.428735146,2.792700523,0,0,0,0,0,0,0,0,0,0,0,0,0,0,0,0,0,0,0,0,0,0,0,0,0,0,5.059043514,0,0,0,0,3.732442916,4.967066963,0,0,0,0,2.685454993,0,0,0,0,0,0,0,0,0,0,0,0,0,0,0,2.685454993,0,0,0,5.037728319,0,2.378724726,0,0,0,1.850657295,0,0,0,3.203799449,2.428735146,0,0,0,0,0,0,0,2.722496265,0,0,0,0,0,0,0,0,5.731772763,0,0,0,0,0,0,0,0,0,0,0,0,0,0,2.428735146,0,0,0,0,0,0,0,0,0,0,0,0,0,0,0,0,0,0,0,0,0,0,0,0,0,0,0,1.280112437,0,0,0,0,0,0,0,0,0,0,0,0,0,0,3.821108553,0,0,0,0,0,0,0,0,0,0,0,0,0,0,0,0,0,0,0,0,0,0,3.833156892,0,0,0,0,0,0,0,0,0,0,0,0,0,0,0,0,0,2.211670641,0,0,2.826036944,0,0
5.369064633,0,4.600867821,7.039349612,7.460530368,5.815574181,0,6.723430869,3.685775411,5.636805025,0,4.536489159,0,0,4.541591211,5.684987102,4.345433922,0,3.809528614,0,2.85824104,6.52390795,4.213228496,0,0,4.478578243,4.942806419,8.005018471,0,0,3.992731616,0,0,3.516541489,0,0,4.932532356,0,2.801888103,4.929084076,3.329955534,0,0,0,4.213228496,5.140064141,0,0,3.861086423,0,6.458738315,0,4.929084076,0,0,0,3.830471788,4.966376533,0,0,0,0,6.267171005,0,0,4.093234538,6.959638299,0,0,0,2.801888103,4.288093375,3.585061436,0,0,0,2.374444089,4.796292602,0,3.2773118,2.575114784,2.678655463,0,0,0,0,0,0,4.339222722,0,4.177253394,4.109045144,0,3.558214186,4.969698795,0,0,0,0,0,0,0,4.696831809,4.191799105,5.10302287,4.610414432,0,0,0,4.804151189,0,0,4.399664076,0,0,0,0,0,0,2.801888103,0,0,0,4.804151189,0,0,4.044245151,0,0,3.840781157,0,3.202510587,0,0,2.4179292,0,0,3.427594003,4.500026786,0,0,0,0,0,0,0,7.19669504,0,0,3.078641105,0,2.459601897,2.678655463,0,0,0,0,0,0,0,0,2.374444089,0,0,3.078641105,0,0,7.053484123,5.311840785,3.078641105,0,0,0,0,0,0,0,0,0,0,0,0,1.863618465,0,0,0,2.4179292,0,0,2.678655463,0,4.861200878,0,0,0,0,0,0,0,0,0,0,1.863618465,0,1.612304036,0,0,0,2.12312966,0,1.400994943,2.231343245,0,0,0,0,0,0,0,0,0,0,0,0,0,0,0,0,0,0,0,0,0,0,0,0,0,0,4.75193049,0,0,0,0,0,0,2.001768803,3.2773118,0,4.979599866,4.101171087,2.328981714,0,0,0,0,0,0,0,0,0,0,0,2.374444089,0,0,3.240610433,0,0,0,0,0,2.772474218,0,0,0,2.178699511,0,0,0,4.800229615,2.538073512,0,0,4.956343004,0,0,0,0,1.2758318,0,0,0,0,0,0,0,0,4.198993381,0,0,0,0,0,0,0,0,0,1.132730956,0,0,0,1.863618465,0,0,0,3.624027404,0,0,0,0,0,0,0,0,0,0,0,0,0,0,0,0,0,0,0,2.328981714,0,0,0,3.346905092,0,0,0,0,0,0,0,0,0,0,0,0,0,0,0,0,0,0,0,0,0,0,0,0,0,0,3.809528614,3.871086507,0,0,0,0,0,4.109045144,0,0,0,0,2.885269712,0,0,0,0,0,0,0,0,0,0,1.863618465,0,0,0,0,0,0,0,0,0,4.116857684,0,3.544515341
0,8.31999712,0,0,0,0,10.04707168,0,0,2.084339401,0,0,0,0,4.080893283,0,0,0,0,0,0,0,0,0,0,0,0,0,0,0,0,5.94219417,0,0,0,0,0,7.590040418,0,0,0,0,0,0,0,0,0,0,0,0,0,5.250964535,0,0,0,0,0,0,0,0,0,0,0,0,0,0,0,0,0,0,0,0,0,0,0,0,0,0,0,0,0,0,0,0,0,0,0,0,0,0,0,0,0,0,0,0,0,0,0,0,0,0,0,0,0,0,0,0,0,0,0,0,0,0,0,0,0,0,0,0,0,0,0,0,0,0,3.447644244,0,0,7.105225011,0,0,0,0,0,0,0,0,0,6.104809064,0,0,0,0,5.934487002,0,0,0,0,0,0,0,0,0,0,0,0,0,0,0,0,0,5.811127519,0,5.709891721,0,0,0,0,0,0,7.287846463,0,0,0,0,0,0,0,0,0,0,0,0,0,0,0,4.884941159,0,0,0,0,0,0,0,0,0,5.084606829,0,0,0,0,0,0,0,0,0,0,0,4.906799953,0,0,0,0,0,0,0,0,0,0,0,0,0,0,0,0,0,0,0,0,0,0,0,0,0,0,0,0,0,0,0,0,0,0,0,0,0,0,0,0,0,0,0,0,0,0,0,0,0,0,0,0,0,0,0,0,0,0,0,0,0,0,0,0,0,0,0,6.372305075,0,3.949124005,0,0,0,0,0,0,0,0,0,0,0,0,0,0,0,0,0,0,0,0,0,0,0,0,0,5.154504269,0,4.395974329,0,0,0,0,0,0,0,0,0,0,0,0,0,0,0,0,0,0,0,0,0,0,0,0,0,0,0,0,0,0,0,0,0,0,0,0,0,0,0,0,0,0,0,0,0,0,0,0,0,0,0,0,0,0,0,0,0,0,0,0,0,0,0,0,0,0,0,0,0,0,0,0,0,0,0,0,0,0,0,0,0,0,0,0,0,0,0,0,0,0,0,0,0,0
0,8.335496812,0,0,0,0,9.917212026,0,0,0,0,0,0,0,5.670426715,0,0,0,0,0,0,0,0,0,0,0,0,0,0,0,0,6.21723823,0,0,0,0,0,7.350586283,0,0,0,0,0,0,0,0,0,0,0,0,0,5.808084442,0,0,0,0,0,0,0,0,0,0,0,0,0,0,0,0,0,0,0,0,0,0,0,0,0,0,0,0,0,0,0,0,0,0,0,0,0,0,0,0,0,0,0,0,0,0,0,0,0,0,0,0,0,0,7.149599432,0,0,0,0,0,0,0,0,0,0,0,0,0,0,0,0,0,0,0,1.89384168,0,0,6.333875134,0,0,0,0,0,0,0,0,0,0,0,0,0,0,6.28554358,0,0,0,0,0,0,0,0,0,0,0,0,0,0,0,0,0,6.162761827,0,5.748706272,0,0,0,0,0,0,7.094791196,0,0,0,0,0,0,0,0,0,0,0,0,0,0,5.085688833,0,0,0,0,0,0,0,0,0,0,5.130339106,0,0,0,0,0,0,0,0,0,0,0,5.197875313,0,0,0,0,0,0,0,0,0,0,0,0,0,0,0,0,0,0,0,0,0,0,0,0,0,0,0,0,0,0,0,0,0,0,0,0,0,0,0,0,0,0,0,0,0,0,0,0,0,0,0,0,0,0,0,0,0,0,0,0,0,0,0,0,0,0,0,5.461808206,0,0,0,0,0,0,0,0,0,0,0,0,0,0,0,0,0,0,0,0,0,0,0,0,0,0,0,4.814610915,0,6.537163632,0,0,0,0,0,0,0,0,0,0,0,0,0,0,0,0,0,0,0,0,0,0,0,0,0,0,0,0,0,0,0,0,0,0,0,0,0,0,0,0,0,0,0,0,0,0,0,0,0,0,0,0,0,0,0,0,0,0,0,0,0,0,0,0,0,0,0,0,0,0,0,0,0,0,0,0,0,0,0,0,0,0,0,0,0,0,0,0,0,0,0,0,0,0
0,8.687629491,0,0,0,0,9.870381502,0,0,0,0,0,0,0,5.701172717,0,0,0,0,0,0,0,0,0,0,0,0,0,0,0,0,6.783668621,0,0,0,0,0,7.674120673,0,0,0,0,0,0,0,0,0,0,0,0,0,4.941086053,0,0,0,0,0,0,0,0,0,0,0,0,0,0,0,0,0,0,0,0,0,0,0,0,0,0,0,0,0,0,0,0,0,0,0,0,0,0,0,0,0,0,0,0,0,0,0,0,0,0,0,0,0,0,0,0,0,0,0,0,0,0,0,0,0,0,0,0,0,0,0,0,0,0,3.67541968,0,0,7.324896586,0,0,0,0,0,0,0,0,0,6.328661645,4.011891917,0,0,0,6.008445798,0,0,0,0,0,0,0,0,0,0,0,0,0,0,0,0,0,6.540214596,0,5.743432526,0,0,0,0,0,0,0,0,0,0,0,0,0,0,0,0,0,0,0,0,0,0,6.650021172,0,0,0,0,0,0,0,0,0,5.270205316,0,0,0,0,0,0,0,0,0,0,0,3.035382325,0,0,0,0,0,0,0,0,0,0,0,0,0,0,0,0,0,0,0,0,0,0,0,0,0,0,0,0,0,0,0,0,0,0,0,0,0,0,0,0,0,0,0,0,0,0,0,0,0,0,0,0,0,0,0,0,0,0,0,0,0,6.237567915,0,0,0,0,0,3.930766372,0,3.381658561,0,0,0,0,0,0,0,0,0,0,0,0,0,0,0,0,0,0,0,0,0,0,0,0,0,5.284857592,0,0,0,0,0,0,0,0,0,0,0,0,0,0,0,0,0,0,0,0,0,0,0,0,0,0,0,0,0,0,0,0,0,0,0,0,0,0,0,0,0,0,0,0,0,0,0,0,0,0,0,0,0,0,0,0,0,0,0,0,0,0,0,0,0,0,0,0,0,0,0,0,0,0,0,0,0,0,0,0,0,0,0,0,0,0,0,0,0,0,0,0,5.334513183,0,0,3.711137763
0,8.772796402,0,0,0,0,9.896930411,0,0,0,0,0,0,0,5.970608648,0,0,0,0,0,0,0,0,0,0,0,0,0,0,0,0,6.617586537,0,0,0,0,0,7.347187458,0,0,0,0,0,0,0,0,0,0,0,0,0,6.091864264,0,0,0,0,0,0,0,0,0,0,0,0,0,0,0,0,0,0,0,0,0,0,0,0,0,0,0,0,0,0,0,0,0,0,0,0,0,0,0,0,0,0,0,0,0,0,0,0,0,0,0,0,0,0,0,0,0,0,0,0,0,0,3.878191948,0,0,0,0,0,0,0,0,0,0,0,2.071394601,0,0,7.449614806,0,0,0,0,0,0,0,0,0,6.020888538,0,0,0,0,5.297516835,0,0,0,0,0,0,0,0,0,0,0,0,0,0,0,0,0,5.905947345,0,5.325988509,0,0,0,0,0,0,0,0,0,0,0,0,0,0,0,0,0,0,0,0,0,0,5.98159777,0,0,0,0,0,0,0,0,0,5.297516835,0,0,0,0,0,0,0,0,0,0,0,1.870723906,0,0,0,0,0,0,0,0,0,0,0,0,0,0,0,0,0,0,0,0,0,0,0,0,0,0,0,0,0,0,0,0,0,0,0,0,0,0,0,0,0,0,0,0,0,0,0,0,0,0,0,0,0,0,0,0,0,0,0,0,0,3.907605833,0,0,0,0,0,6.155076458,0,5.198952268,0,0,0,0,0,0,0,0,0,0,0,0,0,0,0,0,0,0,0,0,0,0,0,0,0,5.025357462,0,5.07166203,0,0,0,0,0,0,0,0,0,0,0,0,0,0,0,0,0,0,0,0,0,0,0,0,0,0,0,0,0,0,0,0,0,0,0,0,0,0,0,0,0,0,0,0,0,0,0,0,0,0,0,0,0,0,0,0,0,0,0,0,0,0,0,0,0,0,0,0,0,0,0,0,0,0,0,0,0,0,0,0,0,0,0,0,0,0,4.915246343,0,0,0,0,0,0,0
0,8.098887203,0,0,0,0,9.240581752,0,0,0,0,0,0,0,5.566422296,0,0,0,0,0,0,0,0,0,0,0,0,0,0,0,0,6.40257798,0,0,0,0,0,7.335299609,0,0,0,0,0,0,0,0,0,0,0,0,0,5.287016133,0,0,0,0,0,0,0,0,0,0,0,0,0,0,0,0,0,0,0,0,0,0,0,0,0,0,0,0,0,0,0,0,0,0,0,0,0,0,0,0,0,0,0,0,0,0,0,0,0,0,0,0,0,0,0,0,0,0,0,0,0,0,0,0,0,0,0,0,0,0,0,0,0,0,3.174051899,0,0,6.694154021,0,0,0,0,0,0,0,0,0,5.797841756,0,0,0,0,5.186932674,0,0,0,0,0,0,0,0,0,0,0,0,0,0,0,0,0,0,0,5.46136952,0,0,0,0,0,0,6.834500702,0,0,0,0,0,0,0,0,0,0,0,0,0,0,0,6.168267872,0,0,0,0,0,0,0,0,0,5.057441691,0,0,0,0,0,0,0,0,0,0,0,3.341105984,0,0,0,0,0,0,0,0,0,0,0,0,0,0,0,0,0,0,0,0,0,0,0,0,0,0,0,0,0,0,0,0,0,0,0,0,0,0,0,0,0,0,0,0,0,0,0,0,0,0,0,0,0,0,0,0,0,0,0,0,0,6.26095356,0,0,0,0,0,6.024933547,0,5.242064745,0,0,0,0,0,0,0,0,0,0,0,0,0,0,0,0,0,0,0,0,0,0,0,0,0,4.640388968,0,6.414511295,0,0,0,0,0,0,0,0,0,0,0,0,0,0,0,0,0,0,0,0,0,0,0,0,0,0,0,0,0,0,0,0,0,0,0,0,0,0,0,0,0,0,0,0,0,0,0,0,0,0,0,0,0,0,0,0,0,0,0,0,0,0,0,0,0,0,0,0,0,0,0,0,0,0,0,0,0,0,0,0,0,0,0,0,0,0,0,0,0,0,4.626304228,0,0,0
0,9.012033928,0,0,0,0,9.485154086,0,0,0,0,0,0,0,5.467469072,0,0,0,0,0,0,0,0,0,0,0,0,0,0,0,0,7.477230693,0,0,0,0,0,7.353605885,0,0,0,0,0,0,0,0,0,0,0,0,0,7.164072196,0,0,0,0,0,0,0,0,0,0,0,0,0,0,0,0,0,0,0,0,0,0,0,0,0,0,0,0,0,0,0,0,0,0,0,0,0,0,0,0,0,0,0,0,0,0,0,0,0,0,0,0,0,0,7.501671828,0,0,0,0,0,0,0,0,0,0,0,0,0,0,0,0,0,0,0,0,0,0,6.515597455,0,0,0,0,0,0,0,0,0,6.013364795,0,0,0,0,5.176705333,0,0,0,0,0,0,0,0,0,0,0,0,0,0,0,0,0,5.726276723,0,5.356967157,0,0,0,0,0,0,6.800849393,0,0,0,0,0,0,0,0,0,0,0,0,0,0,0,5.912154893,0,0,0,0,0,0,0,0,0,4.893130042,0,0,0,0,0,0,0,0,0,0,0,2.628082869,0,0,0,0,0,0,0,0,0,0,0,0,0,0,0,0,0,0,0,0,0,0,0,0,0,0,0,0,0,0,0,0,0,0,0,0,0,0,0,0,0,0,0,0,0,0,0,0,0,0,0,0,0,0,0,0,0,0,0,0,0,5.962165314,0,0,0,0,0,3.826778616,0,3.761181333,0,0,0,0,0,0,0,0,0,0,0,0,0,0,0,0,0,0,0,0,0,0,0,0,0,4.813542604,0,0,0,0,0,0,0,0,0,0,0,0,0,0,0,0,0,0,0,0,0,0,0,0,0,0,0,0,0,0,0,0,0,0,0,0,0,0,0,0,0,0,0,0,0,0,0,0,0,0,0,0,0,0,0,0,0,0,0,0,0,0,0,0,0,0,0,0,0,0,0,0,0,0,0,0,0,0,0,0,0,0,0,0,0,0,0,0,0,0,0,0,0,0,0,0
0,8.422177395,0,0,0,0,9.530579287,0,0,0,0,0,0,0,4.762543098,0,0,0,0,0,0,0,0,0,0,0,0,0,0,0,0,6.039576921,0,0,0,0,0,7.256432635,0,0,0,0,0,0,0,0,0,0,0,0,0,5.465199066,0,0,0,0,0,0,0,0,0,0,0,0,0,0,0,0,0,0,0,0,0,0,0,0,0,0,0,0,0,0,0,0,0,0,0,0,0,0,0,0,0,0,0,0,0,0,0,0,0,0,0,0,0,0,0,0,0,0,0,0,0,0,0,0,0,0,0,0,0,0,0,0,0,0,0,0,0,6.69747418,0,0,0,0,0,0,0,0,0,6.137628374,0,0,0,0,5.247560838,0,0,0,0,0,0,0,0,0,0,0,0,0,0,0,0,0,5.922903394,0,5.452500483,0,0,0,0,0,0,5.439638569,0,0,0,0,0,0,0,0,0,0,0,0,0,0,0,6.680776204,0,0,0,0,0,0,0,0,0,5.315769088,0,0,0,0,0,0,0,0,0,0,0,4.847960849,0,0,0,0,0,0,0,0,0,0,0,0,0,0,0,0,0,0,0,0,0,0,0,0,0,0,0,0,0,0,0,0,0,0,0,0,0,0,0,0,0,0,0,0,0,0,0,0,0,0,0,0,0,0,0,0,0,0,0,0,0,5.165882807,0,0,0,0,0,0,0,4.566109697,0,0,0,0,0,0,0,0,0,0,0,0,0,0,0,0,0,0,0,0,0,0,0,0,0,4.787701658,0,0,0,0,0,0,0,0,0,0,0,0,0,0,0,0,0,0,0,0,0,0,0,0,0,0,0,0,0,0,0,0,0,0,0,0,0,0,0,0,0,0,0,0,0,0,0,0,0,0,0,0,0,0,0,0,0,0,0,0,0,0,0,0,0,0,0,0,0,0,0,0,0,0,0,0,0,0,0,0,0,0,0,0,0,0,0,0,0,0,0,0,4.749722409,0,0,0
0,8.876637206,0,0,0,0,9.394086188,0,0,0,0,0,0,0,5.953434349,0,0,0,0,0,0,0,0,0,0,0,0,0,0,0,0,6.880796009,0,0,0,0,0,7.394351389,0,0,0,0,0,0,0,0,0,0,0,0,0,6.95115469,0,0,0,0,0,0,0,0,0,0,0,0,0,0,0,0,0,0,0,0,0,0,0,0,0,0,0,0,0,0,0,0,0,0,0,0,0,0,0,0,0,0,0,0,0,0,0,0,0,0,0,0,0,0,0,0,0,0,0,0,0,0,0,0,0,0,0,0,0,0,0,0,0,0,1.894908884,0,0,6.455778812,0,0,0,0,0,0,0,0,0,0,0,0,0,0,5.104856079,0,0,0,0,0,0,0,0,0,0,0,0,0,0,0,0,0,6.230018599,0,5.277414133,0,0,0,3.902376926,0,0,0,0,0,0,0,0,0,0,0,0,0,0,0,0,0,0,6.334942338,0,0,0,0,0,0,0,0,0,5.629929495,0,0,0,0,0,0,0,0,0,0,0,6.600427044,0,0,0,0,0,0,0,0,0,0,0,0,0,0,0,0,0,0,0,0,0,0,0,0,0,0,0,0,0,0,0,0,0,0,0,0,0,0,0,0,0,0,0,0,0,0,0,0,0,0,0,0,0,0,0,0,0,0,0,0,0,0,0,0,0,0,0,5.231073796,3.30860222,4.602959086,0,0,0,0,0,0,0,0,0,0,0,0,0,0,0,0,0,0,0,0,0,0,0,0,0,5.000989215,0,4.459858242,0,0,0,0,0,0,0,0,0,0,0,0,0,0,0,0,0,0,0,0,0,0,0,0,0,0,0,0,0,0,0,0,0,0,0,0,0,0,0,0,0,0,0,0,0,0,0,0,0,0,0,0,0,0,0,0,0,0,0,0,0,0,0,0,0,0,0,0,0,0,0,0,0,0,0,0,0,0,0,0,0,0,0,0,0,0,0,0,0,0,0,0,0,0
0,9.497198064,0,0,0,0,9.761271379,0,0,0,0,0,0,0,5.932172859,0,0,0,0,0,0,0,0,0,0,0,0,0,0,0,0,7.511328954,0,0,0,0,0,7.520744481,0,0,0,0,0,0,0,0,0,0,0,0,0,6.084409662,0,0,0,0,0,0,0,0,0,0,0,0,0,0,0,0,0,0,0,0,0,0,0,0,0,0,0,0,0,0,0,0,0,0,0,0,0,0,0,0,0,0,0,0,0,0,0,0,0,0,0,0,0,0,0,0,0,0,0,0,0,0,0,0,0,0,0,0,0,0,0,0,0,0,4.067040549,0,0,6.663768282,0,0,0,0,0,0,0,0,0,5.805989438,0,0,0,0,5.061663124,0,0,0,0,0,0,0,0,0,0,0,0,0,0,0,0,0,6.304593172,0,5.555913783,0,0,0,0,0,0,0,0,7.711426152,0,0,0,0,0,0,0,0,0,0,0,0,0,5.856740286,0,0,0,0,0,0,0,0,0,5.303803176,0,0,0,0,0,0,0,0,0,0,0,2.505804739,0,0,0,0,0,0,0,0,0,0,0,0,0,0,0,0,0,0,0,0,0,0,0,0,0,0,0,0,0,0,0,0,0,0,0,0,0,0,0,0,0,0,0,0,0,0,0,0,0,0,0,0,0,0,0,0,0,0,0,0,0,5.318038292,0,0,0,0,0,0,0,3.906697899,0,0,0,0,0,0,0,0,0,0,0,0,0,0,0,0,0,0,0,0,0,0,0,0,0,5.132176909,0,0,0,0,0,0,0,0,0,0,0,0,0,0,0,0,0,0,0,0,0,0,0,0,0,0,0,0,0,0,0,0,0,0,0,0,0,0,0,0,0,0,0,0,0,0,0,0,0,0,0,0,0,0,0,0,0,0,0,0,0,0,0,0,0,0,0,0,0,0,0,0,0,0,0,0,0,0,0,0,0,0,0,0,0,0,0,0,0,0,0,0,4.649325137,0,0,4.59257232
0,8.390884514,0,0,0,0,9.999276299,0,0,0,0,0,0,0,5.670340315,0,0,0,0,0,0,0,0,0,0,0,0,0,0,0,0,6.008229484,0,0,0,0,0,7.984029779,0,0,0,0,0,0,0,0,0,0,0,0,0,0,0,0,0,0,0,0,0,0,0,0,0,0,0,0,0,0,0,0,0,0,0,0,0,0,0,0,0,0,0,0,0,0,0,0,0,0,0,0,0,0,0,0,0,0,0,0,0,0,0,0,0,0,0,0,0,0,0,0,0,0,0,0,0,0,0,0,0,0,0,0,0,0,0,0,0,0,0,7.100924596,0,0,0,0,0,0,0,0,0,6.174193799,0,0,0,0,4.765153954,0,0,0,0,0,0,0,0,0,0,0,0,0,0,0,0,0,5.891993923,0,5.957401848,0,0,0,0,0,0,0,0,8.380043409,0,0,0,0,0,0,0,0,0,0,0,0,3.167911315,6.89177759,0,0,0,0,0,0,0,0,0,5.358379109,0,0,0,0,0,0,0,0,0,0,0,5.485534285,0,0,0,0,0,0,0,0,0,0,0,0,0,0,0,0,0,0,0,0,0,0,0,0,0,0,0,0,0,0,0,0,0,0,0,0,0,0,0,0,0,0,0,0,0,0,0,0,0,0,0,0,0,0,0,0,0,0,0,0,0,6.533115094,0,0,0,0,0,4.450527246,3.226751815,4.204003246,0,0,0,0,0,0,0,0,0,0,0,0,0,0,0,0,0,0,0,0,0,0,0,0,0,5.087504155,0,0,0,0,0,0,0,0,0,0,0,0,0,0,0,0,0,0,0,0,0,0,0,0,0,0,0,0,0,0,0,0,0,0,0,0,0,0,0,0,0,0,0,0,0,0,0,0,0,0,0,0,0,0,0,0,0,0,0,0,0,0,0,0,0,0,0,0,0,0,0,0,0,0,0,0,0,0,0,0,0,0,0,0,0,0,0,0,0,0,0,0,4.467194299,0,0,0
0,8.791793475,0,0,0,0,9.904786931,0,0,0,0,0,0,0,5.918133442,0,0,0,0,0,0,0,0,0,0,0,0,0,0,0,0,7.266669435,0,0,0,0,0,7.532810887,0,0,0,0,0,0,0,0,0,0,0,0,0,7.384181827,0,0,0,0,0,0,0,0,0,0,0,0,0,0,0,0,0,0,0,0,0,0,0,0,0,0,0,0,0,0,0,0,0,0,0,0,0,0,0,0,0,0,0,0,0,0,0,0,0,0,0,0,0,0,0,0,0,0,0,0,0,0,0,0,0,0,0,0,0,0,0,0,0,0,3.609903931,0,0,7.2054053,0,0,0,0,0,0,0,0,0,5.815479288,0,0,0,0,5.028683747,0,0,0,0,0,0,0,0,0,0,0,0,0,0,0,0,0,5.099197532,0,5.815479288,0,0,0,0,0,0,6.548366797,0,6.948154815,0,0,0,0,0,0,0,0,0,0,0,0,0,6.225783672,0,0,0,0,0,0,0,0,0,6.014636837,0,0,0,0,0,0,0,0,0,0,0,3.682663285,0,0,0,0,0,0,0,0,0,0,0,0,0,0,0,0,0,0,0,0,0,0,0,0,0,0,0,0,0,0,0,0,0,0,0,0,0,0,0,0,0,0,0,0,0,0,0,0,0,0,0,0,0,0,0,0,0,0,0,0,0,5.299094233,0,0,0,0,0,4.695857823,3.194960079,4.972330811,0,0,0,0,0,0,0,0,0,0,0,0,0,0,0,0,0,0,0,0,0,0,0,0,0,4.962621997,0,0,0,0,0,0,0,0,0,0,0,0,0,0,0,0,0,0,0,0,0,0,0,0,0,0,0,0,0,0,0,0,0,0,0,0,0,0,0,0,0,0,0,0,0,0,0,0,0,0,0,0,0,0,0,0,0,0,0,0,0,0,0,0,0,0,0,0,0,0,0,0,0,0,0,0,0,0,0,0,0,0,0,0,0,0,0,0,0,0,0,0,4.670049939,0,0,0
0,8.398878795,0,0,0,0,9.816502681,0,0,0,0,0,0,0,4.824128346,0,0,0,0,0,0,0,0,0,0,0,0,0,0,0,0,6.48913611,0,0,0,0,0,7.658685325,0,0,0,0,0,0,0,0,0,0,0,0,0,4.922032561,0,0,0,0,0,0,0,0,0,0,0,0,0,0,0,0,0,0,0,0,0,0,0,0,0,0,0,0,0,0,0,0,0,0,0,0,0,0,0,0,0,0,0,0,0,0,0,0,0,0,0,0,0,0,0,0,0,0,0,0,0,0,0,0,0,0,0,0,0,0,0,0,0,0,2.878218197,0,0,6.330108693,0,0,0,0,0,0,0,0,0,5.985491845,0,0,0,0,4.593816305,0,0,0,0,0,0,0,0,0,0,0,0,0,0,0,0,0,6.191676664,0,5.318824588,0,0,0,8.163044973,0,0,0,0,0,0,0,0,0,0,0,0,0,0,0,0,0,0,6.738526767,0,0,0,0,0,0,0,0,0,5.184795311,0,0,0,0,0,0,0,0,0,0,0,2.70386481,0,0,0,0,0,0,0,0,0,0,0,0,0,0,0,0,0,0,0,0,0,0,0,0,0,0,0,0,0,0,0,0,0,0,0,0,0,0,0,0,0,0,0,0,0,0,0,0,0,0,0,0,0,0,0,0,0,0,0,0,0,4.952647197,0,0,0,0,0,4.952647197,3.026638202,4.835492105,0,0,0,0,0,0,0,0,0,0,0,0,0,0,0,0,0,0,0,0,0,0,0,0,0,4.857839403,0,5.692428594,0,0,0,0,0,0,0,0,0,0,0,0,0,0,0,0,0,0,0,0,0,0,0,0,0,0,0,0,0,0,0,0,0,0,0,0,0,0,0,0,0,0,0,0,0,0,0,0,0,0,0,0,0,0,0,0,0,0,0,0,0,0,0,0,0,0,0,0,0,0,0,0,0,0,0,0,0,0,0,0,0,0,0,0,0,0,0,0,0,0,0,0,0,4.593816305